$MeshFormat
2.2 0 8
$EndMeshFormat
$Nodes
3510
1 0 0 0
2 4.5 0 0
3 9 0 0
4 0 2 0
5 4.5 2 0
6 9 2 0
7 0 1.919999999999667 0
8 0 1.839999999999334 0
9 0 1.759999999999016 0
10 0 1.679999999999444 0
11 0 1.599999999999999 0
12 0 1.520000000000554 0
13 0 1.44000000000111 0
14 0 1.360000000001665 0
15 0 1.28000000000222 0
16 0 1.200000000002774 0
17 0 1.120000000003329 0
18 0 1.040000000003884 0
19 0 0.9600000000039948 0
20 0 0.8800000000036619 0
21 0 0.8000000000033289 0
22 0 0.720000000002996 0
23 0 0.6400000000026631 0
24 0 0.5600000000023302 0
25 0 0.4800000000019975 0
26 0 0.4000000000016644 0
27 0 0.3200000000013317 0
28 0 0.2400000000009987 0
29 0 0.1600000000006658 0
30 0 0.08000000000033292 0
31 4.5 0.07999999999984372 0
32 4.5 0.1599999999996904 0
33 4.5 0.2399999999995663 0
34 4.5 0.319999999999349 0
35 4.5 0.3999999999991157 0
36 4.5 0.4799999999988826 0
37 4.5 0.5599999999986495 0
38 4.5 0.6399999999984163 0
39 4.5 0.719999999998183 0
40 4.5 0.7999999999979498 0
41 4.5 0.8799999999977167 0
42 4.5 0.9599999999974835 0
43 4.5 1.039999999997472 0
44 4.5 1.119999999997683 0
45 4.5 1.199999999997894 0
46 4.5 1.279999999998104 0
47 4.5 1.359999999998315 0
48 4.5 1.439999999998526 0
49 4.5 1.519999999998736 0
50 4.5 1.599999999998947 0
51 4.5 1.679999999999158 0
52 4.5 1.759999999999368 0
53 4.5 1.839999999999579 0
54 4.5 1.919999999999789 0
55 9 1.919999999999667 0
56 9 1.839999999999334 0
57 9 1.759999999999016 0
58 9 1.679999999999444 0
59 9 1.599999999999999 0
60 9 1.520000000000554 0
61 9 1.44000000000111 0
62 9 1.360000000001665 0
63 9 1.28000000000222 0
64 9 1.200000000002774 0
65 9 1.120000000003329 0
66 9 1.040000000003884 0
67 9 0.9600000000039948 0
68 9 0.8800000000036619 0
69 9 0.8000000000033289 0
70 9 0.720000000002996 0
71 9 0.6400000000026631 0
72 9 0.5600000000023302 0
73 9 0.4800000000019975 0
74 9 0.4000000000016644 0
75 9 0.3200000000013317 0
76 9 0.2400000000009987 0
77 9 0.1600000000006658 0
78 9 0.08000000000033292 0
79 0.07894736842086073 0 0
80 0.157894736841712 0 0
81 0.2368421052625444 0 0
82 0.3157894736834168 0 0
83 0.3947368421043437 0 0
84 0.4736842105252707 0 0
85 0.5526315789461822 0 0
86 0.6315789473669543 0 0
87 0.7105263157876867 0 0
88 0.7894736842084189 0 0
89 0.8684210526291513 0 0
90 0.9473684210498832 0 0
91 1.026315789470615 0 0
92 1.105263157891348 0 0
93 1.18421052631208 0 0
94 1.263157894732812 0 0
95 1.342105263153545 0 0
96 1.421052631574277 0 0
97 1.499999999995009 0 0
98 1.578947368415741 0 0
99 1.657894736836474 0 0
100 1.736842105257206 0 0
101 1.815789473677938 0 0
102 1.89473684209867 0 0
103 1.973684210519402 0 0
104 2.052631578940135 0 0
105 2.131578947360867 0 0
106 2.210526315781599 0 0
107 2.289473684202721 0 0
108 2.368421052624233 0 0
109 2.447368421045744 0 0
110 2.526315789467256 0 0
111 2.605263157888767 0 0
112 2.684210526310277 0 0
113 2.763157894731788 0 0
114 2.842105263153299 0 0
115 2.92105263157481 0 0
116 2.999999999996321 0 0
117 3.078947368417832 0 0
118 3.157894736839343 0 0
119 3.236842105260854 0 0
120 3.315789473682365 0 0
121 3.394736842103876 0 0
122 3.473684210525386 0 0
123 3.552631578946897 0 0
124 3.631578947368408 0 0
125 3.710526315789919 0 0
126 3.789473684211429 0 0
127 3.86842105263294 0 0
128 3.947368421054451 0 0
129 4.026315789475607 0 0
130 4.105263157896339 0 0
131 4.184210526317071 0 0
132 4.263157894737803 0 0
133 4.342105263158536 0 0
134 4.421052631579268 0 0
135 8.921052631578947 0 0
136 8.842105263157896 0 0
137 8.763157894736842 0 0
138 8.684210526315789 0 0
139 8.605263157894736 0 0
140 8.526315789473685 0 0
141 8.447368421052632 0 0
142 8.368421052631579 0 0
143 8.289473684210526 0 0
144 8.210526315789474 0 0
145 8.131578947368421 0 0
146 8.052631578947368 0 0
147 7.973684210526316 0 0
148 7.894736842105264 0 0
149 7.815789473684211 0 0
150 7.736842105263158 0 0
151 7.657894736842105 0 0
152 7.578947368421053 0 0
153 7.5 0 0
154 7.421052631578947 0 0
155 7.342105263157895 0 0
156 7.263157894736842 0 0
157 7.184210526315789 0 0
158 7.105263157894737 0 0
159 7.026315789473684 0 0
160 6.947368421052632 0 0
161 6.868421052631579 0 0
162 6.789473684210527 0 0
163 6.710526315789474 0 0
164 6.631578947368421 0 0
165 6.552631578947368 0 0
166 6.473684210526316 0 0
167 6.394736842105264 0 0
168 6.315789473684211 0 0
169 6.236842105263158 0 0
170 6.157894736842105 0 0
171 6.078947368421053 0 0
172 6 0 0
173 5.921052631578947 0 0
174 5.842105263157895 0 0
175 5.763157894736842 0 0
176 5.684210526315789 0 0
177 5.605263157894737 0 0
178 5.526315789473685 0 0
179 5.447368421052632 0 0
180 5.368421052631579 0 0
181 5.289473684210526 0 0
182 5.210526315789474 0 0
183 5.131578947368421 0 0
184 5.052631578947368 0 0
185 4.973684210526316 0 0
186 4.894736842105263 0 0
187 4.815789473684211 0 0
188 4.736842105263158 0 0
189 4.657894736842105 0 0
190 4.578947368421053 0 0
191 4.421052631579249 2 0
192 4.342105263158497 2 0
193 4.263157894737746 2 0
194 4.184210526316994 2 0
195 4.105263157896243 2 0
196 4.026315789475492 2 0
197 3.94736842105474 2 0
198 3.868421052633988 2 0
199 3.789473684213237 2 0
200 3.710526315792485 2 0
201 3.631578947371734 2 0
202 3.552631578950982 2 0
203 3.473684210530231 2 0
204 3.394736842109479 2 0
205 3.315789473688728 2 0
206 3.236842105267976 2 0
207 3.157894736847225 2 0
208 3.078947368426474 2 0
209 3.000000000005722 2 0
210 2.921052631584971 2 0
211 2.842105263164219 2 0
212 2.763157894743467 2 0
213 2.684210526322716 2 0
214 2.605263157901965 2 0
215 2.526315789481213 2 0
216 2.447368421060462 2 0
217 2.36842105263971 2 0
218 2.289473684218959 2 0
219 2.210526315797817 2 0
220 2.131578947376287 2 0
221 2.052631578954756 2 0
222 1.973684210533226 2 0
223 1.894736842111695 2 0
224 1.815789473690165 2 0
225 1.736842105268635 2 0
226 1.657894736847105 2 0
227 1.578947368425574 2 0
228 1.500000000004044 2 0
229 1.421052631582514 2 0
230 1.342105263160985 2 0
231 1.263157894739455 2 0
232 1.184210526317924 2 0
233 1.105263157896394 2 0
234 1.026315789474864 2 0
235 0.9473684210533335 2 0
236 0.8684210526318035 2 0
237 0.7894736842102734 2 0
238 0.7105263157887429 2 0
239 0.6315789473672129 2 0
240 0.5526315789456824 2 0
241 0.4736842105245085 2 0
242 0.3947368421037574 2 0
243 0.3157894736830062 2 0
244 0.2368421052622542 2 0
245 0.1578947368415031 2 0
246 0.07894736842075112 2 0
247 4.578947368421052 2 0
248 4.657894736842105 2 0
249 4.736842105263158 2 0
250 4.815789473684211 2 0
251 4.894736842105263 2 0
252 4.973684210526316 2 0
253 5.052631578947368 2 0
254 5.131578947368421 2 0
255 5.210526315789473 2 0
256 5.289473684210527 2 0
257 5.368421052631579 2 0
258 5.447368421052632 2 0
259 5.526315789473684 2 0
260 5.605263157894736 2 0
261 5.684210526315789 2 0
262 5.763157894736842 2 0
263 5.842105263157895 2 0
264 5.921052631578947 2 0
265 6 2 0
266 6.078947368421053 2 0
267 6.157894736842105 2 0
268 6.236842105263158 2 0
269 6.315789473684211 2 0
270 6.394736842105263 2 0
271 6.473684210526316 2 0
272 6.552631578947368 2 0
273 6.631578947368421 2 0
274 6.710526315789473 2 0
275 6.789473684210526 2 0
276 6.868421052631579 2 0
277 6.947368421052632 2 0
278 7.026315789473684 2 0
279 7.105263157894736 2 0
280 7.184210526315789 2 0
281 7.263157894736842 2 0
282 7.342105263157895 2 0
283 7.421052631578947 2 0
284 7.5 2 0
285 7.578947368421053 2 0
286 7.657894736842105 2 0
287 7.736842105263158 2 0
288 7.815789473684211 2 0
289 7.894736842105263 2 0
290 7.973684210526315 2 0
291 8.052631578947368 2 0
292 8.131578947368421 2 0
293 8.210526315789474 2 0
294 8.289473684210526 2 0
295 8.368421052631579 2 0
296 8.447368421052632 2 0
297 8.526315789473685 2 0
298 8.605263157894736 2 0
299 8.684210526315789 2 0
300 8.763157894736842 2 0
301 8.842105263157894 2 0
302 8.921052631578947 2 0
303 1.067220641009301 0.05931683239427268 0
304 1.464322389774162 0.07070554121736707 0
305 3.439956855485621 1.928755611969562 0
306 1.853662597962772 0.0540393525421526 0
307 3.046306266097896 1.939288450093933 0
308 2.245994125086359 0.07058734508851623 0
309 2.644902295884827 1.935844167351722 0
310 2.013157894743991 1.931629573385025 0
311 2.880947009028011 0.07181452417231718 0
312 1.61947043853498 1.936244797632417 0
313 3.284218141323845 0.07304342192500438 0
314 1.228126691648372 1.926441195841893 0
315 0.0692820323024668 1.000000000003939 0
316 4.43406229744193 0.9999926314898921 0
317 0.8287497705210831 1.921096346775207 0
318 3.671052631579163 0.06837042661495747 0
319 2.567312831668261 0.07073574195260958 0
320 2.328453395370371 1.947696899524151 0
321 0.7436836161963654 0.0710897373765573 0
322 3.750000000002861 1.9316295733857 0
323 0.0692820323022745 1.320000000001942 0
324 4.435816165612199 0.6785477605068742 0
325 0.06961927391394303 0.6794969892809893 0
326 4.434016003433571 1.320003480834364 0
327 0.5131578947350954 1.931629573385517 0
328 3.981976525042644 0.0740418233056908 0
329 0.06950869527824562 0.4395495223344255 0
330 4.43594740525231 1.557535308344649 0
331 0.5108296976110539 0.07094745766883261 0
332 3.986842105265115 1.9316295733857 0
333 0.06960570975815623 1.559464174287171 0
334 4.431588460507472 0.4414337857758297 0
335 0.2771565185478325 0.07065214691241942 0
336 4.227348221771809 1.937404805875359 0
337 0.2773617879289335 1.927405117706153 0
338 4.230758833523406 0.07646319694914887 0
339 0.0692377173840891 0.2799211555984483 0
340 4.434211723877631 1.719968995498719 0
341 4.43291589655658 0.278710292444902 0
342 0.06998364507591215 1.718913890257292 0
343 0.06948461065951679 0.8396555187547167 0
344 4.434661419000787 1.155516405964556 0
345 4.43073260851993 0.839972473650705 0
346 0.06974650438585703 1.159585512445106 0
347 2.412234287751851 0.06289853698630077 0
348 2.173135651850045 1.92509620806386 0
349 1.463082699020537 1.933601779437054 0
350 1.856619594278512 1.931302283659212 0
351 1.071499473373179 1.938545626907642 0
352 2.733269594359655 0.07525168265858623 0
353 3.118421052628588 0.06837042661495767 0
354 3.432408929493406 0.06909362583989932 0
355 3.278530232475838 1.933803752057689 0
356 2.873131880933679 1.939685098799923 0
357 2.013157894729769 0.06837042661428329 0
358 1.298563388729695 0.06290932939843519 0
359 1.697368421046839 0.06837042661428348 0
360 3.587995666636605 1.931451434125142 0
361 0.914332019063016 0.07143555484760047 0
362 2.487922821654684 1.9308695449463 0
363 0.6695790418234587 1.937239176551049 0
364 3.835059950960303 0.07412761651335094 0
365 0.06738898721097017 1.876840644825854 0
366 0.06728227970121446 0.121786488395256 0
367 4.438758829623292 1.879144960634489 0
368 4.432611335311635 0.1231599115558205 0
369 0.06922582343177014 0.1998843209821023 0
370 0.138857471011374 0.2385507329882509 0
371 0.1384674612709056 0.3194619790793434 0
372 0.2074113581488598 0.2795728200877446 0
373 0.2074191747622632 0.3594114014757751 0
374 0.2764161756503428 0.3193069660916018 0
375 0.2763986502167361 0.3991137081495481 0
376 0.345357722853688 0.359019224409571 0
377 0.3453825350992387 0.4387444402036108 0
378 0.4142885367793799 0.3986566571507216 0
379 0.4142784286303224 0.4783715876163063 0
380 0.4831512012142852 0.4383092531107071 0
381 0.483137694950856 0.5179839001844366 0
382 0.5518236621874368 0.4781947352725383 0
383 0.5518998955601646 0.5576451570117706 0
384 0.6205688965329879 0.5178613279481606 0
385 0.6206740470545045 0.5972063974868531 0
386 0.6893411699272485 0.5575245409968856 0
387 0.6894173357427588 0.6367740596556516 0
388 0.7580553015280441 0.5971086296162587 0
389 0.7578795580716537 0.6767397663287915 0
390 0.8266622535839009 0.6366749569578297 0
391 0.8265062719066855 0.7163318037636476 0
392 0.8952943653539931 0.6762227683672799 0
393 0.8953966811588592 0.7554201303446448 0
394 0.9641993180313961 0.7152514642706952 0
395 0.9641106896170526 0.7947593702582756 0
396 1.032865303950492 0.7546474932651208 0
397 1.032337002682197 0.8348921463349269 0
398 1.101533517301098 0.794412273565588 0
399 1.100872534862251 0.8745144424242091 0
400 1.170458913023139 0.833564024767951 0
401 0.964152398791045 0.8762319232567612 0
402 1.169842338789232 0.9132159668557985 0
403 1.238759630529125 0.8730880224567155 0
404 1.238364659936005 0.9527596559066691 0
405 1.307108802406777 0.9124786449858818 0
406 1.306972934974708 0.9920254210677087 0
407 1.375769258093947 0.9514001122630484 0
408 1.238927654203222 1.032616259971936 0
409 1.375530724553711 1.031342920479877 0
410 1.443921277598745 0.9917404084328807 0
411 1.443966973380978 1.070952201996715 0
412 1.512367634943756 1.031325524920103 0
413 1.512602379332208 0.9513384270041958 0
414 1.580859913942556 0.9914791109372461 0
415 1.580866580590003 1.070738479926461 0
416 1.64925874711265 1.031126003569646 0
417 1.649621085400641 0.9507835811372394 0
418 1.717621942628545 0.9915812903303285 0
419 1.717786996566565 1.071283891651996 0
420 1.786275997940015 1.03180159872255 0
421 1.786704887755295 0.9518256624509798 0
422 1.854723395606081 0.9916957745627164 0
423 1.854864484092094 1.071663602649659 0
424 1.92298925668332 1.031059213484364 0
425 1.922997663893818 0.9520903491957681 0
426 1.991342947534139 0.9913232084050054 0
427 1.991749173176741 1.071808694913237 0
428 2.059773213180117 1.030651805319333 0
429 2.059928728209226 0.9512354979011346 0
430 2.128425226673608 0.9905629364012509 0
431 2.129497815680197 1.07108303914722 0
432 2.197374566328968 1.031007274060388 0
433 2.196839421158916 0.9510932645778003 0
434 2.265078788028994 0.9909135834798279 0
435 2.265759166699777 1.071160467139733 0
436 2.33347350569414 1.030521449146491 0
437 2.333570945713078 0.9509430234436823 0
438 2.402043257021228 0.9902826572880988 0
439 2.403086097335632 1.070729361963983 0
440 2.470956322797653 1.030655526699859 0
441 2.470429673478741 0.9507743265473525 0
442 2.538631282407613 0.9905674734376237 0
443 2.539335642961087 1.070747227998772 0
444 2.607089118068296 1.030245166761494 0
445 2.607141944372761 0.9506377848384028 0
446 2.675623550580218 0.989974115962184 0
447 2.676646624225591 1.070347574981927 0
448 2.744547030452476 1.030289323474602 0
449 2.74369408084703 0.9507643857530862 0
450 2.812322472821677 0.9902684947833982 0
451 2.812791809038551 1.0700173156545 0
452 2.880986265450196 1.030277000559634 0
453 2.880759042911269 0.950441536374759 0
454 2.949340540088035 0.9898486915626901 0
455 2.950058307516239 1.069488006558856 0
456 3.018010573782702 1.029300330870339 0
457 3.017732523756714 0.9501331814494757 0
458 3.086290841391707 0.9897176539030818 0
459 3.086528324427514 1.06914509087491 0
460 3.155023277676635 1.029730207610735 0
461 3.154879437887865 0.9499594328616714 0
462 3.22343362598592 0.9896370360803051 0
463 3.223638445417292 1.069318083281896 0
464 3.29205403744926 1.029200790161869 0
465 3.291932887799643 0.9498731249698098 0
466 3.360624196125335 0.9894114669882947 0
467 3.360870934705525 1.069289792883781 0
468 3.429317562626053 1.028935563765184 0
469 3.429225439723181 0.9496553760470358 0
470 3.498028400999953 0.9895281812180636 0
471 3.49812344141787 1.06880785692706 0
472 3.497868238474256 0.9099473585151916 0
473 3.566588642785943 0.949761216264646 0
474 3.566499370402819 0.8701285117553084 0
475 0.6895400849970901 0.7175023743413638 0
476 3.497747506057261 0.8305694598013608 0
477 1.307262736800725 0.8329202814587834 0
478 3.635163286254413 0.9099702963144264 0
479 3.635163436003298 0.8303883250071094 0
480 3.703949682415235 0.8700027881971155 0
481 3.703940715266488 0.9496017977599218 0
482 3.703850267117682 0.7905936381712433 0
483 1.101578769804235 0.7151806577106172 0
484 3.772775307497009 0.909620764375042 0
485 3.772866462298858 0.9890939685726681 0
486 3.841670308455363 0.9492162495537279 0
487 3.841763102568652 1.028735981977424 0
488 0.8954298281705422 0.5964217945709627 0
489 0.4833007325791309 0.5975867610714553 0
490 3.91059510396829 0.9888557653084661 0
491 3.910425244590376 0.9093715937822238 0
492 3.910689953025905 1.068384517689832 0
493 3.841890577163869 1.108314464634752 0
494 3.910777498018988 1.147922250657735 0
495 3.842002777851923 1.1878196922079 0
496 3.910855883487257 1.227429945613862 0
497 3.842078900005332 1.267247353104527 0
498 3.910922834260085 1.306896169877622 0
499 3.842163004020928 1.346696529099411 0
500 3.910983553179187 1.386329963118491 0
501 3.842282225729246 1.42613000943029 0
502 3.773486717188796 1.386493747073515 0
503 3.773625335400695 1.465903282498857 0
504 3.704847420985767 1.42628205619337 0
505 3.911088713428932 1.465781594740421 0
506 3.979774988096066 1.42598160842786 0
507 3.979869417988473 1.505403270635899 0
508 3.979558402405751 1.108072975975735 0
509 3.704936985121201 1.505563365523075 0
510 3.636254492614276 1.466020773803259 0
511 0.6897590030486397 0.4780045321230897 0
512 3.636361846495293 1.545246492771218 0
513 3.567707564984481 1.505722209818915 0
514 4.048601678126921 1.465620107571985 0
515 4.048643949857456 1.545040743116329 0
516 3.979940357155175 1.584784117710387 0
517 3.567586396334454 1.426511466338234 0
518 3.499060482882845 1.466224368665118 0
519 3.499179754416238 1.545402338295119 0
520 3.430559112557734 1.505921161908187 0
521 3.432339818643449 1.582171624150499 0
522 3.362436700859549 1.544969834177785 0
523 3.36201228833518 1.466353839871833 0
524 3.293634794994975 1.505868834449824 0
525 3.29338925916688 1.426937087674092 0
526 3.224929332799776 1.466627062669037 0
527 3.222995826912924 1.562565782708146 0
528 3.156122352287581 1.509132490459722 0
529 3.156253721627769 1.427748742871249 0
530 3.087819084694678 1.467493202697599 0
531 3.088924510126668 1.54489222772535 0
532 3.019693858962854 1.506379220029644 0
533 3.019339736466891 1.427633398568088 0
534 2.95098126196279 1.467184716182779 0
535 2.942184353043257 1.555359227973828 0
536 2.882581050001888 1.506838139731503 0
537 2.882417650045005 1.427820839085256 0
538 2.814057787494897 1.467471357383168 0
539 2.813001819814157 1.544410311678805 0
540 2.745508957550821 1.50698753689234 0
541 2.745549346345392 1.428091750383089 0
542 2.677171693639445 1.467725220953803 0
543 2.67671803125508 1.551906349537504 0
544 2.608870584179571 1.507381665244405 0
545 2.608700196905668 1.428389338023694 0
546 2.540376448968306 1.468026799709028 0
547 2.540538101862572 1.54701895823002 0
548 2.473061237069436 1.505900073396353 0
549 2.472058002531137 1.428380655340041 0
550 2.403759419639355 1.467965735851766 0
551 2.404029501980569 1.545272923832503 0
552 2.335323699058943 1.507546817919218 0
553 2.335129450006969 1.428830063242941 0
554 2.266756462324842 1.468590102486603 0
555 2.268250081611038 1.545216354278199 0
556 2.199975389333537 1.505539977893845 0
557 2.198537276121774 1.42879145108673 0
558 2.130256701030884 1.468352705960647 0
559 2.129970076595719 1.545502890191193 0
560 2.061639049524622 1.508506504737375 0
561 2.061527216405974 1.429438406643385 0
562 1.99316553090766 1.469144023550109 0
563 1.990710088750548 1.551764229456144 0
564 1.924404073698473 1.509394469370562 0
565 1.924602724477406 1.429907133726336 0
566 1.856270805189022 1.469560956951116 0
567 1.856432925557543 1.548546774871561 0
568 1.788008750457799 1.509119023845413 0
569 1.788183389445883 1.588086668598215 0
570 1.719711397524753 1.548725512786936 0
571 1.71954710691749 1.469739716181724 0
572 1.651230867542879 1.509371947326922 0
573 1.650759492052201 1.429857865453348 0
574 1.58238778193417 1.469408005970524 0
575 1.582837242766737 1.548923724596752 0
576 1.514342269835652 1.509554702286395 0
577 1.513427869941621 1.428616997692825 0
578 1.445925863371102 1.470313085719731 0
579 1.446097480945388 1.549308968244533 0
580 1.377594683801699 1.509965275902787 0
581 1.377192118172323 1.430147326558813 0
582 1.309091044937206 1.470610821547919 0
583 1.309266862536303 1.549618066705704 0
584 1.240756380003603 1.510266707284624 0
585 1.240525344021608 1.431077472578908 0
586 1.172226130391647 1.4708794982254 0
587 1.17199297488669 1.391848457068356 0
588 1.103679760536564 1.43154579199627 0
589 1.103499274504086 1.352503125360248 0
590 1.035117244546392 1.392185807755041 0
591 1.035316430647076 1.471240931584502 0
592 0.9667388851173166 1.43188081098403 0
593 0.9665270609430142 1.3527671417711 0
594 0.8980237170680453 1.39276366683869 0
595 0.897859448391835 1.313365934157673 0
596 0.8292746163609801 1.353406808776821 0
597 0.8291676275782535 1.273904062800608 0
598 0.760608632154575 1.313682132122723 0
599 0.7605844756752673 1.393716850744817 0
600 0.6920507579714827 1.353426080317807 0
601 0.6918351378130885 1.274123564588837 0
602 0.6232113185147173 1.313938945412432 0
603 0.6229988403052082 1.234561420555001 0
604 0.623300376192057 1.393796589559807 0
605 0.5543239422494054 1.274425654865897 0
606 0.5541266537941688 1.194989560155509 0
607 0.6228256665585368 1.155162040721573 0
608 0.5539482986170958 1.115549774060194 0
609 0.9668979454987948 1.511256266864554 0
610 0.4854052188291386 1.234884773390325 0
611 0.8976941791640833 1.234119677996847 0
612 0.6226611546108631 1.075711230120515 0
613 0.5537840588091664 1.036074073292161 0
614 1.240935653518001 1.589273000792272 0
615 3.705000459938261 1.584786110231442 0
616 4.04867022175643 1.624421397991806 0
617 0.5526407237952821 0.3979382999227128 0
618 3.635082486590705 0.7509969342469502 0
619 3.703725843476937 0.7112319697543558 0
620 3.634972716169829 0.6716577155004937 0
621 3.703597336993561 0.6319104596338293 0
622 3.634885285046619 0.5923558268269946 0
623 3.703504960030592 0.5525814892835853 0
624 3.772189830768203 0.5921507781202258 0
625 3.6348500774911 0.5130107962825483 0
626 3.566227731388408 0.5527930551428959 0
627 3.772121208603462 0.5127919537501915 0
628 3.840802236247037 0.5524044038723778 0
629 3.840715215174977 0.4730581019363772 0
630 3.909458489122779 0.5126455279753472 0
631 3.566107200494141 0.4735986704887169 0
632 3.497586055033568 0.5132809892742868 0
633 3.497477091336977 0.4341255818567607 0
634 3.428984760703486 0.4737817026194333 0
635 3.909317335603526 0.4333153504456458 0
636 3.978114585456406 0.4728761961600512 0
637 3.978247485718668 0.552277169355338 0
638 4.047028299987884 0.5124329935158911 0
639 4.047121676111129 0.5919652082744203 0
640 4.046944896947997 0.4327974837511455 0
641 3.42887718462786 0.3946576280517946 0
642 3.360401529321728 0.4343057929268717 0
643 3.360496845138013 0.5134276437045288 0
644 3.291924933566456 0.4739489642857897 0
645 3.292015639221936 0.5530661546019185 0
646 3.223455938559519 0.5135762309302061 0
647 3.223415624879521 0.4344414720620934 0
648 3.154950097456123 0.4740725729792317 0
649 3.154984686700407 0.5531973635446401 0
650 3.086469592351652 0.5137041635787286 0
651 3.086385161175458 0.4346349418273783 0
652 3.01799716865961 0.4741993914237222 0
653 3.018002618380354 0.5533221052328851 0
654 2.949529262387149 0.5138215044006481 0
655 2.949563562497771 0.4347047074691783 0
656 2.881062645377656 0.4743512705216635 0
657 2.881116846017434 0.5533741423470648 0
658 2.812643233080289 0.5139183867285408 0
659 2.812633544783101 0.4348585835529606 0
660 2.74418940213769 0.4744650723585134 0
661 2.744249585129233 0.5534710448872739 0
662 2.675790570195837 0.5140244318987288 0
663 2.675789366468976 0.4349709932357325 0
664 2.607353825751807 0.4745699234251419 0
665 2.607402063141052 0.553574282058782 0
666 2.538963564431725 0.514125074242553 0
667 2.538968733002202 0.4350765371050856 0
668 2.470537664322044 0.4746707204355729 0
669 2.470586527146895 0.5536633830260311 0
670 2.402155948733119 0.5142150448977512 0
671 2.402163317998602 0.4351762394089795 0
672 2.333733972054686 0.47476681232285 0
673 2.333799693227851 0.5537599324800453 0
674 2.26535754146585 0.514310517983994 0
675 2.265366837209775 0.4352733479085664 0
676 2.196937245711226 0.4748618870420623 0
677 2.196999698322172 0.5538550182429772 0
678 2.128560445473085 0.514404677017041 0
679 2.128574363246972 0.4353676648828979 0
680 2.060142690654094 0.4749541502293452 0
681 2.060200283700417 0.553948800880623 0
682 1.991763927448197 0.5144968950959248 0
683 1.991782982056005 0.4354584318043325 0
684 1.923347467038722 0.4750431895986293 0
685 1.923398951319498 0.5540405080359633 0
686 1.854963643569727 0.5145872579293587 0
687 1.855000727885636 0.435521842160922 0
688 1.786559517794656 0.4751020720060991 0
689 1.786591763577585 0.5541277396837906 0
690 1.718154771303487 0.5146726133932593 0
691 1.71811864013348 0.435652264571155 0
692 1.649715049916054 0.4752116260649169 0
693 1.649761880554908 0.5542202149781351 0
694 1.581318204649014 0.5147595201918862 0
695 1.581270759306801 0.435753198367986 0
696 1.512872138830688 0.4752979817274573 0
697 1.581367514028284 0.5937689777422427 0
698 3.84059704012867 0.3937631783447267 0
699 3.566064994063494 0.3943450165224793 0
700 1.512828804915976 0.3962914841175723 0
701 1.444425351604198 0.4358336597954531 0
702 3.773280402055875 1.227821372447887 0
703 0.8269562847471219 0.7953873933931711 0
704 1.101286597307652 0.9545905803514871 0
705 0.3456178516030411 0.5184265860275383 0
706 3.498935288156898 1.387018889285021 0
707 1.375577837534326 1.110545862459273 0
708 1.64981288612886 0.6332306427000971 0
709 1.856176272555328 1.390477481514905 0
710 1.444468174366955 0.5148496528254267 0
711 1.376012020108633 0.47537939594351 0
712 1.375969410362607 0.3963547845151343 0
713 1.307551940772986 0.4359055593686152 0
714 0.485035677183626 1.07597131794056 0
715 0.484875281549229 0.9964508198478953 0
716 0.4160961247564183 1.036377305588058 0
717 0.4159192521583921 0.9568366123103136 0
718 3.979125986039603 0.9492655447441434 0
719 3.979672225072542 1.267099161491654 0
720 0.4856016545639483 1.314365262872986 0
721 0.4166222655454925 1.274817636835807 0
722 0.4168247770792067 1.354367672907138 0
723 4.115978764230527 0.5520555499734623 0
724 4.116081161372824 0.6316453811219898 0
725 1.309437466400434 1.628621947692378 0
726 1.853326221999533 1.623932049538643 0
727 3.499259109451804 1.624543738285688 0
728 3.375242328290349 1.622258370729846 0
729 1.719855102816409 1.627719104132948 0
730 4.117424449152706 1.505283689743057 0
731 4.117378622617251 1.425774571684205 0
732 1.581227204943705 0.3567538546148719 0
733 1.307508106915273 0.3568812048451296 0
734 1.239086860296667 0.3964327339394016 0
735 3.360307840149237 0.3551966349803973 0
736 1.239023725240357 0.31738800755659 0
737 1.170606439233364 0.356944873695399 0
738 3.909162745641662 0.3540183767119978 0
739 1.444067212210793 1.150000996401731 0
740 1.924496171382524 1.350842550989039 0
741 1.581416181779091 0.6727816957773116 0
742 1.376055192323439 0.5544057549321147 0
743 1.170658078132342 0.4359962513617474 0
744 1.102181668275523 0.3965079607490839 0
745 1.171823863863 1.312827220002021 0
746 3.979985452318092 1.664118381174434 0
747 0.6224878422624638 0.9962317401330552 0
748 0.6913402168040341 1.03583252136408 0
749 0.4847309256717653 0.9169346199535997 0
750 0.4157766792574323 0.8772957131690765 0
751 0.3469220385306603 0.9172018861583072 0
752 0.3467875339972404 0.8376016992839969 0
753 3.840847899328613 0.6317933264378388 0
754 4.048687612833146 1.703732759282097 0
755 4.117352960784753 1.664070511114011 0
756 1.241110106025533 1.668281504070671 0
757 0.3477968725240049 1.314768992338809 0
758 0.3480136470582782 1.394373288529406 0
759 0.4170434519933799 1.433956532165364 0
760 0.3482944800880111 1.473958045561497 0
761 0.4172579037173446 1.513534662982813 0
762 0.3485711918011831 1.553503751934851 0
763 0.4174759871926572 1.593058060975361 0
764 0.3488051631692121 1.63298733359006 0
765 0.4177541989387514 1.672380242171763 0
766 0.4863285227992381 1.632587144324329 0
767 3.360584214355307 0.5925628058700628 0
768 3.292093218677793 0.6322088881872766 0
769 4.047202651162905 0.6715220277750414 0
770 4.116179578085769 0.7112394607533763 0
771 0.4152463678865095 0.3184253298815831 0
772 1.309610086877326 1.707621444230095 0
773 4.186301764456672 1.465479714315708 0
774 4.186242943561826 1.385861779549836 0
775 4.18496718928697 0.5917470336094521 0
776 4.184826179110996 0.5121101013069077 0
777 1.375918006585124 0.3173175423956581 0
778 3.428752688063656 0.3155579353033295 0
779 3.840453276068793 0.31452236937526 0
780 1.102130526048966 0.3174542359101574 0
781 1.033699944367572 0.3570161073613643 0
782 1.856023255822772 1.311471788513269 0
783 1.649867274930613 0.7122436233901271 0
784 1.102218102700388 0.4755696916564638 0
785 3.567462561090923 1.347291368351232 0
786 3.498798565732545 1.307779927409777 0
787 1.170707280817893 0.5150472892684146 0
788 1.172603567797529 1.628928146987852 0
789 1.103320809618172 1.2734466699237 0
790 3.704116884905553 1.02942102982357 0
791 1.375984657325328 1.189609646588112 0
792 3.567354857752242 1.26804720441591 0
793 0.3476117998436923 1.235214791222236 0
794 0.4845911971463768 0.8374236554200882 0
795 0.2791354037963153 1.43399351854154 0
796 1.172779644456443 1.707942248902196 0
797 1.104280237827092 1.66861574591876 0
798 1.033652222584638 0.2779556413075988 0
799 0.9651922372399551 0.3175099774097941 0
800 0.3491229134704044 1.712279533799765 0
801 0.4867282133475342 1.711818714836964 0
802 0.5551353376508434 1.672094377428591 0
803 3.360285531140698 0.2759869066367306 0
804 4.252513717772783 0.5542011547550321 0
805 3.909254303821701 0.2744521833477492 0
806 4.253634477505432 1.428457964085581 0
807 0.2801590755738976 1.672948604661083 0
808 4.117376193688857 1.743365797431484 0
809 4.186062585113818 1.703703738422141 0
810 1.444223153269726 1.229034719985484 0
811 1.171711060555982 1.233768113012679 0
812 1.103174536589466 1.194374185072264 0
813 1.9243448164391 1.271837869539103 0
814 0.2787196044195015 1.275141630237374 0
815 0.2785830416540468 1.195566543380137 0
816 1.581465676863958 0.7517961974895337 0
817 1.51301145624314 0.7123368174610217 0
818 0.9650766850778707 0.3965409559863488 0
819 0.8965657845967752 0.356864380261688 0
820 0.896653739442075 0.2779507394384469 0
821 0.8281658465654655 0.3175262503931199 0
822 4.249257300744397 0.4749346697007459 0
823 4.252669632507384 1.348158662191466 0
824 4.185720384289354 1.306548347735375 0
825 4.254007404420569 1.265590732318341 0
826 4.185789683556678 1.226425365603101 0
827 4.2550482660225 1.186543462497556 0
828 4.185906939085973 1.146729665825713 0
829 4.254963274531645 1.106788737006179 0
830 4.185846265345909 1.066978930203307 0
831 4.253305651170074 1.029764024498149 0
832 4.185355583553848 0.9879290451631375 0
833 4.249281762815843 0.9510737770652016 0
834 0.5549383977544422 1.592825042390424 0
835 0.6236675889567176 1.632346388309757 0
836 0.6238300956017828 1.711581578761591 0
837 0.6923403226293126 1.671817845789471 0
838 0.692197424758271 1.59261128845458 0
839 0.7608497867141577 1.632077090652368 0
840 0.7609929362686072 1.711249324605486 0
841 0.8294581797647395 1.671530147197507 0
842 0.6911771611655646 0.95638722144827 0
843 0.7599579107027392 0.9959746353817518 0
844 0.277884747946385 0.8775300701494197 0
845 0.2777527724258823 0.7978741742880212 0
846 0.2780306294517123 0.9571875836060744 0
847 3.911293152954555 1.624513737755254 0
848 3.911350013910242 1.703782129091755 0
849 0.8290249270554597 1.194599480609231 0
850 0.897539330501819 1.154761834551992 0
851 3.771923174250626 0.3542374541170696 0
852 3.77179763707513 0.2750559627959051 0
853 3.360638497223555 0.671716468079005 0
854 3.292165257854656 0.7113719960496161 0
855 0.3466720737942041 0.7580116965294726 0
856 0.2776263386782989 0.7182079725015731 0
857 4.047287406849074 0.7511153302730406 0
858 4.253797790815812 0.6318701999594618 0
859 4.11615208719582 0.7906358278663279 0
860 4.254967435368604 1.505699085641206 0
861 1.102087489057478 0.238411135241074 0
862 0.8296229346498096 1.750654635721311 0
863 0.8980436447552744 1.710969757659275 0
864 0.8982060724341512 1.790046725533616 0
865 1.104498006817333 1.747632442442151 0
866 0.2799858868106404 1.753646381066812 0
867 0.3494571271364409 1.793236676524267 0
868 0.8281580958991812 0.2384542966823511 0
869 0.7596619731385705 0.2780372682118769 0
870 0.2772528276355941 0.2390414614493279 0
871 3.428917826188052 0.236180537137118 0
872 1.376045684035262 1.269407867238197 0
873 1.855857420356696 1.232481221837358 0
874 1.787237426968747 1.271512074584434 0
875 1.649920599859884 0.7912568323858726 0
876 1.718319325896392 0.7517051189375403 0
877 1.513058868323007 0.791356177029549 0
878 1.444594839155514 0.7518875334722693 0
879 0.828225570939884 0.3966922346767296 0
880 1.102516661658668 0.5550912388527005 0
881 1.171691401800122 0.594399655771505 0
882 0.7607060019556103 1.552880347564206 0
883 3.498660553333173 1.228531760377056 0
884 3.430127394316899 1.268280634880472 0
885 3.5672447145366 1.188774256845106 0
886 0.7611989201741052 1.790381935036606 0
887 3.842676559070934 1.664197827571915 0
888 3.84309263610152 1.745446787653704 0
889 3.774100916861189 1.704132493787521 0
890 3.703285167461287 0.314752875326768 0
891 3.703169201025295 0.2355998948091014 0
892 3.634662469676208 0.2753062925447888 0
893 0.485976482744356 1.473617467722697 0
894 3.911376392160835 1.78298859615318 0
895 3.56633925510089 0.711409009125716 0
896 3.63654431248268 1.624534243955864 0
897 3.291796700361472 0.3157146970094018 0
898 3.291781099045015 0.2365320143095235 0
899 3.223314197137601 0.2762552743052125 0
900 0.5534966289470641 0.8770325105778829 0
901 4.183963555089617 0.4328923501711779 0
902 4.249813816058452 0.3930468243550499 0
903 4.1838232029042 0.3529855338063846 0
904 4.251319151687904 0.315297535367722 0
905 4.183966514200606 0.2737725722064235 0
906 4.247472426652651 0.2384018332331748 0
907 4.115502962245017 0.3132778748766785 0
908 4.115558069073075 0.2337938774321043 0
909 1.377929192939262 1.667970809351716 0
910 1.377219902770487 1.75011335700232 0
911 1.446266299292165 1.707838883428872 0
912 1.309795965225969 1.786595391987776 0
913 1.512565040738151 1.189430740283542 0
914 1.51267319225494 1.268451586880028 0
915 1.581042928767377 1.228849814160103 0
916 1.512790872602433 0.3172916734053136 0
917 1.581179506648424 0.277761499037503 0
918 1.512752957140983 0.2383042411992923 0
919 1.581213501144693 0.1987556299904283 0
920 1.649627960155747 0.2382143111080437 0
921 3.22358232365174 0.6718583086598935 0
922 3.223654407398 0.7510165817062845 0
923 3.155073453790089 0.71150753817751 0
924 3.2922118175693 0.7906100516675593 0
925 3.155145995052259 0.7906541146597875 0
926 3.086574353230409 0.7511506964463563 0
927 1.992831576297181 1.311191013968357 0
928 1.992671111783336 1.232199809399125 0
929 2.061159100557552 1.271551916620966 0
930 1.308054456886812 1.150902958968493 0
931 0.2076961627547977 0.439036821294315 0
932 0.2086705371334073 0.7581549437732173 0
933 0.2085504920368414 0.6784176461199607 0
934 3.97834226305351 0.7114249807168078 0
935 1.033296845645111 0.5152250944714361 0
936 3.497644196584505 0.592499025540669 0
937 3.704715585994343 1.346958243556594 0
938 3.772463462994325 0.7507905771500683 0
939 4.185187609103235 0.7509427561246611 0
940 0.2089431352146554 0.9175118424668698 0
941 0.2090518293744532 0.9972389082822011 0
942 0.553347223328141 0.7975790812176509 0
943 0.6221182462182482 0.8375325185253448 0
944 0.484473336547836 0.7579417472621358 0
945 0.3465570560645739 0.6782994308963668 0
946 0.2782689012012177 1.036774523596174 0
947 0.2090312901214589 1.077294772202009 0
948 0.2098082828078125 1.235905211628626 0
949 0.2101449005955637 1.314712636734848 0
950 4.116974174792317 1.186930539041777 0
951 4.116738606708537 1.027188398688082 0
952 4.116403280939324 0.948341807558574 0
953 3.224254171687449 0.1990259734356671 0
954 3.154997295528073 0.2371447546336695 0
955 4.048715610052292 1.782998323793009 0
956 4.186034451670094 1.783004583294042 0
957 4.25316830364546 1.746190613898564 0
958 4.25236521432764 1.66642259884436 0
959 1.172965257137394 1.786944712646471 0
960 4.318087300616208 1.467852982382835 0
961 3.774349277156727 1.78493576951429 0
962 3.705584020195356 1.743837254411709 0
963 1.445619949930089 1.788331046348681 0
964 1.514707054484215 1.747076924321186 0
965 4.31910851497191 0.593009444588763 0
966 1.032779480290539 0.2003302252249641 0
967 3.634105829289086 0.1976920027009854 0
968 0.2106783037655339 1.714276120833142 0
969 0.2096332903586024 1.796302711022719 0
970 0.2110484804994332 1.633580523380305 0
971 1.581276816816686 1.308716765203819 0
972 1.787142168738759 1.192590070254984 0
973 3.77307688481448 0.1977668058661293 0
974 1.17163979701587 1.15398522397017 0
975 1.103023282663173 1.115173150126443 0
976 1.444693952872046 0.8309184217379367 0
977 1.033793572614877 0.595226683017317 0
978 2.061362722088006 1.191925687858618 0
979 2.129910353109418 1.231172736855133 0
980 0.8980874497347031 1.631454607273389 0
981 1.718641056025155 0.8311796019933348 0
982 1.78708077534364 0.7917052518856368 0
983 1.78676698169742 0.7122474113335271 0
984 1.855220196213389 0.7517210011361805 0
985 1.855347545297009 0.8322925687528648 0
986 1.923482937484751 0.791825599135759 0
987 1.923536849472797 0.7122152159790021 0
988 1.991963635144396 0.7516737425173098 0
989 1.991703714547972 0.8316007140188817 0
990 2.060211364231328 0.7916272571990037 0
991 2.060326472472759 0.7121150414854039 0
992 2.12875838192527 0.7515595334177814 0
993 2.128872355150586 0.8311040210246041 0
994 2.197333769271592 0.7911054168016177 0
995 2.197177102631241 0.7118864545167175 0
996 2.265624692236147 0.7513684728069294 0
997 2.265621613114067 0.8305772041457749 0
998 2.333884310544669 0.7912524044126382 0
999 2.33395226906384 0.7118743703085857 0
1000 2.402375170937887 0.7513237532063567 0
1001 2.402473255011211 0.8308307383123751 0
1002 2.470928859961856 0.7908728447534314 0
1003 2.470775304362888 0.7117104561717615 0
1004 2.539225389150895 0.7511680308871932 0
1005 2.539222398947141 0.8303583810458659 0
1006 2.607490243480769 0.7910264905279633 0
1007 2.607552678634862 0.7116643416511332 0
1008 2.676003928482069 0.7511130022005628 0
1009 0.7597946329656695 0.916625246192198 0
1010 0.8285357490839065 0.956135325707262 0
1011 3.429965973053806 1.189029238360781 0
1012 3.361471298889408 1.228948943055584 0
1013 2.67600029442092 0.8304944276397945 0
1014 2.744490192268769 0.7905398577405399 0
1015 2.744425203951595 0.7114933116169171 0
1016 2.812855101102065 0.7509365948318123 0
1017 3.086547263845562 0.8304770615194716 0
1018 3.018070180806135 0.7908273424981555 0
1019 3.018020923953989 0.7116047659545678 0
1020 2.81295483326886 0.8299537902947858 0
1021 1.649570016271444 1.269266122916985 0
1022 0.9665984708947707 1.750384041147175 0
1023 0.9667496729610447 1.829438273153123 0
1024 0.692033275508287 1.513399524217373 0
1025 0.5532333806411833 0.7181020817835425 0
1026 4.046798394110233 0.273771079137467 0
1027 4.045488007239767 0.1966163644124483 0
1028 4.111270686064832 0.1449613168178785 0
1029 0.8287082686883971 1.035567889077925 0
1030 0.8972378668813745 0.996447298096186 0
1031 3.565939393403448 0.2361826845088411 0
1032 3.569810975178069 0.157028924567373 0
1033 3.842583863814821 1.584952401529233 0
1034 3.703396133446052 0.393926936799032 0
1035 3.154941120760071 0.3159122085932742 0
1036 3.086475591881499 0.2764893468551735 0
1037 3.085510931811982 0.1990152001095907 0
1038 3.017849573341723 0.2372767785576317 0
1039 3.016857204680689 0.1598506230587716 0
1040 2.949339344697869 0.1979354392300689 0
1041 2.949589969726263 0.2766224309223241 0
1042 2.881133983240782 0.2372162327682905 0
1043 2.881172961323824 0.3161747888625789 0
1044 2.812779934264358 0.276711413745124 0
1045 2.812721234086728 0.1977401516962979 0
1046 2.744368263828691 0.2372874431982075 0
1047 2.744352973723835 0.3162683993106826 0
1048 2.675991911902671 0.2768272435890239 0
1049 2.676825023963078 0.1993966106737053 0
1050 2.607726702837246 0.2376700322467477 0
1051 2.607576681467718 0.3164253656306504 0
1052 2.539225245002489 0.2769892858919413 0
1053 2.538201644474661 0.1997409358609697 0
1054 2.470644128279889 0.2378340240980545 0
1055 2.470739153273219 0.316550405459691 0
1056 2.402387661354895 0.2771116898675406 0
1057 3.361825898901116 1.387292807677411 0
1058 3.293214864906246 1.347863480625524 0
1059 1.51466606064277 1.667836129725371 0
1060 1.583157074558689 1.707113166616631 0
1061 1.583163179147315 1.785783139896898 0
1062 1.651627790130778 1.746335390528769 0
1063 1.649288956663225 1.189369226191076 0
1064 2.129714723379953 1.310780401327962 0
1065 2.198050865256077 1.271124188565647 0
1066 2.198624022851662 1.1913031683208 0
1067 2.266439854353474 1.231448559412718 0
1068 2.266489090586129 1.310561466889817 0
1069 2.334802731108065 1.270944741187302 0
1070 2.334988528972265 1.191360088709675 0
1071 2.403508617301491 1.230634672788434 0
1072 2.403324838534091 1.310209411807611 0
1073 2.471655545948143 1.270564655688259 0
1074 2.472191441687561 1.190797643228159 0
1075 2.54003941318608 1.230895223633515 0
1076 1.719038694108665 1.390151735283152 0
1077 2.540094704343897 1.310002472928697 0
1078 2.60841348504363 1.270384511218242 0
1079 2.608572796541229 1.190834536521117 0
1080 2.677104771163546 1.230112942754224 0
1081 1.44451699125482 0.5938721287067459 0
1082 1.376095707837224 0.633428731890218 0
1083 2.676944542526051 1.309653620180652 0
1084 2.745296193592296 1.270003836138027 0
1085 2.745783633793364 1.190283996859558 0
1086 2.813712286248068 1.230324306999226 0
1087 1.034786807541587 1.233990806318009 0
1088 1.307762789516907 0.5937389209929055 0
1089 1.307918806773686 0.6730284785194132 0
1090 1.104088836352252 1.589580596171069 0
1091 1.035639586813726 1.629676626970948 0
1092 2.813762935462542 1.309438162667643 0
1093 2.882132976379868 1.269811543154458 0
1094 2.882257146543739 1.190289107587051 0
1095 2.950838192837254 1.229605898271995 0
1096 2.812817100032594 0.6719125682726297 0
1097 2.950693202838716 1.309102806440755 0
1098 3.019117429659824 1.269448034169417 0
1099 3.018941574536547 1.189273289706677 0
1100 3.087248383405236 1.229231756537242 0
1101 3.635956508625729 1.228314612594897 0
1102 3.635825004334522 1.149000754761479 0
1103 2.881170374604086 0.7114491535614432 0
1104 3.087569229412376 1.308802935734772 0
1105 3.156001923678398 1.269123854308043 0
1106 3.15562009228562 1.189603239993412 0
1107 3.224400900388034 1.229429917577108 0
1108 0.4162823961035242 1.115878624298796 0
1109 2.401037460329352 0.2004424351393626 0
1110 2.333797251895754 0.2380469770472677 0
1111 2.333934994269924 0.3166739662548855 0
1112 2.265598375307158 0.2772387807615814 0
1113 1.239941908789595 1.272498612054299 0
1114 4.310279577596122 0.3580780919498537 0
1115 3.978397581626335 0.7909696508612103 0
1116 3.909572614045863 0.751045159479241 0
1117 0.7608817871179823 0.2010761366394319 0
1118 0.6913216254784854 0.2388541094194446 0
1119 0.6911875090278611 0.3177147876971816 0
1120 0.6226250588083906 0.2781729121759125 0
1121 0.6225909900907197 0.1990056489730784 0
1122 0.5540161140367598 0.2385376126709571 0
1123 4.185041154008753 0.8301028844668609 0
1124 4.25317667483394 0.7906785875470402 0
1125 0.895420615361685 0.2010117393349496 0
1126 2.266744875909988 0.2003433454576554 0
1127 2.197439144635914 0.2381238223685611 0
1128 2.197223528809523 0.3167735288305197 0
1129 2.128911299822436 0.27729728919076 0
1130 2.128881743141188 0.1983961259827319 0
1131 2.060504573669417 0.2378778594990822 0
1132 2.060434398620376 0.3168053241470459 0
1133 1.992135028410127 0.2773912996303793 0
1134 1.991014022675827 0.2002996683283018 0
1135 1.923551664298617 0.2382775140782158 0
1136 1.923626487762387 0.3169485444503299 0
1137 1.8552991606135 0.2775205743166228 0
1138 1.853942867820482 0.2009048425098266 0
1139 1.786624448349767 0.2384828571033677 0
1140 1.786647951888581 0.3171141301942934 0
1141 3.706176348949804 1.819612991066624 0
1142 3.637259764671844 1.782719912716018 0
1143 4.316928033053343 1.072228245771738 0
1144 4.317973085234106 1.227429217671928 0
1145 1.784599653862973 0.1617651969865278 0
1146 4.25620659910315 1.820239004478273 0
1147 4.318521852832012 1.791597090709772 0
1148 1.653062330188495 1.822025980977923 0
1149 1.72033325467451 1.785135991174136 0
1150 1.716047023013125 1.86440427328615 0
1151 1.782827525144247 1.830052618465299 0
1152 1.786241971951626 1.746807682451458 0
1153 1.85936020230501 1.784307345612793 0
1154 4.316474175102634 0.6716847260379692 0
1155 4.317106714847407 1.867557056074837 0
1156 4.3170985788443 1.547039394271301 0
1157 1.10485678074451 1.823004921127529 0
1158 1.507756901701834 0.1461365667836696 0
1159 1.444338817238239 0.1988475948749256 0
1160 1.579642626957376 0.1265682691926319 0
1161 1.102660404922899 0.1648010794720927 0
1162 1.170584116695068 0.199766385322429 0
1163 1.179708114274433 0.1226907216453418 0
1164 1.245841567114625 0.1669294400223617 0
1165 0.5511024314769674 0.1456590968607821 0
1166 0.4854332236752006 0.1989697234053283 0
1167 0.6239044592381945 0.1246429457160202 0
1168 0.8983790577477559 1.869100405386464 0
1169 0.9601953221248501 1.907634097864346 0
1170 3.292249618236483 0.1571072080798003 0
1171 0.1403514614980348 1.676748648368058 0
1172 2.95061339661681 0.1201247252516428 0
1173 1.512797896925412 1.348135103453666 0
1174 0.1402750261237735 1.276732505114468 0
1175 1.855613741669941 1.153216885542271 0
1176 1.992307992787077 1.152231327355324 0
1177 1.166637722021092 1.864312983125624 0
1178 3.635758541194794 1.864745839461538 0
1179 3.568770399250382 1.822758057807246 0
1180 3.564285202091886 1.744194343737769 0
1181 3.497085951763372 1.796532823575369 0
1182 3.514347847230292 1.888442586499482 0
1183 3.440499167260564 1.84555630790809 0
1184 3.420161409931112 1.768896405978408 0
1185 3.365135532952517 1.819686080163049 0
1186 3.343985469714525 1.748341292836402 0
1187 3.288647332322214 1.799813400447048 0
1188 3.268002352327692 1.726862925144857 0
1189 3.21212111904289 1.780176316775057 0
1190 3.194629364617298 1.706273747341583 0
1191 3.136377686132413 1.759366259414675 0
1192 3.156321753647529 1.835372223854149 0
1193 3.118507761871629 1.686863255103595 0
1194 3.060331595664961 1.738499222944239 0
1195 3.040058231240903 1.663740671371335 0
1196 2.9838524632012 1.717008608947361 0
1197 3.002557360144753 1.79217805974384 0
1198 2.927230694286206 1.771682422506728 0
1199 2.907707480638423 1.695297939761892 0
1200 2.851265006821321 1.750494964665607 0
1201 2.830518453100129 1.677654807079582 0
1202 2.774844814930309 1.730536070544931 0
1203 2.794801320777451 1.805968948623113 0
1204 2.718724845060108 1.784778093753583 0
1205 2.698739679947495 1.709466172961261 0
1206 2.642648211369553 1.763587886485763 0
1207 2.622988746573961 1.687104977347287 0
1208 2.566634151294008 1.742185578769529 0
1209 2.585582824185519 1.815444620378017 0
1210 2.509528430864771 1.79610209226029 0
1211 2.490469919444421 1.720683819047324 0
1212 2.434049030310316 1.775902566346773 0
1213 2.415079970762317 1.700198756232989 0
1214 2.35819492349669 1.754980085782871 0
1215 2.330217550800087 1.673147514263986 0
1216 2.279511975969583 1.737109551494282 0
1217 2.302160293944036 1.807726454135482 0
1218 2.22531198031936 1.789138765623832 0
1219 2.204329502843156 1.717365807428677 0
1220 2.149266435730767 1.76861115633567 0
1221 2.131108493072196 1.693782007566238 0
1222 2.074197021671268 1.74526889323726 0
1223 2.060282384154456 1.67079986846452 0
1224 1.999171532888246 1.723408962978436 0
1225 2.094016928135732 1.821316721810221 0
1226 2.735863966069006 1.85880604135135 0
1227 2.476651433644549 1.649404318691162 0
1228 2.197262621630527 1.653003475330515 0
1229 1.977815285611641 1.648880749284848 0
1230 2.947028026757885 1.84821995975263 0
1231 3.248922350349154 1.648340851981041 0
1232 1.92271385118581 1.71182485213827 0
1233 2.242277854938192 1.863115095547586 0
1234 2.886937272878651 1.624023137030548 0
1235 3.481404928909515 1.706339587881454 0
1236 1.947741547221107 1.785007156454369 0
1237 1.902934477942216 1.853049945180707 0
1238 1.980875889319594 1.851663806096654 0
1239 2.457249333941003 1.85587467577935 0
1240 2.683552264175548 1.634345573407566 0
1241 2.602024810294988 1.602991067597506 0
1242 2.814516226186468 1.882243170172047 0
1243 1.650118585358221 1.349753124811605 0
1244 0.4852942083864572 0.2782137195821814 0
1245 0.4167945082420713 0.238580319037534 0
1246 0.4158562933289572 0.1609779177372114 0
1247 0.3478375658191238 0.1990908579442864 0
1248 0.348743342626463 0.1206220851148277 0
1249 0.4255567330373942 0.07651852853534162 0
1250 1.513116530393699 0.8703868491996144 0
1251 0.622031016304105 0.3578123627002956 0
1252 1.649952147863986 0.870712870815175 0
1253 0.2781703181784318 0.1570091051507731 0
1254 0.2094279718984197 0.1162999296820752 0
1255 0.8282090690878043 0.8765581321409424 0
1256 0.9639237517228876 0.5560164733259962 0
1257 0.1397860339776076 0.9576955099159534 0
1258 1.786936924466188 1.113243633261555 0
1259 3.224300135252372 1.150270148155616 0
1260 1.376167608235842 0.7917697136510224 0
1261 0.2085773557006862 0.1976818248429439 0
1262 3.025849540322048 0.07665163133478621 0
1263 0.6903290441643366 0.3980593075347399 0
1264 3.361165547188078 1.149307958230055 0
1265 0.4843634211790548 0.6784843006098675 0
1266 0.7605944468495524 1.473547326925356 0
1267 0.8293476814352072 1.51283720204648 0
1268 2.746606778421376 1.584970514022029 0
1269 1.444437880178211 0.911044410861958 0
1270 3.018103743084112 0.8700187090464373 0
1271 2.949472650655449 0.8305859801914856 0
1272 1.923454693425 1.111822561598157 0
1273 2.061034901292124 1.111133990017358 0
1274 3.155320542219815 1.109841968320113 0
1275 3.977832856180121 0.2347473845380467 0
1276 3.977212564569442 0.1573449049424003 0
1277 3.909202795257153 0.1953950457664508 0
1278 3.908736348005053 0.1178280708344265 0
1279 3.841071515357083 0.1550910779655599 0
1280 3.154945484523189 0.8703619536308219 0
1281 1.17103054062816 1.073688278626635 0
1282 1.102509566048949 1.035546670980357 0
1283 1.034443092896403 1.075716998669647 0
1284 1.033377509035743 0.996537740191335 0
1285 3.977795011951619 0.314129109757329 0
1286 3.567096718139569 1.109372258897204 0
1287 0.8292153691301879 1.433598152999126 0
1288 0.8974330039392631 1.075425439623962 0
1289 3.498078139341524 0.1966006472532697 0
1290 3.505782702061977 0.1168557337363125 0
1291 3.431518921809376 0.1539621464058801 0
1292 3.359368029340629 0.1161683485184946 0
1293 3.497513299057408 0.2757666883536998 0
1294 0.8288621119758859 1.115161672018654 0
1295 0.7603017538046811 1.155082696589735 0
1296 1.718476517134647 0.9109979818904193 0
1297 1.581278678308735 0.9109186920657286 0
1298 1.718966205245186 0.201004205544082 0
1299 3.292367721580006 1.109358371159238 0
1300 0.7588563335670419 0.8371431404530265 0
1301 0.1410396041145322 1.595526557113663 0
1302 0.2101209149903714 1.553153298398459 0
1303 0.1396393392924266 1.514814622770125 0
1304 3.705280553505319 1.66423431027867 0
1305 3.429705784088365 1.10930205035666 0
1306 0.06929040215563587 0.3597086431217545 0
1307 3.566042508826258 0.3151745147395247 0
1308 0.3461722811032721 0.2786958165231482 0
1309 0.06839166385409305 1.47811316490862 0
1310 0.1378843818620385 1.434614738425782 0
1311 0.6919774650544896 1.43363581427409 0
1312 0.6234042267359945 1.473525890632859 0
1313 0.5546850472572675 1.433661011337752 0
1314 4.435256808265067 1.799882321594663 0
1315 0.06903674318584646 1.79929269901101 0
1316 0.1383530709231839 1.838643855565636 0
1317 0.1296410475707019 1.925998161893845 0
1318 0.2058947973719808 1.879157430992849 0
1319 0.2781097935772967 1.83966725830511 0
1320 0.3502997268601419 1.873631036699217 0
1321 0.4186544162823496 1.830472650820683 0
1322 0.4257586201079746 1.917157357185976 0
1323 0.1396727524678522 1.757362987509643 0
1324 0.07003296660642881 1.6388872940506 0
1325 4.430785561311288 0.1998829244260387 0
1326 4.364182259749684 0.1595158973117147 0
1327 4.37072253101741 0.07373885824990707 0
1328 4.302868742877159 0.1208655091794644 0
1329 4.370318893696435 0.2385193084489323 0
1330 0.7601613786409389 1.075493646166067 0
1331 0.4840074131656916 0.35804774006339 0
1332 1.032186880216308 0.9164625563409683 0
1333 3.635569418284558 1.069665583474574 0
1334 3.704341110191021 1.108962174811619 0
1335 2.949481523733554 0.9099758987073227 0
1336 4.115519904732878 0.3928888704876036 0
1337 2.130045895859976 1.151458046893142 0
1338 3.773900145242341 1.62458570650858 0
1339 3.773750575666257 1.545243696909131 0
1340 4.435488918728156 1.639574407326704 0
1341 4.377833290000683 1.67652233162216 0
1342 4.434196875387134 0.3602721569783737 0
1343 0.1395568314816036 0.7183959115747131 0
1344 0.1393068672678963 0.6387652342707826 0
1345 0.2084100815910151 0.5987422206970218 0
1346 0.1392768498794286 0.5588839819831317 0
1347 0.1396722396533734 0.7981826162322271 0
1348 0.06976847263722093 0.5994233687771976 0
1349 2.949672506188439 0.3555790659377099 0
1350 4.117319552690262 1.822607282374905 0
1351 4.039721195006288 1.868064213911316 0
1352 4.11134163379851 1.905360822188037 0
1353 3.977659955073007 1.822780342209653 0
1354 3.915121369342272 1.881320163772658 0
1355 3.844783719268264 1.834761889165569 0
1356 3.838752943834568 1.918630010201765 0
1357 0.2080228325238234 0.5188741593740155 0
1358 4.182166636225476 0.1962477272072753 0
1359 3.086498500330443 0.3554743018640903 0
1360 1.787319335270759 0.8722107949075356 0
1361 3.979629172724602 1.743400088617355 0
1362 0.6211920576721313 0.4379784275835895 0
1363 0.7588998107289233 0.4386722161986499 0
1364 1.717832679652858 1.30921073380888 0
1365 0.06926510518185269 0.9199706813698991 0
1366 0.6977828753079941 0.1476444324781286 0
1367 0.06959085756976825 0.7594821751112097 0
1368 4.437167089188659 1.236983525293875 0
1369 0.622341478642724 0.9167985826710296 0
1370 3.842430517815972 1.505573479579585 0
1371 4.116903074683766 1.107306769108736 0
1372 4.434571591421198 0.7597574131277983 0
1373 4.372593861300872 0.7970643668065828 0
1374 4.368445881408107 0.8773692879101792 0
1375 4.431939816628002 0.9196545165229078 0
1376 4.372435588644471 0.9579802774883017 0
1377 1.65150190065278 1.667385114655081 0
1378 3.634734058390861 0.3544593002421972 0
1379 3.634777883100889 0.433740088362281 0
1380 4.437250448438149 1.077037686703799 0
1381 0.06956926829194089 1.079487199678068 0
1382 0.1399025147099185 1.117947522436907 0
1383 3.360686837626709 0.1959895268479245 0
1384 0.8965203449191457 0.9165249769466683 0
1385 1.240125352313985 0.2397682772265159 0
1386 1.307292374403451 0.1987700681757681 0
1387 4.435482953989998 1.474747388702565 0
1388 4.434030691373054 1.396738346559274 0
1389 4.376193613167378 1.354085287491567 0
1390 4.046859044468683 0.3531807048251534 0
1391 3.773040568573521 1.068829095672559 0
1392 0.5536193693137355 0.9565870577459372 0
1393 3.086268149679105 0.9103314727229799 0
1394 2.880506011501461 0.8711565029414297 0
1395 3.706003923260451 0.146150407840072 0
1396 4.433005971821296 0.5188431897010031 0
1397 4.370882188131086 0.4798466774296202 0
1398 4.436182111210133 0.5967362687190695 0
1399 3.840809402065723 0.2353805741861756 0
1400 0.828304296989762 0.1623616458211988 0
1401 3.086112899935912 1.148380129239113 0
1402 4.117050081976624 1.266511980299526 0
1403 4.117172783052871 1.34609366663792 0
1404 3.566415680390057 0.7907678095563393 0
1405 3.497689878383842 0.7511526960243852 0
1406 3.429115617476385 0.7908748317744819 0
1407 3.497693551000385 0.6717242126906432 0
1408 3.567833130150875 1.584937925803402 0
1409 3.56439997763777 1.664786858553259 0
1410 1.238907850517463 1.830046364643599 0
1411 1.30415242094337 1.877605885673383 0
1412 1.372977941487569 1.844895083304677 0
1413 1.372474497830625 1.925419842526318 0
1414 3.154990519134668 0.6323635052417278 0
1415 3.429160590824956 0.8703246296126212 0
1416 3.086518453421552 0.6719932181414729 0
1417 3.018025548837728 0.6323869400350445 0
1418 0.5554709282145766 1.75134069640415 0
1419 0.6245123288650904 1.790028160415622 0
1420 0.5551646096252275 1.82520477764341 0
1421 0.6926135605391229 1.750869971732447 0
1422 0.6955061548068775 1.825391182835063 0
1423 0.7617987926640925 1.866620953204135 0
1424 0.9644296709306729 0.6354322888392379 0
1425 0.8950865287456369 0.5166728450193079 0
1426 1.033455758246862 0.6753581283912219 0
1427 0.8269872099326554 0.5566912227310025 0
1428 1.102823465279119 0.634740311316121 0
1429 1.172034821999244 0.6738250940532308 0
1430 1.171221310828826 0.7538151831383555 0
1431 3.97831899829375 0.6318325771252338 0
1432 0.1396603628343641 1.037829320490169 0
1433 0.4861296260751507 1.55321310191462 0
1434 3.291871997075053 0.3948189617275296 0
1435 0.9662185143060349 1.194360629176108 0
1436 0.8298426535962522 1.82973324013435 0
1437 3.223400022601123 0.9101782808001533 0
1438 3.291978533804604 0.8703901605733272 0
1439 3.079255209218772 1.813107814250964 0
1440 0.7575647166657502 0.7575577743971958 0
1441 0.6915316858616867 1.115387509941903 0
1442 1.240155399173152 1.191858838464164 0
1443 1.307609714674289 0.2780475349453443 0
1444 1.375841618165841 0.2382805616828593 0
1445 1.376883739033108 0.1615354774159537 0
1446 0.4156511979502869 0.7977638250763048 0
1447 0.4858290188505028 1.393903885215262 0
1448 3.773389333185207 1.307167063049891 0
1449 0.9648013453393129 0.23901913604423 0
1450 0.9588739277030495 0.1487343686889788 0
1451 3.23463837031141 1.867945771113626 0
1452 3.165210990913462 1.914901753716506 0
1453 3.153007643518892 1.579930899201928 0
1454 3.224752472176095 1.387676200878961 0
1455 2.881086445010139 0.1581670687955153 0
1456 2.810157787615505 0.1189913707570257 0
1457 2.744304574817109 0.1583058872619492 0
1458 3.223520387657676 0.5927117418609437 0
1459 1.169836286498251 0.9935625727789419 0
1460 0.9668195052817905 1.670469039496885 0
1461 2.872133424124424 1.82261823401374 0
1462 3.635215358112764 0.9899721816999634 0
1463 2.662373211212217 1.832499603883121 0
1464 1.649671767086153 0.396213874171302 0
1465 1.718072897322033 0.3566811079696297 0
1466 1.649634483423619 0.3172220377758555 0
1467 1.718262324397488 0.278119774949212 0
1468 1.653950035664113 0.146813409350214 0
1469 4.04731157267639 0.8303415747399689 0
1470 1.786575617853494 0.3960267827252169 0
1471 1.240861485040021 1.747905277746801 0
1472 1.377761567910225 1.588970325377425 0
1473 2.381004303612807 1.832421577835302 0
1474 3.155837531466741 0.1469300349933813 0
1475 1.444393617623828 0.3568239127419847 0
1476 1.786105497905838 1.666628569782123 0
1477 1.512461874475491 1.110381178425172 0
1478 1.71827212856102 0.6727099965069967 0
1479 1.786667574201714 0.6331539167100196 0
1480 1.444337109749888 1.30829736403351 0
1481 1.376164844285185 1.349136514449361 0
1482 1.444974283740922 1.389107731984651 0
1483 1.308914461423916 1.390558750884657 0
1484 1.581794740504718 1.389081310430964 0
1485 1.924998316873562 1.587776306181548 0
1486 1.855116490588417 0.6726638807032936 0
1487 1.923467950143639 0.6330811135258561 0
1488 2.88102200292078 0.3953055711243073 0
1489 0.8958909113868381 0.8358136543900772 0
1490 3.566293789215106 0.6320731408045687 0
1491 1.991903498618941 0.6725912246837297 0
1492 2.060267122875445 0.6329892375599153 0
1493 3.703466272522101 0.4732040003926749 0
1494 2.169265305733694 1.844249763097674 0
1495 0.2774943257837991 0.6385668949322729 0
1496 0.3461732352055784 0.5985298793547897 0
1497 1.649223506864279 1.110336924617612 0
1498 2.74430160698592 0.3953106361499652 0
1499 2.128710681282191 0.6724706105756488 0
1500 2.197098539433453 0.6328838987523947 0
1501 3.911201003859655 1.54516810032513 0
1502 0.8293827052471002 1.592245161722873 0
1503 0.8981481227044819 1.551871642490295 0
1504 2.607487018365731 0.3954246530186732 0
1505 1.991383380892132 0.9119562040312335 0
1506 2.059930579693105 0.8718981428783431 0
1507 1.92290015219516 0.8726644873741387 0
1508 2.128904948596161 0.9106007515540493 0
1509 2.675846750640762 0.5930266397565064 0
1510 2.607478589088259 0.6325903960389723 0
1511 1.511920619466964 1.821496159639334 0
1512 1.444339314892741 0.2778109210500055 0
1513 2.539033870470533 0.5931300348701782 0
1514 2.470679419147329 0.632683408812484 0
1515 2.464153328637597 0.1679819485972416 0
1516 2.33388982507543 1.587426624516509 0
1517 2.265230230731361 1.619182009631998 0
1518 2.333879944041292 0.3956312271386881 0
1519 0.1381696696315743 0.1584153881687021 0
1520 0.1296504744985166 0.07247391643484884 0
1521 2.470676146714078 0.395529650682952 0
1522 2.607029524763437 0.1476043178668114 0
1523 2.265545117973599 0.6723454939096546 0
1524 2.333923520887794 0.6328050462469191 0
1525 1.651380391556133 1.588356691875189 0
1526 2.264846250703521 0.911914724356325 0
1527 2.333562579880659 0.8715504488977817 0
1528 2.402492929550959 0.9103240688768808 0
1529 2.061336524585822 1.350506027175095 0
1530 2.332937320567495 0.1619178254384138 0
1531 2.266128815317072 1.152653416660896 0
1532 2.33474258770803 1.110860220017995 0
1533 2.403642905064322 1.151010957133897 0
1534 2.056618067843557 1.59157945651846 0
1535 2.202523982502531 0.1461683985897443 0
1536 2.130651472413792 0.1264260253781524 0
1537 2.056290215119219 0.1465484389120225 0
1538 2.197104127361098 0.3957269300558685 0
1539 2.060317284194693 0.3958089327575879 0
1540 1.923124219595111 0.1605308214649847 0
1541 2.538438577563271 0.911580138335674 0
1542 2.607138304997099 0.8712499634743571 0
1543 2.676265431875124 0.9095400498623429 0
1544 2.198199394008921 1.350124812114122 0
1545 2.488968285091625 0.0617866910101922 0
1546 2.330879633869841 0.07995821084065176 0
1547 2.644736842099409 0.06837042661489484 0
1548 2.089240672141181 1.934390164995548 0
1549 1.540761004103355 1.936308458224633 0
1550 1.934937035719339 1.930669390475628 0
1551 3.197368421050086 0.06837042661495724 0
1552 1.777775955741084 1.918512333438192 0
1553 3.354689830245146 1.935212500825924 0
1554 2.957521757399184 1.92395759190978 0
1555 2.565997168717645 1.936076055258323 0
1556 0.9904582228332278 0.06799071206337776 0
1557 1.929286388365282 0.07535495650525624 0
1558 1.780060622778144 0.07833952158373163 0
1559 1.379311155613142 0.08001350873994918 0
1560 2.399556690201963 1.919325544238105 0
1561 1.580916621437234 1.149847651006895 0
1562 3.497454627662608 0.3549378941379314 0
1563 1.923528503838041 0.3959029554268397 0
1564 1.583015758470491 1.628053229742819 0
1565 2.403489624519101 1.38917249296101 0
1566 1.924147203721822 1.192703045766597 0
1567 1.992991967262055 1.390177047285747 0
1568 3.360521243147567 0.9101311856772811 0
1569 1.44622112052232 1.628409308285434 0
1570 1.58152001291932 0.8308113133009024 0
1571 1.787791419896242 1.430026309699087 0
1572 1.719967301237783 1.70672771216221 0
1573 2.471786257836828 1.349597683528742 0
1574 1.170759608098203 0.2782888191586942 0
1575 2.548235120956678 1.668233044390171 0
1576 2.675941771826801 0.6720601103683591 0
1577 1.718206899137412 0.5936839717026074 0
1578 2.539731285934409 1.152092304723599 0
1579 2.608311568288579 1.110444782578669 0
1580 2.677207792255056 1.150543107719538 0
1581 1.514529988863893 1.588681010480217 0
1582 1.307585704330331 1.071367541985309 0
1583 3.086506238414118 0.592814020296946 0
1584 2.129928639255554 1.389665634051323 0
1585 0.6215631544003171 0.7577171094381761 0
1586 2.540259198203769 1.38896655898484 0
1587 1.787349958167435 1.350475020567288 0
1588 2.964161816214329 1.63992207969168 0
1589 1.855034395566763 0.5936090694313803 0
1590 3.223388876236887 0.3553364097610724 0
1591 2.266673617873166 1.389476588822045 0
1592 2.334969218414808 1.349893177854721 0
1593 1.512919543263805 0.5543111163734514 0
1594 2.94955685239538 0.75110184326731 0
1595 0.8286617977468076 0.0814491733859334 0
1596 3.978032270011648 0.3933862036085538 0
1597 0.6209436593656275 0.6769549526689036 0
1598 1.991833622351022 0.5935246299636685 0
1599 3.430293936892198 1.347535788501363 0
1600 2.949563907510992 0.5928371398546379 0
1601 3.018036725000022 0.3160642110927339 0
1602 2.608573263379942 1.349359938059841 0
1603 1.239133392220546 0.4754631325782642 0
1604 3.223603351504476 0.8304290545298177 0
1605 0.5522214888450609 0.6373283856757992 0
1606 1.307619601518172 0.5148934814641911 0
1607 2.813406588481818 1.151459847749861 0
1608 2.881921406281825 1.109951926397813 0
1609 2.95087893372082 1.149006680812868 0
1610 0.9645218786173136 0.4759017810250883 0
1611 3.430447834620995 1.426724475984822 0
1612 1.512967664667767 0.6333235444890365 0
1613 2.128639461847794 0.5934253738380999 0
1614 3.429073783973736 0.552933634425949 0
1615 1.172417818527375 1.549914982962347 0
1616 3.360566934051093 0.8306394400462207 0
1617 3.498466197428231 1.148969570293978 0
1618 3.582227668177008 0.0745048435032776 0
1619 2.265454018551786 0.5933266512693307 0
1620 2.744329722198736 0.6324791854158365 0
1621 2.677050470927065 1.388722787371552 0
1622 2.402228896531942 0.5931984550459096 0
1623 4.1173901950031 1.584715592058797 0
1624 4.186222788821435 1.545046443135614 0
1625 3.97969444657399 1.346561753530372 0
1626 1.444554885000051 0.6728817925686644 0
1627 1.033743305066744 0.4360682285297114 0
1628 3.748947675541542 0.06926040786066506 0
1629 3.360670106794929 0.7510185986195944 0
1630 2.40232243015528 0.6722659149653359 0
1631 3.63614313215107 1.386774035031842 0
1632 3.772571604826388 0.8301866389643611 0
1633 4.115710266683315 0.4725295582010313 0
1634 2.539140454902885 0.6721689913887794 0
1635 0.3470927750024889 0.9967713546765287 0
1636 3.361669822850243 1.30813198654286 0
1637 4.067414311182842 0.06906698315940847 0
1638 0.591084425714535 1.937185919426572 0
1639 3.979586628760552 1.187601693789986 0
1640 1.034927516464595 1.313096526541117 0
1641 2.745412057083129 1.349066547913064 0
1642 3.154929896806417 0.39497865118119 0
1643 0.4852137866646311 1.155440528214881 0
1644 3.841363203086236 0.8698277636162106 0
1645 0.7594116257608402 0.3577836774520496 0
1646 1.376142650841842 0.712441999392695 0
1647 4.18505409003964 0.6714242168250092 0
1648 1.103893775199981 1.510563927371706 0
1649 0.7604279726938713 1.234362925365727 0
1650 0.6235225260141493 1.55310159496179 0
1651 0.4156063669586317 0.7183084387930587 0
1652 2.812726232383468 0.5929194406027763 0
1653 3.772034883306311 0.4334757540284624 0
1654 3.979392461722495 1.028547015710176 0
1655 4.145630123730939 0.06868719241108526 0
1656 1.239477353055307 0.554289679035958 0
1657 0.554491892937983 1.354015224877356 0
1658 4.317757986935883 1.147371380214641 0
1659 2.81227893252008 0.9107360641534179 0
1660 0.5534357557494476 0.3181204411859082 0
1661 2.813894683327608 1.388463743245428 0
1662 0.6916297577571703 1.19478561548323 0
1663 0.138528539000575 0.3993192017153139 0
1664 4.18951152219338 1.870788020370866 0
1665 0.2792789484740769 1.354139683123168 0
1666 3.772266286832047 0.6714710320966273 0
1667 3.42911450900509 0.6321086817398768 0
1668 2.882230314771916 1.348832872059559 0
1669 3.01805663384857 0.3950619811216132 0
1670 0.2087996665910874 0.8378471503139684 0
1671 2.881150453691556 0.6323748792975707 0
1672 0.6907704820813161 0.8772602311265377 0
1673 3.909566367115647 0.6714994028644496 0
1674 3.909540245971082 0.5920754012717641 0
1675 3.63602686209384 1.307543252576663 0
1676 1.035571352625819 1.550295155269175 0
1677 2.950802724444192 1.388188358848482 0
1678 0.9663139016343177 1.273685608118608 0
1679 4.048490084100866 1.386143674563549 0
1680 1.30788883631673 0.7525448802178966 0
1681 0.0698666959155283 1.23924363987359 0
1682 2.812744181301308 0.35572216187196 0
1683 3.019199461369336 1.34852393628696 0
1684 3.635558971764143 1.704051153942215 0
1685 0.4153794835408147 0.6386645340809739 0
1686 0.3473525365137112 1.076286924410261 0
1687 0.2797371288269017 1.593356254689052 0
1688 0.2097268748865438 1.473731371110415 0
1689 2.675916593152475 0.355871215155788 0
1690 3.08772090584076 1.388081972213295 0
1691 0.416445640023248 1.1953271768219 0
1692 2.539112162970905 0.3559993162981656 0
1693 4.252011072416915 0.7098977674530182 0
1694 4.185729351852637 1.624761182093118 0
1695 3.156144201473511 1.348289617121103 0
1696 2.402296869608668 0.3561121964687895 0
1697 0.5547760510968933 1.513324018160024 0
1698 1.034656687016167 1.154902027830972 0
1699 1.036296153664174 1.787267691712025 0
1700 2.265517967833128 0.3562196301583516 0
1701 3.70461138984597 1.267785133017415 0
1702 2.128760833675849 0.3562966116441133 0
1703 0.4146479044182905 0.55826054138925 0
1704 0.1398745671728212 0.8778292549740554 0
1705 3.224599984302979 1.308542222504591 0
1706 1.035785224385205 1.708840044633464 0
1707 0.965958827645349 1.115330155492009 0
1708 1.991970780813604 0.3563859147027525 0
1709 3.293085543195593 1.26887026451681 0
1710 1.855113074973606 0.3565058048790374 0
1711 0.3475186771673053 1.155744515244331 0
1712 2.949581343498955 0.6719591203284289 0
1713 2.744517754345894 0.8696778967673586 0
1714 2.471250432178465 0.8703210797165839 0
1715 0.9668606604432194 1.590837223060874 0
1716 0.8981864805266533 1.472148911948389 0
1717 0.1387954095404901 0.4790173160656364 0
1718 2.197698534619755 0.8706012504220503 0
1719 3.429153693314031 0.7114325814879977 0
1720 0.2771989655096611 0.5588520121018719 0
1721 0.279264332398221 1.513616040039302 0
1722 2.88109872275186 0.7903869862513354 0
1723 3.704546614894382 1.188388500308103 0
1724 1.239992559640752 1.351941932754392 0
1725 1.376083042530505 0.8713915448381434 0
1726 0.1409481600419684 1.355077193378112 0
1727 0.2767495524374699 0.478648332948166 0
1728 4.048379980903893 1.306615676876911 0
1729 3.292798524415582 1.189364267115735 0
1730 0.7586004530314355 0.5171929625602345 0
1731 4.25278642171539 1.584630369274433 0
1732 3.773206989176454 1.148381903595189 0
1733 3.840928855371725 0.7111597263231593 0
1734 4.048285502597469 1.227095434261805 0
1735 0.2783996224803152 1.116315293870298 0
1736 0.9656427799246634 1.036457316089608 0
1737 0.06955823788923085 0.5194790315274531 0
1738 1.717522162551221 1.229085024293297 0
1739 3.841051856684788 0.7904861433845205 0
1740 4.048201720221803 1.147534489833433 0
1741 0.2095427707911265 1.156793308965415 0
1742 1.717760167676638 1.150607659130494 0
1743 0.4182127255123684 1.751897474040774 0
1744 3.909880251234426 0.8302124751111782 0
1745 1.239536822157453 0.7930191145721879 0
1746 4.048090729561105 1.067888530476391 0
1747 0.4863527863898772 1.789191721678766 0
1748 3.566872907487026 1.02985613397954 0
1749 4.047750111624285 0.9886815335421824 0
1750 3.978793657426032 0.8700741520411756 0
1751 3.02475652610638 1.587676503909063 0
1752 0.8281011845564819 0.475756048651214 0
1753 3.301302270712416 1.591364264255002 0
1754 3.670963648244407 1.935376545208666 0
1755 1.85499883000302 0.912129939540667 0
1756 3.018443676691676 1.108617863142981 0
1757 4.047491862552113 0.9093108381878614 0
1758 2.745567754891681 1.110702942468112 0
1759 2.472019056368447 1.111199290044833 0
1760 0.6900688363216272 0.7974521913802741 0
1761 2.198459479413088 1.111640070738752 0
1762 1.23977660436115 0.6339466089604708 0
1763 0.896189000667081 0.4359711022360628 0
1764 4.116201207891139 0.8696102297017135 0
1765 1.239751535020554 0.7138699688526258 0
1766 4.184308388542799 0.9093397885447573 0
1767 4.247838122539296 0.8714120872158873 0
1768 1.239565592039591 1.112403183664451 0
1769 1.307823151844975 1.231186501208562 0
1770 1.308147101669947 1.310788363098244 0
1771 1.581357886463245 1.867588182847133 0
1772 0.9648529632947132 0.9564436351535877 0
1773 0.1398569657890027 1.197701283410685 0
1774 1.222328795705195 0.05843703511105703 0
1775 0.06689484636322002 1.399470927770586 0
1776 3.772744134795379 1.859078265780401 0
1777 0.2106676072596176 1.39313892922537 0
1778 3.100708240833872 1.888486474620765 0
1779 2.733062678692497 1.930857917508545 0
1780 4.302631578948138 1.93527390669156 0
1781 3.397239654353251 1.695591152199246 0
1782 1.036818515853731 1.874082278219789 0
1783 1.14473684210716 1.935770052409932 0
1784 1.697368421057871 1.936135468012538 0
1785 4.377935330849786 1.928421469877815 0
1786 0.6678529210643531 0.06724539972290318 0
1787 0.627830621705643 1.869991381229562 0
1788 2.40409404254623 1.623322764934002 0
1789 2.535257289544264 1.869128972857845 0
1790 1.44496801460517 1.859781674990914 0
1791 0.4896483198742187 1.863930608594475 0
1792 2.255981667122314 1.93620169010212 0
1793 4.31710674614371 1.628637521114103 0
1794 2.170324802211724 0.06697737212974038 0
1795 1.540060963176253 0.06702096664828307 0
1796 2.756921777283353 1.658224201944063 0
1797 4.317303616354541 1.309123928379592 0
1798 1.851296377661396 1.701409551484265 0
1799 3.01901651886031 1.864914808860503 0
1800 0.7471482837724077 1.937635937106757 0
1801 1.620249480693518 0.06695924879809245 0
1802 2.090093905584639 0.06684524963370145 0
1803 3.318410460939941 1.872680479320279 0
1804 4.315327468727543 0.7514258175610815 0
1805 4.371101998171914 0.3974303329938387 0
1806 1.043920014897898 0.1240093400809632 0
1807 0.9006227248157652 1.939566170005203 0
1808 3.080495252182009 0.1301635832222975 0
1809 4.05389677628833 1.941010921897011 0
1810 2.681221842494842 0.1293020035599162 0
1811 3.631578947368396 0.1262033470890647 0
1812 3.093516387050268 1.615765596662544 0
1813 0.3527892901367626 1.943638702318269 0
1814 0.5851240081546688 0.06475145901198173 0
1815 0.4777556758259147 0.1306145448414992 0
1816 2.022683641990933 1.797193050137588 0
1817 3.322022521742123 1.678591488044774 0
1818 2.518839005946902 0.1259519291021745 0
1819 4.183618749978127 0.1278847386622737 0
1820 2.474823139779389 1.577907548668842 0
1821 1.144736842101714 0.05619022865984485 0
1822 3.230785576752921 0.1288954130097621 0
1823 1.725966666899459 0.1310073912542294 0
1824 1.983436394111629 0.1303420071543786 0
1825 2.127147317728359 1.622117236753978 0
1826 2.048583674043809 1.870901941317085 0
1827 1.434522600672097 0.131447737806373 0
1828 3.779043968746061 0.129049951185309 0
1829 2.27490816505694 0.1317151147760007 0
1830 0.8851185313728639 0.1329984964157322 0
1831 0.7718628746717823 0.13272422514025 0
1832 0.3538006191724566 0.05355648064324617 0
1833 4.242053019115824 0.1589421515886987 0
1834 2.803489536781754 0.05323194900080126 0
1835 2.814430211684381 1.609822457445232 0
1836 3.509347017840935 0.05209084061589791 0
1837 3.907894736844371 1.947004662295907 0
1838 4.309836646175288 0.2761421780262674 0
1839 1.314954560531453 0.1332130885184781 0
1840 1.838937547735033 1.867691690644147 0
1841 4.300689163615296 0.0545164079817632 0
1842 0.2001203587283721 1.945857688504877 0
1843 2.805194788744066 1.950557237296103 0
1844 4.036672418819905 0.1284062785275653 0
1845 2.394458358125047 0.1327884293628198 0
1846 2.200407920233153 1.579389687986194 0
1847 1.849757576483489 0.1292163100348756 0
1848 4.306121998044507 0.1987311462980421 0
1849 0.1973684210521283 0.05207627682423773 0
1850 4.311903243241738 0.5143142686148197 0
1851 2.95764836930528 0.05393872031015695 0
1852 4.310539687323951 0.436275144173988 0
1853 4.371441647930578 0.3181920601403613 0
1854 2.611059598951945 1.88023142726116 0
1855 3.908003473488681 0.05154884614700573 0
1856 4.374810639931779 0.7149663286512187 0
1857 4.374191342852723 0.5531552691079611 0
1858 4.375109445208882 0.6330349346705619 0
1859 4.310634773728856 0.8361687424656332 0
1860 4.312943525263081 0.9930680632920099 0
1861 2.322274202656939 1.876578576878654 0
1862 3.109813520623786 1.948535335686241 0
1863 4.375980663966726 1.272338643612495 0
1864 4.376087865625601 1.592429791014848 0
1865 3.181101029427056 1.638149789533476 0
1866 4.315174495459345 1.388886728222194 0
1867 4.310263275733275 0.9145120392395355 0
1868 4.374481340131197 1.03449981975638 0
1869 4.375718300663577 1.112176660069127 0
1870 4.376543090831622 1.191969305471104 0
1871 4.315939397605566 1.714198548145486 0
1872 3.439432379111875 1.646602748301752 0
1873 4.2604077783039 1.885765991130924 0
1874 4.375336884898404 1.431263419461434 0
1875 4.379701587744529 1.758473085674105 0
1876 4.382313876611971 1.839937445409135 0
1877 4.376340164871135 1.511811380696272 0
1878 1.302182846603321 1.947705970787666 0
1879 3.387498295228248 1.879818378999428 0
1880 3.709922418467964 1.884432424279618 0
1881 1.653461219851543 1.885279740551232 0
1882 3.35630454835011 0.04963112737304931 0
1883 0.05846287394370681 0.05873933197367099 0
1884 4.441537126056379 1.94126066802642 0
1885 0.05846287394369421 1.941260668026312 0
1886 4.441537126056614 0.05873933197326473 0
1887 3.513157894740603 1.95294871958272 0
1888 4.163535012395387 1.942710729686852 0
1889 1.508418044731854 1.883755251027814 0
1890 1.104909866819934 1.887143172358103 0
1891 2.52952577511033 1.608090996024606 0
1892 2.117904400571133 1.878016554733961 0
1893 1.909403629626638 1.65029848872214 0
1894 0.5526315789456163 1.888762592295352 0
1895 2.869782861150506 1.563532694027295 0
1896 0.7041628764428793 1.88658262137334 0
1897 2.255297449844324 1.680782620159727 0
1898 2.686156262687153 1.891974132805224 0
1899 1.111527412628374 0.1028828226420935 0
1900 1.01044238750679 1.945255202690796 0
1901 2.895360797041253 1.880286097835433 0
1902 3.573002739811569 1.878204960296312 0
1903 3.218816839173035 1.944646416798933 0
1904 1.25227928527108 0.1088359229391348 0
1905 3.974239718749892 1.877184475865385 0
1906 2.450415881710838 0.1087437059748304 0
1907 7.933153991006206 0.0602109688007369 0
1908 7.383157931787522 0.06466579214292374 0
1909 6.986842105263156 0.06837042661456058 0
1910 6.521157845763058 0.07553589349083507 0
1911 6.118634082111867 0.06961111503116182 0
1912 5.568388148472148 0.07134463643735495 0
1913 5.802631578947368 1.931629573385439 0
1914 7.624017310401908 1.926699279274679 0
1915 6.749514775235405 1.932017844381235 0
1916 6.275661456024851 1.936977212516253 0
1917 7.142918379138552 1.925978716166882 0
1918 8.013031161837144 1.938428507339496 0
1919 4.565942039360118 0.9999912466890524 0
1920 8.930717967697532 1.000000000003939 0
1921 5.406285689471769 1.935518015253706 0
1922 8.256302593815644 0.07108201815939542 0
1923 5.250000000000001 0.0683704266145598 0
1924 8.930430888790271 1.319034062949905 0
1925 4.561699587693912 1.315765487017974 0
1926 8.930717967696957 0.6800000000028296 0
1927 4.564200242580179 0.6785392895449134 0
1928 8.32816659844152 1.939297830390063 0
1929 5.089710663088337 1.925555725744746 0
1930 8.929852780092437 1.559347157510246 0
1931 8.930715859652363 0.439841865002836 0
1932 4.568413909563581 0.4414259446254638 0
1933 6.045873744883282 1.933119846897372 0
1934 5.802631578947369 0.06837042661456058 0
1935 7.377157659204382 1.938091796008799 0
1936 7.620273191105438 0.07106352140244097 0
1937 6.513157894736839 1.931629573385439 0
1938 6.753518366478911 0.07256393022152155 0
1939 8.489158907967647 0.07094266893482157 0
1940 5.018070852637771 0.07402395718071669 0
1941 4.561251062658284 1.556491348460482 0
1942 8.570132895174936 1.926703313354887 0
1943 4.854730172102248 1.935554554036722 0
1944 8.72283409294036 0.07065085157565767 0
1945 4.769253470081067 0.07645458936790421 0
1946 8.93076228786045 0.2799211416701352 0
1947 4.56709391219794 0.278705339874778 0
1948 4.565794073883945 1.719954968245483 0
1949 8.930188433156321 1.718764022405238 0
1950 8.930370489198687 0.8396688571825468 0
1951 4.569266472731845 0.8399715944173587 0
1952 4.565352634519437 1.155506375555483 0
1953 8.930222113560459 1.159471547843721 0
1954 7.146343357094307 0.0539778074809867 0
1955 6.266997838545892 0.0753391026776699 0
1956 8.170816479790178 1.923927387126104 0
1957 7.770436198545492 1.926683449886039 0
1958 5.639047818579145 1.932924971513736 0
1959 6.908060469655318 1.936034991803992 0
1960 5.970618437458479 0.07393566606684125 0
1961 7.770686385913319 0.07371503461311536 0
1962 8.085648247990308 0.07143345065766517 0
1963 5.419796142277166 0.07465865872144443 0
1964 5.249999999999995 1.931629573385439 0
1965 8.722637352851899 1.927221694960526 0
1966 4.698853579721373 1.932740983117704 0
1967 8.932606064230999 1.876842418867245 0
1968 8.93270985944492 0.1218001340411518 0
1969 4.5673884394858 0.123160015592513 0
1970 4.56132845111502 1.879148107436296 0
1971 8.930773380781385 0.1998882561275301 0
1972 8.861132079479903 0.2385630445196292 0
1973 8.861530815907219 0.3194639698926475 0
1974 8.792585741485039 0.2795742401821698 0
1975 8.7925806965943 0.3594114217998997 0
1976 8.72358179660807 0.3193040344298542 0
1977 8.723598663395137 0.3990743429525696 0
1978 8.654640683821405 0.3590091138722127 0
1979 8.654658718373668 0.438734853274873 0
1980 8.585717928157235 0.3986488905964731 0
1981 8.585755269845809 0.4783671726367008 0
1982 8.516855920920957 0.4383024149474247 0
1983 8.516895423684897 0.5179801866542415 0
1984 8.448186505073316 0.4781913093970145 0
1985 8.448020219875968 0.557658158312709 0
1986 8.379423889605571 0.5178610658113927 0
1987 8.379181941630558 0.5972485494049777 0
1988 8.310632646248035 0.5575305597994424 0
1989 8.310506439525994 0.6367714079828005 0
1990 8.241926475025974 0.5971139346896606 0
1991 8.241863420283256 0.6762998830681439 0
1992 8.173302973777545 0.6366037257589054 0
1993 8.173208264443955 0.7158039013908072 0
1994 8.104469733242176 0.6756456992290822 0
1995 8.104512698751833 0.7552212966339193 0
1996 8.035693093688451 0.7146532764788108 0
1997 8.035856455751837 0.7946101299841921 0
1998 7.967445380964246 0.7551204599940927 0
1999 7.967307960313285 0.8342310441634104 0
2000 7.898638360762011 0.794129388343912 0
2001 7.898697762142824 0.8736410773999521 0
2002 7.829838640966494 0.8330426098425281 0
2003 8.035676779753086 0.8741176714611039 0
2004 7.830115705913923 0.9129957254954394 0
2005 7.761554704311395 0.8730645302800119 0
2006 7.761622102399917 0.9525517708007805 0
2007 7.693238953552865 0.9129089649368179 0
2008 7.693122269806763 0.992072858980046 0
2009 7.62459304364322 0.9519475241103376 0
2010 7.624582444640255 1.031417934827194 0
2011 7.556010648235876 0.9913056066975978 0
2012 7.76100210909569 1.032307163461484 0
2013 7.556064333359178 1.0708205203604 0
2014 7.487667659548718 1.031207963199797 0
2015 7.487261020601743 0.9508260791197056 0
2016 7.419311653641333 0.9917193096434147 0
2017 7.419210534539609 1.070733779493208 0
2018 7.350825252199122 1.031145514363319 0
2019 7.350429991020463 0.9508010413036564 0
2020 7.282444679936491 0.991547661752024 0
2021 7.282387337102169 1.070490585894561 0
2022 7.214018673925993 1.030882297148992 0
2023 7.213376063404014 0.951652782290932 0
2024 7.145383711508807 0.9914959758304767 0
2025 7.145514123146915 1.070960158136948 0
2026 7.07692106313789 1.031536819709929 0
2027 7.077050777225217 0.9521198193603182 0
2028 7.00869949839807 0.9913848955661007 0
2029 7.008584064458104 1.070778017360321 0
2030 6.940459618171322 1.030912980080517 0
2031 6.940169625704677 0.9512710923116008 0
2032 6.871683172637857 0.9905928549909447 0
2033 6.872126929449584 1.070687095411593 0
2034 6.803486939565112 1.030441292193708 0
2035 6.803309513876297 0.9510167006777038 0
2036 6.73508791877731 0.9907890732551997 0
2037 6.734607554679815 1.07149077416501 0
2038 6.666682954393545 1.030266462866068 0
2039 6.66653893791083 0.9508613846992409 0
2040 6.598057499095657 0.9902070590978922 0
2041 6.597688922692511 1.071378433844101 0
2042 6.529887927851131 1.030091832060893 0
2043 6.529720509838809 0.9506878804644472 0
2044 6.461497915984619 0.9904458395231894 0
2045 6.461198137513366 1.070432902227022 0
2046 6.393062387153116 1.030133241399056 0
2047 6.392961569801541 0.9505803400357802 0
2048 6.324474761162251 0.9899287675241709 0
2049 6.324416825339825 1.070149011844808 0
2050 6.256211923209901 1.029895759997599 0
2051 6.256381625642702 0.9507274056969431 0
2052 6.187864704976363 0.9901673894450485 0
2053 6.187750611387093 1.069290197695245 0
2054 6.119344316593018 1.029620116811871 0
2055 6.119348686706631 0.9502906943033642 0
2056 6.050771308572322 0.9896958893664732 0
2057 6.050515056503397 1.069463575865646 0
2058 5.982007026671391 1.029876259203846 0
2059 5.982365761883985 0.9501761995358569 0
2060 5.913776446592964 0.9898103437675643 0
2061 5.913333635596069 1.069892057146316 0
2062 5.845185547934006 1.029383771819232 0
2063 5.845205346455115 0.9499180550834425 0
2064 5.776674456441075 0.9895609925985905 0
2065 5.776244577049194 1.069837079216637 0
2066 5.708038454655682 1.029073899729542 0
2067 5.708139810959842 0.9498311955300967 0
2068 5.639445569652647 0.9893491288363099 0
2069 5.639295045931481 1.068802467332691 0
2070 5.570724488879305 1.028933264304534 0
2071 5.57083517353013 0.9496090154067345 0
2072 5.502025551138271 0.9895242831985265 0
2073 5.501845883429781 1.069131591755772 0
2074 5.502194016545555 0.9099150501294384 0
2075 5.433476923501587 0.9497513790656466 0
2076 5.433565746104694 0.8700923343800235 0
2077 8.310206680866388 0.7160386023806545 0
2078 5.502317470238907 0.8305334471898176 0
2079 7.693206567710808 0.8335248266242736 0
2080 5.364911430552046 0.9099557012212021 0
2081 5.364902752425415 0.8303525548800176 0
2082 5.29611574787486 0.8699658064761021 0
2083 5.296134218642822 0.9495868562898804 0
2084 5.296217333667681 0.7905524730168692 0
2085 7.898390951887423 0.7141274451938855 0
2086 5.227287554575888 0.9095826594995804 0
2087 5.227197187049466 0.9890632360320772 0
2088 5.158387518183013 0.9491770351056388 0
2089 5.158295853830958 1.028703748059541 0
2090 8.104648463058689 0.5966563385388256 0
2091 8.516454669123704 0.5975606055961784 0
2092 5.089459357509313 0.9888179542807141 0
2093 5.089632560266443 0.909327617957179 0
2094 5.08936311425378 1.068351396404288 0
2095 5.158163198149035 1.108296163393258 0
2096 5.089273120084771 1.147896789986386 0
2097 5.158049296782497 1.187807839707552 0
2098 5.089193107259327 1.227412848578979 0
2099 5.158014484665717 1.267225358244373 0
2100 5.089133071551958 1.306887015698456 0
2101 5.157898021643062 1.3466774383811 0
2102 5.089069765823156 1.386327743667957 0
2103 5.157776033339236 1.426129777039828 0
2104 5.22659994292703 1.386501056059049 0
2105 5.08896477970309 1.465783730291295 0
2106 5.226438032021298 1.465916433888685 0
2107 5.295234465498497 1.426277897384089 0
2108 5.020272265101725 1.425987281286965 0
2109 5.020182111797941 1.505406542728027 0
2110 5.020490082029285 1.10804085207725 0
2111 5.295129880259283 1.505582970920652 0
2112 5.363825573747854 1.46603504658343 0
2113 8.310223458817658 0.4780056334515724 0
2114 5.363727006956208 1.54526584888482 0
2115 5.43238346329871 1.505754979906373 0
2116 4.95144951534928 1.46562374741024 0
2117 4.951404368129524 1.545042812955269 0
2118 5.432285888982305 1.584947823177585 0
2119 5.500905461996489 1.545443438405661 0
2120 5.501031600879261 1.466257857484124 0
2121 5.569533383112777 1.505948102221349 0
2122 5.569660271110732 1.426769548242238 0
2123 5.638159042294007 1.466468824497082 0
2124 5.638010559181804 1.545645541008332 0
2125 5.706648247447358 1.506148694827743 0
2126 5.706770310447558 1.427008826543674 0
2127 5.775240888705925 1.466691559104443 0
2128 5.775117311303745 1.545804868502307 0
2129 5.843677117633552 1.506362669864263 0
2130 5.843557204672106 1.585442584952403 0
2131 5.912105340068359 1.546016417442698 0
2132 5.912236868378781 1.466939950296898 0
2133 5.98065207019034 1.506593025180813 0
2134 5.980786095194312 1.427532820309707 0
2135 6.049183259909236 1.467190240358395 0
2136 6.049052929735965 1.54624429466884 0
2137 6.117567783681058 1.506837745961694 0
2138 6.117441012794361 1.585866238655747 0
2139 6.185937962478829 1.54646849021615 0
2140 6.186078311047831 1.467446617772085 0
2141 6.254437040271353 1.507075471691752 0
2142 6.254584125889961 1.42806671863063 0
2143 6.322935240206133 1.467689798673099 0
2144 6.322785339077321 1.546707087465942 0
2145 6.391284597210961 1.507308189455296 0
2146 6.391422278848973 1.428310602845554 0
2147 6.459763902381241 1.467929204739695 0
2148 6.459630267162614 1.546919741276006 0
2149 6.528102550721723 1.507543366003025 0
2150 6.527946798107825 1.586552494998696 0
2151 6.597988489152229 1.549860446325378 0
2152 6.596833000949058 1.468621266898431 0
2153 6.666762835583637 1.511009865487872 0
2154 6.665396648638869 1.429412336295834 0
2155 6.733742843344642 1.469049161406068 0
2156 6.733881612307533 1.547340290402809 0
2157 6.801874255458121 1.508116267798741 0
2158 6.801931750818555 1.42916082524912 0
2159 6.870214267246272 1.468684154852062 0
2160 6.870070377405058 1.547647859103111 0
2161 6.938511965802222 1.508265759171494 0
2162 6.938369980457576 1.587236805024629 0
2163 7.006829494849843 1.547865981363366 0
2164 7.006966952099212 1.468889072015321 0
2165 7.075292434563861 1.508496402482374 0
2166 7.075431005387117 1.429517241601451 0
2167 7.143759504452346 1.469127172586909 0
2168 7.143622441165403 1.548106031583303 0
2169 7.212087832845709 1.508737834894954 0
2170 7.211950654790522 1.587715633817385 0
2171 7.280414722411997 1.548348007364006 0
2172 7.280555551314463 1.469369203344943 0
2173 7.348884534887929 1.508980836707115 0
2174 7.349314295820027 1.429501490483202 0
2175 7.417694543084943 1.469033532752351 0
2176 7.417279344174489 1.548505021292784 0
2177 7.48576345490784 1.509121441147859 0
2178 7.486635207922234 1.42835159851839 0
2179 7.554171512534215 1.469858933904158 0
2180 7.554026116783686 1.5488490664823 0
2181 7.622508128669677 1.509484016987673 0
2182 7.622883778557521 1.429762424628521 0
2183 7.691000317788457 1.470044355849237 0
2184 7.69084694525568 1.549098454754786 0
2185 7.759333616981423 1.509724405215137 0
2186 7.759524257427879 1.430581194270205 0
2187 7.827835476096693 1.470332684180599 0
2188 7.828029592079635 1.391313676321168 0
2189 7.896358580370401 1.430978799566928 0
2190 7.896510672024652 1.351944119140634 0
2191 7.964903314871542 1.391597939753016 0
2192 7.964919539351087 1.470948821763989 0
2193 8.033583888335638 1.431578784009352 0
2194 8.03353749164156 1.352222956739657 0
2195 8.102266141887361 1.392157563171962 0
2196 8.102183303455373 1.312746265448414 0
2197 8.17062154125334 1.352403028065767 0
2198 8.170794738377129 1.273187871952797 0
2199 8.239357612802834 1.312927538072777 0
2200 8.239192660592565 1.392268699425765 0
2201 8.307975234740319 1.35280155447835 0
2202 8.308125777362001 1.273386143875122 0
2203 8.376781630747882 1.313210614999013 0
2204 8.376956753352875 1.233817928537665 0
2205 8.376620924291865 1.392829245540588 0
2206 8.445648967891007 1.273659496218067 0
2207 8.445814431747472 1.194220808446366 0
2208 8.37709968072299 1.154420484059435 0
2209 8.445961667291316 1.114781221347796 0
2210 8.033673419393754 1.511321007957034 0
2211 8.514552057740826 1.234089758439431 0
2212 8.102189144270447 1.233337574109988 0
2213 8.377234060090514 1.074970460789988 0
2214 8.446099569399493 1.035309126094047 0
2215 7.759179660580703 1.588729931031813 0
2216 5.294958535414166 1.584913415410776 0
2217 5.020108911524556 1.584788230894195 0
2218 5.226800520727389 1.227830284174684 0
2219 8.447349678487003 0.3979245613195384 0
2220 5.364983824419793 0.7509587387084986 0
2221 5.296344128283834 0.7111931172410471 0
2222 5.365078549837046 0.6716313420055148 0
2223 5.296475799944504 0.6318801025889762 0
2224 5.365178243554398 0.5923397833513324 0
2225 5.296573737478545 0.5525542137523256 0
2226 5.227885329450412 0.5921175631769512 0
2227 5.227972129187666 0.5127617326094415 0
2228 5.159279632775425 0.5523701297058045 0
2229 5.365230316071594 0.512985303804356 0
2230 5.433860018981487 0.5527909007323715 0
2231 5.159379438026223 0.4730277581543446 0
2232 5.090630227939409 0.5126119385887733 0
2233 5.433933922825593 0.4735516785458876 0
2234 5.50246929484517 0.5132597375126807 0
2235 5.502576944343052 0.4341090938110576 0
2236 5.571062595128723 0.4737675181683287 0
2237 5.090771582981769 0.4332855312577422 0
2238 5.021975424330686 0.4728439641719637 0
2239 5.021841170126432 0.5522408629167395 0
2240 4.953064437059478 0.5123979565492616 0
2241 4.95296976643904 0.591926221557355 0
2242 4.953147452962036 0.4327675736812827 0
2243 5.57117319554251 0.3946480258554308 0
2244 5.639646216354145 0.4343091648625597 0
2245 5.639542222644295 0.5134152610162754 0
2246 5.708115853822765 0.4739540411508432 0
2247 5.708014259203813 0.5530521927639777 0
2248 5.776571497206771 0.5135710357453167 0
2249 5.776664845869777 0.4344694620762901 0
2250 5.845114148357273 0.4741085362010802 0
2251 5.845043540181093 0.5531964984091677 0
2252 5.913556951577744 0.5137097409357527 0
2253 5.913694530213061 0.4346346265270503 0
2254 5.982071529188122 0.4742441585121894 0
2255 5.982020815657261 0.5533257262186079 0
2256 6.050486514901006 0.5138283133978152 0
2257 6.050600020442056 0.4347667010413399 0
2258 6.118967293803704 0.4743629012123595 0
2259 6.118892812155152 0.5533808448222409 0
2260 6.187359850287736 0.5139217232802866 0
2261 6.18746379802083 0.4348870153284923 0
2262 6.255824358721322 0.4744697237408597 0
2263 6.255748996418109 0.5534724358408523 0
2264 6.324208329257621 0.5140238131186294 0
2265 6.324341203795733 0.4349851408147445 0
2266 6.392696394841346 0.4745429311773844 0
2267 6.392603099268079 0.5535673304859414 0
2268 6.46104176067132 0.5141171343224034 0
2269 6.46118885421776 0.4350581608372591 0
2270 6.529510688252871 0.4746388759192658 0
2271 6.529418837501757 0.5536544138362455 0
2272 6.597848609289718 0.5142058581761095 0
2273 6.597980844773547 0.4351610684678735 0
2274 6.666307504348585 0.4747361930341791 0
2275 6.666205159404532 0.5537514258042963 0
2276 6.734644466230598 0.514303528496859 0
2277 6.734763538159044 0.435264381655535 0
2278 6.8030960416694 0.4748348757903664 0
2279 6.803002393287786 0.5538461866477059 0
2280 6.871438743414264 0.5143980977413032 0
2281 6.871509863512136 0.4354016737926024 0
2282 6.939864071130648 0.4749537087398484 0
2283 6.939795775929466 0.5539431124302607 0
2284 7.008231224529856 0.5144910833283859 0
2285 7.008308557769713 0.4354847413366876 0
2286 7.076670592071846 0.4750258260549241 0
2287 7.076597254520436 0.5540308865901684 0
2288 7.145030332735022 0.514576983465228 0
2289 7.145111996186287 0.4355574720446867 0
2290 7.213471376606378 0.47511156702938 0
2291 7.21340590449031 0.5541205459895676 0
2292 7.281839010861653 0.5146653270537621 0
2293 7.28190008089414 0.4356579423478711 0
2294 7.350274133913618 0.4752092669248381 0
2295 7.350227708423125 0.5542095394480713 0
2296 7.418669377645164 0.5147490330798762 0
2297 7.418717463813874 0.4357443653043293 0
2298 7.487113449460388 0.4752865895792281 0
2299 7.418620963796813 0.5937558452564927 0
2300 7.48715992338758 0.3962778441703486 0
2301 7.555562257122974 0.4358159489831118 0
2302 5.433968134451012 0.394283307776496 0
2303 8.172804195061865 0.7953027266744352 0
2304 7.898649450221367 0.952833072471579 0
2305 6.049323620618983 1.388129108179658 0
2306 5.775365061550865 1.387567168650302 0
2307 8.654499281386261 0.5182617743267097 0
2308 6.459437724359135 1.625967925339681 0
2309 7.624481953592857 1.110509660600517 0
2310 6.459902525606743 1.388934616788813 0
2311 7.3501772025758 0.6332174949422429 0
2312 6.870325397323414 1.389686130407494 0
2313 7.143897804561345 1.390145323040627 0
2314 7.555515728887075 0.5148341848082603 0
2315 7.623968429981915 0.4753643839777365 0
2316 7.624008912677788 0.3963448752588005 0
2317 7.692424925105549 0.4358934345097392 0
2318 5.363955152707861 1.38675574755452 0
2319 8.514858681061861 1.075176631088896 0
2320 8.51499262748977 0.9956602384118538 0
2321 8.583777876201804 1.035556829932858 0
2322 8.583926692207198 0.9560177833823166 0
2323 5.020936831329908 0.9492269903240134 0
2324 5.020373917625648 1.267085352634779 0
2325 8.514384241231513 1.313601524372798 0
2326 8.583352784850714 1.274001730617549 0
2327 8.583178207416019 1.353586116635507 0
2328 4.884116724016749 0.5520178203849433 0
2329 4.88401292758627 0.6316036097167308 0
2330 5.15950211065285 0.3937342253923937 0
2331 6.596302197767959 1.626135875209819 0
2332 5.500810290939739 1.624621819411501 0
2333 7.006702584631342 1.626843474388755 0
2334 5.774990099260461 1.624898886455708 0
2335 5.912032144396129 1.625049970800956 0
2336 6.875393359999078 1.623887372415552 0
2337 5.639816160750703 0.3552330061336273 0
2338 4.951378366912968 1.624422503421505 0
2339 7.280278194034328 1.627323089725383 0
2340 6.185807102122585 1.625491073759315 0
2341 7.690698944773368 1.628099240948146 0
2342 4.88260573244103 1.505283853893509 0
2343 4.882673032606275 1.425764024580525 0
2344 7.692469451547376 0.3568670313854301 0
2345 7.760894056467711 0.3964113381723618 0
2346 7.418766743646469 0.3567441874065606 0
2347 5.090927642958258 0.3539893223875442 0
2348 7.555991244919334 1.149966269286324 0
2349 7.075568902917739 1.350534223086244 0
2350 6.801997312758093 1.350080843095111 0
2351 6.391563512840309 1.349318090482547 0
2352 7.418573200922513 0.6727664895466946 0
2353 7.623925407894085 0.5543877401326494 0
2354 5.980920989651363 1.348466901109121 0
2355 5.706904207446893 1.34786598997551 0
2356 7.828168072224848 1.31229704925415 0
2357 8.377368850070862 0.9954893295020067 0
2358 8.308540328410576 1.035118122390403 0
2359 5.159232538152172 0.6317552840763128 0
2360 8.515112959160565 0.9161341985129197 0
2361 8.584037777843532 0.8764787204814579 0
2362 8.652905843841037 0.9163566028534396 0
2363 8.65300882267697 0.836759042910445 0
2364 5.432210830200589 1.664106005528597 0
2365 6.117317116717463 1.664882220436399 0
2366 5.020046287100434 1.664133795479191 0
2367 7.487197356814223 0.3172839726066786 0
2368 7.759031900917545 1.667731418201813 0
2369 7.211812073491707 1.66669029832758 0
2370 7.760847664166485 0.4754410105984112 0
2371 7.829321022258233 0.4359627059071056 0
2372 7.82936729187233 0.356920724920084 0
2373 7.897802436479221 0.3964800739047509 0
2374 8.652207957984441 1.313931242690706 0
2375 8.652013079763243 1.393536692059182 0
2376 8.582989650185157 1.433183146801712 0
2377 8.651754273024624 1.473133736171818 0
2378 8.582788428997556 1.512727180340072 0
2379 8.651503636414622 1.552678635960913 0
2380 8.582610389885721 1.592241831362079 0
2381 8.65131106578094 1.632160718890876 0
2382 8.582441568254435 1.671709705606636 0
2383 8.51377954647659 1.631833189391733 0
2384 5.639450328104567 0.5925426022359052 0
2385 5.707933378574798 0.6321901610568792 0
2386 4.952887660124043 0.671479480046111 0
2387 4.883916896256353 0.7111922939923896 0
2388 8.585089704800225 0.3187119395927618 0
2389 4.813732636494173 1.46547484722971 0
2390 4.813759130316502 1.544980751532625 0
2391 4.813804368263973 1.385847217758773 0
2392 5.500689157342631 1.703763903475561 0
2393 4.815131333875314 0.5917059919664508 0
2394 4.815273462076435 0.5120738894290799 0
2395 8.51363293565435 1.711185025027629 0
2396 8.445046455368072 1.671396060297487 0
2397 5.571308037836846 0.3155575718015486 0
2398 5.639839287765319 0.276114867219035 0
2399 5.159644850421499 0.3144899637178509 0
2400 7.897840148501373 0.317433782066698 0
2401 7.966284325576336 0.3569922291726351 0
2402 7.14403787460012 1.311160306006273 0
2403 6.870447891185463 1.310686142890953 0
2404 6.460041022056918 1.309942684163151 0
2405 7.350123573172207 0.7122280713697215 0
2406 6.049469885290856 1.309052510588191 0
2407 7.89776052716042 0.4755136905811251 0
2408 5.77552213119121 1.308415073960913 0
2409 7.827517634697596 1.628358785749104 0
2410 7.827361972736683 1.707360886246767 0
2411 7.89665991060235 1.272893749454157 0
2412 5.295943027232841 1.029449559313756 0
2413 7.895771718236396 1.668143095058647 0
2414 8.652364932584534 1.23430212742619 0
2415 7.624083243424638 1.189568341580571 0
2416 8.515212230928014 0.8366335196311188 0
2417 8.721209951148634 1.434601639931184 0
2418 7.280137563918466 1.7062938804739 0
2419 4.951343360457127 1.703765195759213 0
2420 6.185666968540653 1.704499387461509 0
2421 7.966322182449692 0.2779307105007304 0
2422 8.034782123148622 0.3174845591608735 0
2423 7.690552984765529 1.707091639620829 0
2424 8.651112697291985 1.711593652609294 0
2425 4.747586914577208 0.5541562923262794 0
2426 5.090845601197293 0.2744223838179118 0
2427 7.829136408547397 0.2783099822045338 0
2428 7.418676100572889 0.2777562919861048 0
2429 7.895674094220446 1.747042481346407 0
2430 7.964377850382957 1.70835117447435 0
2431 4.744773154560882 1.425622847910596 0
2432 8.720010255503837 1.672062784080415 0
2433 7.486640317364474 0.237986738880242 0
2434 7.555837117112764 1.228991264514846 0
2435 8.721284268370992 1.274269684636539 0
2436 8.721442005439037 1.194583844407476 0
2437 8.444884047151151 1.750642003859707 0
2438 8.376360636926769 1.710883599414972 0
2439 8.376493717337937 1.631654097878648 0
2440 8.307830418786143 1.671133870530875 0
2441 7.075704756812209 1.27154728234227 0
2442 6.802218741411818 1.270910148048953 0
2443 7.828260195039919 1.23324390088013 0
2444 7.896696783437279 1.193826947501387 0
2445 6.391704504089637 1.270326377400793 0
2446 7.418524770394422 0.7517789725843099 0
2447 7.486976724011159 0.7123191490185139 0
2448 8.034741182726655 0.3965650433233461 0
2449 8.103248482959941 0.3570629844971071 0
2450 8.103290897166474 0.2779642835267535 0
2451 8.17177367461367 0.3175447037226053 0
2452 4.750835180645554 0.4748945496764387 0
2453 5.981070245598103 1.269388543997155 0
2454 4.744835129717553 1.345943157645812 0
2455 4.813911382297546 1.306159937708951 0
2456 4.744923378354062 1.266239499769634 0
2457 4.81401384100264 1.226453886560823 0
2458 4.745004684393226 1.18649766173805 0
2459 4.814116378184178 1.146699126789968 0
2460 4.745094547266909 1.106739282681769 0
2461 4.814218087386395 1.066934395908482 0
2462 4.746763750961754 1.029709963561667 0
2463 4.814721974607185 0.987879894850869 0
2464 4.750793446601877 0.9510178595370636 0
2465 5.707047467599104 1.268708110553695 0
2466 8.30796677734962 1.591917746555993 0
2467 8.23930601899335 1.631391127500857 0
2468 8.239170913868479 1.710575551608081 0
2469 8.72192506375243 0.876658802458572 0
2470 8.722025562357594 0.797005753179878 0
2471 8.721810688753306 0.9563138232864558 0
2472 5.088754045724551 1.624520225163042 0
2473 5.088681873375232 1.703806949704755 0
2474 8.170913709503958 1.193923889239505 0
2475 8.102261209868113 1.153780128456944 0
2476 5.228181667393351 0.354210100373879 0
2477 5.228306587263509 0.2750296275894798 0
2478 8.308687916169156 0.9557022429274862 0
2479 8.239910208569665 0.995292251188452 0
2480 8.170693435877521 1.670853887288137 0
2481 5.639394788549295 0.6716882811468464 0
2482 5.707851133198574 0.7113523359471351 0
2483 8.65309279871248 0.7571721816210621 0
2484 8.722251352608779 0.7172951810062105 0
2485 4.952802578718408 0.7510699252255764 0
2486 4.746303217593825 0.6318247693096777 0
2487 4.88393888249122 0.7905885269157675 0
2488 6.117189808759189 1.743883119642293 0
2489 7.211674729498198 1.74565830348398 0
2490 5.431895297762102 1.74338126759281 0
2491 5.500435030429355 1.782952733280562 0
2492 5.569100125942128 1.743424854876855 0
2493 8.170537389226343 1.749979527242939 0
2494 8.720188176548366 1.752861218737847 0
2495 8.171803147144376 0.2384451356290933 0
2496 8.240300167040083 0.2780231698161742 0
2497 8.722729913451374 0.2390372397852183 0
2498 7.279991239991709 1.785258971448222 0
2499 7.348471838942228 1.745907507013415 0
2500 5.57147343768774 0.2364990098351809 0
2501 5.639987709849828 0.1970848949462586 0
2502 5.708325030389426 0.2366816608894331 0
2503 6.185533726221326 1.783486150943678 0
2504 6.254002099839528 1.744113338708349 0
2505 7.623997825020603 1.269281805998596 0
2506 7.144535284400366 1.231555292605442 0
2507 7.212737918539592 1.271342753816901 0
2508 6.871080857327133 1.230983525336408 0
2509 6.460181280360605 1.230956603218673 0
2510 6.528514190212138 1.270569178882112 0
2511 7.350072050201903 0.7912397666585484 0
2512 7.281674063654037 0.7516900594654006 0
2513 7.486930184402345 0.7913363114691829 0
2514 7.555617462523124 0.752285229015629 0
2515 8.171834277296968 0.3971129276770889 0
2516 6.049769392417403 1.229517372427235 0
2517 6.118042206192969 1.269624716194569 0
2518 5.775665057454519 1.22924326410505 0
2519 8.238969635662322 1.789716103260562 0
2520 8.239342289438095 1.551992149021197 0
2521 8.376628807167886 1.552376567618251 0
2522 5.157369099891402 1.664214420581384 0
2523 5.157289451534339 1.743433124142807 0
2524 5.225974982522649 1.703851304958516 0
2525 5.296813588320269 0.3147300615279565 0
2526 5.296936763026056 0.235582209368863 0
2527 5.365429294586793 0.2752897534244441 0
2528 5.433722651286662 0.7113726331145387 0
2529 8.514036028038699 1.472791107127135 0
2530 8.446330088259579 0.8763155274609425 0
2531 6.048840026422944 1.704273625525089 0
2532 4.81613544685392 0.4328608195842377 0
2533 4.750280399704698 0.3930167966040311 0
2534 4.816276485228727 0.3529595571611231 0
2535 4.748781013339316 0.3152673554325908 0
2536 4.816134981042346 0.2737491868714347 0
2537 4.752617782322821 0.2383682407955445 0
2538 4.88459604240725 0.3132543027531034 0
2539 4.88454241215163 0.2337730569879906 0
2540 7.35036522113645 0.3172070047481246 0
2541 7.350273069674902 0.2382289402392024 0
2542 7.281988529360508 0.2776728306616597 0
2543 7.282036613537658 0.1987035030466329 0
2544 7.213654741904363 0.2381443165284361 0
2545 7.143358252727218 1.706055242493714 0
2546 7.6222264999039 1.667468421723707 0
2547 7.623841159914862 1.749510133585791 0
2548 7.554053788172178 1.707340450961699 0
2549 7.555717392246952 1.78946059466442 0
2550 7.690395099228627 1.786059617537719 0
2551 7.487496780082948 1.189389151498978 0
2552 7.487388631899329 1.26840556401124 0
2553 7.419021644773601 1.228805302420822 0
2554 7.624059305844852 0.3173279749120646 0
2555 7.692501867164411 0.2778531444319155 0
2556 7.623940974975139 0.2380582915403127 0
2557 5.776438102798672 0.6718414375174779 0
2558 5.776363476542125 0.7509949207682305 0
2559 5.844943960199455 0.7114912718580475 0
2560 5.707851992726885 0.7906445481493573 0
2561 5.844869441334526 0.79063497718578 0
2562 5.913439998931359 0.7511360543752688 0
2563 6.733669217329755 1.310423856535442 0
2564 6.733905012128258 1.231265147528463 0
2565 7.692008043515232 1.150787632234532 0
2566 6.323226353680798 1.309699649305638 0
2567 6.323364432065814 1.230701127905993 0
2568 8.792519219353528 0.4393933977282152 0
2569 5.50114999996372 1.387064306579047 0
2570 5.569783818090785 1.347584297625145 0
2571 5.501256331173846 1.307853018805102 0
2572 5.569914064994827 1.268388255497404 0
2573 5.501365925227917 1.228616941235962 0
2574 4.882685507949841 1.664076061092469 0
2575 4.882630802996355 1.743410908663757 0
2576 4.813935842179399 1.703707889193992 0
2577 4.951291103632013 1.78307244552768 0
2578 4.813882687254379 1.783084167017822 0
2579 4.746802409282184 1.746218633059774 0
2580 5.021745322790576 0.7113827437416168 0
2581 5.502399433976164 0.5924647105872232 0
2582 5.22760780360457 0.7507450454535143 0
2583 4.814906712470332 0.7508948838537514 0
2584 5.432690473649503 1.268119532920609 0
2585 5.432777301663688 1.188860737054402 0
2586 8.791245630302569 0.7575391824457354 0
2587 8.79164064126471 0.6781166600309891 0
2588 8.79075122696255 0.9168350474733458 0
2589 8.790741343281127 0.9963545428192799 0
2590 8.72163273349214 1.035883370286028 0
2591 4.748835680599475 1.669940915283374 0
2592 8.446508493843195 0.7966352959687085 0
2593 8.377575035458777 0.8364378939389369 0
2594 8.515309979637918 0.7571283553232218 0
2595 8.790875121388915 1.076527428437835 0
2596 8.653694643240653 0.6773348400649877 0
2597 4.883039169378575 1.186910887992035 0
2598 4.8833405881674 1.027145165858397 0
2599 8.790133310892626 1.235060836599703 0
2600 8.790516221082729 1.315286944815525 0
2601 8.650788277127642 1.792785366986287 0
2602 4.883676562977335 0.9482996762472985 0
2603 5.088140685630301 1.782248407329603 0
2604 7.692498077029834 0.1988193244118675 0
2605 7.827211376486854 1.786361082536756 0
2606 7.895518676688766 1.826017594908954 0
2607 6.049137830673517 1.782541228016578 0
2608 5.980438054598441 1.743546401178292 0
2609 7.142683098830597 1.784083431492442 0
2610 7.074817563278423 1.745263689913159 0
2611 7.076261408025244 1.819279538237696 0
2612 7.006692459756852 1.783905869663297 0
2613 5.225588831485837 1.782610499485674 0
2614 8.513315966048411 1.790434778555703 0
2615 8.444730085208143 1.829763238573698 0
2616 4.680988843965258 0.5929623551882115 0
2617 5.983250960360971 1.818450822140537 0
2618 5.912411496143957 1.782337696753611 0
2619 8.789534261325493 1.713573111450523 0
2620 8.790520161570575 1.795826630975126 0
2621 8.788947113675155 1.632461121564765 0
2622 7.418772132852816 1.308584408174835 0
2623 7.213232822977988 1.191379369766798 0
2624 6.528653707580129 1.191587458226755 0
2625 7.555521161683084 0.8312475250614104 0
2626 6.118579920262524 1.189310018345982 0
2627 7.076256452395304 1.191838954646538 0
2628 7.828318596829373 1.153542144190298 0
2629 7.896882509762007 1.114722060583005 0
2630 7.281354974408601 0.8311608635360354 0
2631 7.212916071520199 0.7916881541289487 0
2632 7.213227302375874 0.7122338078651139 0
2633 7.144776007558166 0.7517077472480689 0
2634 7.14467268204501 0.8322749177573157 0
2635 7.076530965110283 0.7918098772508704 0
2636 7.076462043344222 0.7122037071848129 0
2637 7.008037641450878 0.7516629265825203 0
2638 7.008324464626986 0.8315818279281749 0
2639 6.93980624018716 0.7916129943568834 0
2640 6.939675295335722 0.7121060258124077 0
2641 6.87124530625818 0.7515513031787269 0
2642 6.871174106818989 0.8310784221184685 0
2643 6.802690641401417 0.7910835119641335 0
2644 6.802823178479781 0.7118811227468154 0
2645 6.734381009000504 0.7513614779833928 0
2646 5.981292214617799 1.189824899860066 0
2647 6.734393339791637 0.8305652445669494 0
2648 6.666134114073856 0.7912424273023141 0
2649 6.666051802402281 0.7118703026907376 0
2650 6.59763007056999 0.7513209309814313 0
2651 6.597577636372521 0.8308085914758118 0
2652 6.529099002681613 0.7908556487774994 0
2653 6.529236299679432 0.7117285999536087 0
2654 6.460783357211088 0.7511691683910957 0
2655 5.570121453745699 1.188892499864818 0
2656 6.460794807471258 0.8303519546218477 0
2657 6.392529666464036 0.7910209815630871 0
2658 6.392452245852986 0.7116636069250364 0
2659 6.324003245138706 0.7511148529010319 0
2660 6.32404111381985 0.8304965469163902 0
2661 6.255526580226555 0.7905516833142637 0
2662 6.255579873055638 0.7114988887536429 0
2663 6.187147374408521 0.7509451914825549 0
2664 5.913474614729052 0.8304692168942049 0
2665 5.98193732581487 0.7908083294997637 0
2666 5.981985705915319 0.7115870978636286 0
2667 5.707174627987449 1.18953689463184 0
2668 5.227031521391906 0.1977480658172955 0
2669 7.350461985706698 1.269121526754645 0
2670 6.187053608682047 0.8299606854963077 0
2671 8.102145153630273 1.71029629750982 0
2672 8.10199822713358 1.78938060319084 0
2673 8.102267368334722 1.631178565084048 0
2674 8.240289269480591 0.9156082885150206 0
2675 8.171302430917496 0.9554596924870671 0
2676 5.294542856316957 1.743354375949821 0
2677 4.953299368830617 0.2737462039635536 0
2678 4.954614431918125 0.1965898309240863 0
2679 4.888787553773321 0.1449453175198726 0
2680 8.17117102746654 1.034905599990541 0
2681 8.102615634659131 0.9950106455573831 0
2682 5.502912585668116 0.2759080365852994 0
2683 5.503117699498906 0.1967044681438551 0
2684 5.15747318049043 1.584954995727919 0
2685 5.296708171909192 0.3938976508388203 0
2686 8.446946605913478 0.7168563038746332 0
2687 7.213598985830453 0.3171127016548759 0
2688 7.14524152788737 0.2775836490552201 0
2689 7.48568959528197 1.746878523161664 0
2690 7.485711187579813 1.825627802756723 0
2691 6.186229568014532 1.388425086549555 0
2692 7.35070117774845 1.189348450195745 0
2693 7.485542069541563 1.667410750120865 0
2694 6.596811340576718 1.389357062527476 0
2695 6.66533784873933 1.270790744158081 0
2696 6.665475361288507 1.191806440274539 0
2697 6.938777751667475 1.350301090062098 0
2698 7.281026117637795 1.389817814492325 0
2699 7.007450667477955 1.23183830147647 0
2700 6.254877274199544 1.270080239653655 0
2701 6.255015392254244 1.191070383621766 0
2702 7.555466231942587 0.5938557349880526 0
2703 7.6238797185839 0.6334162354830966 0
2704 7.692347506824369 0.5939458143856468 0
2705 7.692308768492454 0.6729806848768376 0
2706 7.760789110995987 0.6335033298213359 0
2707 7.760721221729445 0.7125569049433522 0
2708 5.912524762457888 1.30876658435184 0
2709 7.964999301599083 1.233271931174559 0
2710 6.187184585809013 0.6719184508426603 0
2711 7.896039934690578 1.589157083929896 0
2712 6.118824288544049 0.7114444406928504 0
2713 5.364070298179803 1.228395972293432 0
2714 5.364202685294352 1.149082765298235 0
2715 8.583648672031583 1.114999850480543 0
2716 4.689791605114124 0.3580418758745503 0
2717 7.760044226656778 1.272060525872936 0
2718 5.021689271018002 0.7909244450301937 0
2719 5.090543823996073 0.7510597717193692 0
2720 5.366112501941501 0.197676986181364 0
2721 7.146622132480447 0.2009191096584107 0
2722 7.077104380566078 0.2384390267602611 0
2723 7.076866172863302 0.3170834367478002 0
2724 7.008515164929333 0.2775646843758079 0
2725 4.815050125459414 0.8300534894958977 0
2726 4.74691212930294 0.7906343403176629 0
2727 8.239084493897796 0.2010591519920316 0
2728 8.30864433552469 0.2388342526768714 0
2729 8.308778120540397 0.3176926535353415 0
2730 8.377340396460141 0.2781511191514762 0
2731 8.377375319419546 0.1989851014197238 0
2732 8.4459491611202 0.2385167293153631 0
2733 8.104533196737556 0.2010032055372886 0
2734 7.009627792765158 0.2004391722785264 0
2735 6.940306074685215 0.238291550527486 0
2736 6.940082238383196 0.3170044784185728 0
2737 6.871738893091704 0.2774586716861852 0
2738 6.871798234914301 0.1984979167916158 0
2739 6.803351641411906 0.2378616650146065 0
2740 6.803295238925536 0.3168296495160973 0
2741 6.734939306148648 0.2772922239253388 0
2742 6.733812502257864 0.2003804342059294 0
2743 6.666389089072681 0.2381003824471942 0
2744 6.66522991929169 0.161248177120042 0
2745 6.597965706109607 0.1986916317315987 0
2746 6.59813516900067 0.277255464747643 0
2747 6.529769518789925 0.2377425247543696 0
2748 6.529754243814278 0.316624103010081 0
2749 6.461395694951442 0.2770982984822377 0
2750 6.462417750350681 0.1998028337306813 0
2751 6.393208155078643 0.2378293029162866 0
2752 6.393783334528583 0.1471247644615428 0
2753 6.324699299486738 0.1980092326450868 0
2754 6.324660531697775 0.2770233335195779 0
2755 6.2562802665005 0.2374427102967728 0
2756 6.256162765317687 0.3164164946458811 0
2757 6.187837861879085 0.2768553835038242 0
2758 6.187916589510785 0.1978886010088771 0
2759 6.119486698544077 0.2373157606713927 0
2760 6.119340121582471 0.3162698184207261 0
2761 6.051044793280346 0.2767413480146272 0
2762 6.051028702148763 0.1967044994387609 0
2763 5.982685933239158 0.2371938798380913 0
2764 5.982513218408947 0.3161399713081116 0
2765 5.914232147002767 0.2766231182150706 0
2766 5.915052853660516 0.1988404258293956 0
2767 5.84586348981397 0.2372208222333524 0
2768 5.845628296279562 0.3160455359026525 0
2769 5.917070952807353 1.864916188783061 0
2770 5.844130253270031 1.819700229347611 0
2771 5.843692491878945 1.742883372897957 0
2772 5.77482849000854 1.782336681981926 0
2773 5.568569521829724 1.821745836407598 0
2774 5.637036545534253 1.782172758641443 0
2775 5.637563634679702 1.703836466923199 0
2776 5.70739298720963 0.1594639107999779 0
2777 5.293359909617111 1.819232766363476 0
2778 4.683124737687205 1.072180669344308 0
2779 4.675881573657103 1.226296185405034 0
2780 4.677374248474501 1.388560951943634 0
2781 4.675712746233947 1.465495982838414 0
2782 7.01562772938366 1.865657061787416 0
2783 6.941158637193049 1.821280238409431 0
2784 6.941479972435205 1.744567536923283 0
2785 6.876305654034093 1.770677458279666 0
2786 4.74440991855763 1.81956065840674 0
2787 4.682029461855613 1.790837230778456 0
2788 5.500361930206299 1.860865507617051 0
2789 4.683602584401185 0.6716531907435963 0
2790 7.347036708480914 1.821685770064892 0
2791 7.271225583304812 1.866583702904873 0
2792 6.251953669689819 1.819758272549916 0
2793 6.322010619297967 1.783163136935581 0
2794 6.322414147640254 1.70465331044888 0
2795 6.390725911793411 1.744246212581748 0
2796 6.390586642587575 1.823210064606 0
2797 6.459105239376785 1.783960394227054 0
2798 6.185351947696895 1.861232087642414 0
2799 4.614500028444154 1.430246094752457 0
2800 6.595507324169729 0.1212125139556443 0
2801 5.844490632614606 0.1466809698125412 0
2802 8.448872619415974 0.145646446945264 0
2803 8.514531557473198 0.1989501359863158 0
2804 8.376070518454171 0.1246281188167479 0
2805 7.348486402284931 0.1644656002637337 0
2806 7.284486076822837 0.1248959756468264 0
2807 7.553458916554615 1.864761280509098 0
2808 7.490782124840759 1.905551705288637 0
2809 7.622842235296226 0.157192765080828 0
2810 7.692559302657098 0.1198879526827139 0
2811 7.551720210982332 0.1198045681388577 0
2812 7.763432400450824 0.1595743955921415 0
2813 7.835377035808111 0.1262175566324159 0
2814 5.640138170192917 0.1194300323751445 0
2815 6.465719395153694 1.868951890157933 0
2816 6.527415473887705 1.823564328348573 0
2817 6.588074755577394 1.886540564433203 0
2818 6.527560248926775 1.744604975534936 0
2819 6.595385376172027 1.793582170230003 0
2820 6.660155096003887 1.840568451971507 0
2821 6.669952827688328 1.761347503039357 0
2822 6.734118990039758 1.81173981956218 0
2823 6.745315610493713 1.733570712226851 0
2824 6.682095827959781 1.670104783141506 0
2825 6.76298252977635 1.656978532414326 0
2826 6.392453235475056 1.904741827112734 0
2827 6.816553778434798 1.713675638143709 0
2828 6.662028305275243 1.923071966335473 0
2829 8.859552248040742 1.676826263338267 0
2830 6.668058421090195 0.0771367109826937 0
2831 8.86028077418144 1.277710935500596 0
2832 7.831332446077925 1.868296309073437 0
2833 7.895372651981482 1.904964219327042 0
2834 7.9710566836764 1.872875687914324 0
2835 7.487245952176247 1.348006264059503 0
2836 5.713958630966203 0.07643948861208441 0
2837 7.007658195582172 1.152660711714157 0
2838 6.734216379573889 1.151766560790634 0
2839 6.460400659141462 1.151752348012378 0
2840 6.323968795071086 1.150442696434118 0
2841 8.860201954279535 0.957535766972357 0
2842 8.51452398883154 0.2781586515374496 0
2843 8.583425320133102 0.238630021358142 0
2844 8.584152245101619 0.1609735442634896 0
2845 8.652146737395515 0.1990787873123147 0
2846 8.651241967542562 0.120611462945662 0
2847 8.574437079649808 0.07651354938422161 0
2848 7.349920336170674 1.349475705822927 0
2849 8.377945271277406 0.3577942365794149 0
2850 7.486874130877589 0.8703638218522035 0
2851 8.721807492751196 0.157010876703534 0
2852 8.79055257008203 0.1163197433005355 0
2853 7.350051494963573 0.870689525077594 0
2854 7.692356048989738 0.7522471287271169 0
2855 5.56591596877825 1.894618456635988 0
2856 7.829329886142284 0.6733130232204385 0
2857 7.829282544338717 0.5939934204272284 0
2858 7.898031688762142 0.6339518278412002 0
2859 7.96684837916016 0.6740617054278328 0
2860 7.9665219621387 0.5942710695933824 0
2861 8.791409705962767 0.1976955059071413 0
2862 8.309652585409452 0.3980514140498155 0
2863 8.033556644949055 1.749720954455755 0
2864 8.509231624602823 1.87103277909367 0
2865 8.444994257876701 1.90851909755745 0
2866 5.775859140239644 1.149890091204476 0
2867 5.844274761433898 1.189905460353873 0
2868 7.076446718513209 1.112364494646011 0
2869 8.171978537967785 0.8755013471899253 0
2870 6.529054266638147 1.111633666149265 0
2871 4.814610017738888 1.865744218191923 0
2872 7.55559787733881 0.9107350784234459 0
2873 5.981911450574211 0.8700101274599285 0
2874 6.050522167912011 0.8305667408607347 0
2875 5.022269372968776 0.2347188737700022 0
2876 5.022886473614365 0.1573166721521491 0
2877 5.090904378166661 0.1953630670192174 0
2878 5.090365972725673 0.1181137686892738 0
2879 5.158051381280381 0.1585907032442486 0
2880 5.164812517621856 0.07501180694750963 0
2881 5.845103647502168 0.8703546729679716 0
2882 6.665964643623842 1.111488140556638 0
2883 6.803231851904307 1.11118086468666 0
2884 6.872277145454866 1.150329456348752 0
2885 5.844620257703578 1.109986583476037 0
2886 5.02229197075029 0.3140971458591413 0
2887 5.43291382355412 1.109495134725981 0
2888 7.760998481617591 0.7924346342332569 0
2889 6.392629425877848 1.110453137619131 0
2890 5.362885061805192 1.783165554431491 0
2891 5.365171059272621 1.865721224705799 0
2892 8.515940024246607 0.6772011547853786 0
2893 6.255754086247455 1.110033738564817 0
2894 6.187155931964858 1.149818382986492 0
2895 5.363334991865198 1.70377782413661 0
2896 8.102462569933524 1.074416417156495 0
2897 8.033849379888022 1.034864072857291 0
2898 8.034073405833466 0.9552532260986087 0
2899 8.033640955244948 1.114097925168675 0
2900 7.828520096099838 1.075087778709332 0
2901 7.897158758853777 1.03530927902653 0
2902 8.171032785000412 1.114471186238164 0
2903 8.239623702554423 1.154377812618019 0
2904 5.777145969103964 0.2764343000057589 0
2905 7.28154653549838 0.9109618368137535 0
2906 7.418733381746986 0.9108653217854716 0
2907 5.70748382768218 1.109736766541656 0
2908 5.434011112988007 1.819731647112258 0
2909 8.930746733085133 0.3597576710512681 0
2910 5.776792279048851 0.1972598152279751 0
2911 5.708478982460655 0.3158181396470388 0
2912 8.653866897409696 0.2787127710610725 0
2913 5.294769797213025 1.664164295087221 0
2914 5.706062796399099 1.743605187414146 0
2915 5.702816584249902 1.817818836342667 0
2916 5.706332907595034 1.664398744129373 0
2917 4.569214389760721 0.1998828396802965 0
2918 4.6358268836919 0.1595122348971595 0
2919 4.629278517706246 0.07373849958572058 0
2920 4.697159213531057 0.120851329700154 0
2921 4.629718992251115 0.2385003585784304 0
2922 8.239734071193089 1.074808353489118 0
2923 8.51607172490241 0.357936788518554 0
2924 4.564797326801949 1.799890041027012 0
2925 8.93104735283034 1.799286677384957 0
2926 8.861739776063287 1.838587624444648 0
2927 8.87036756444394 1.925993826851288 0
2928 8.794135157547352 1.879002004491581 0
2929 8.721950016735164 1.839033705326709 0
2930 8.647942898561684 1.871911819312209 0
2931 5.434411162692951 0.2362233526342206 0
2932 5.43259221573061 0.1582146742100724 0
2933 5.434131313692672 0.3151862793503586 0
2934 5.498977210114377 0.1184147510185991 0
2935 5.364475500425968 1.069752670487522 0
2936 5.29570997279448 1.109010847242314 0
2937 4.884576844778505 0.3928607066519745 0
2938 8.513928587660667 1.552356821930974 0
2939 4.565819233493974 0.3602584440442448 0
2940 4.884526264274182 1.820166098587709 0
2941 4.961325309236419 1.864982945840757 0
2942 5.023207995146549 1.818236765466369 0
2943 7.145429366437817 1.150761687445922 0
2944 8.514211486160002 1.393181586833939 0
2945 8.445262602576689 1.43289752039917 0
2946 5.637826141690036 1.624811561896401 0
2947 4.567319088998772 1.639380823043633 0
2948 4.628096042660349 1.594473092186075 0
2949 4.625399659423529 1.679089511008016 0
2950 5.226137704598224 1.624571667322783 0
2951 5.226289824849872 1.545269333457702 0
2952 8.308977650608488 0.8761017713025446 0
2953 7.554490037339714 0.1979992005375171 0
2954 7.486038948200549 0.1603758892875766 0
2955 7.475642244846107 0.07662674755575842 0
2956 5.020451884223609 1.742543926544468 0
2957 5.226717413626256 1.307113332786422 0
2958 6.390932106607875 1.665322735981295 0
2959 4.817915220284477 0.1962236821693795 0
2960 6.599834345232506 1.7102385099718 0
2961 6.668194994685054 1.58498761295128 0
2962 8.582088681638989 1.751322091330028 0
2963 7.212702178743463 0.8721709370543922 0
2964 8.378796898111734 0.4379713701014581 0
2965 8.241088182077275 0.4387232445024597 0
2966 6.050548529243667 0.909944113075964 0
2967 8.930663239384334 0.7598539587104431 0
2968 8.860625435137552 0.798621045184116 0
2969 8.302189879749656 0.147629399532783 0
2970 4.565436239661872 0.7597560470579381 0
2971 4.627430142330304 0.7970626918336285 0
2972 4.631573290543163 0.8773571163612686 0
2973 4.568063432042884 0.9196519538492203 0
2974 4.627593155112686 0.9579556929903986 0
2975 4.88314708463276 1.107272216026288 0
2976 6.59808892291904 0.3561591955491564 0
2977 7.282161125767101 1.308991180612092 0
2978 6.73486795085325 0.356254726784908 0
2979 6.461318506481406 0.3560420320144644 0
2980 6.11925486231594 1.108750158783822 0
2981 6.050338378113685 1.148928589215665 0
2982 5.157624444072628 1.505579904036277 0
2983 8.93036366448006 1.079293285620577 0
2984 8.859940943714005 1.117364290348701 0
2985 4.563446620567529 1.233960140751498 0
2986 5.365367972784279 0.3544692522612881 0
2987 5.365300889673176 0.4337100796009198 0
2988 8.376224670361543 1.789994195770498 0
2989 8.307651735962844 1.750302380835145 0
2990 8.305296715801866 1.825547560945882 0
2991 8.238226403695867 1.865631662663662 0
2992 4.562763691966534 1.077024933972883 0
2993 8.03358019974339 1.193663241499744 0
2994 8.930734851324289 0.5199245515538418 0
2995 8.861558032933647 0.4797907348470584 0
2996 8.861415699161871 0.5596479702399102 0
2997 8.79228630184241 0.5190630972243919 0
2998 8.930719560039369 0.5998768164240684 0
2999 4.567003773720764 0.5188336237604168 0
3000 4.629159106905237 0.4798126117389492 0
3001 4.563843054700498 0.5967178885566117 0
3002 5.153678138628107 1.817553572888068 0
3003 6.32453214993565 0.355960686370187 0
3004 6.322616763447047 1.625722558568507 0
3005 5.294072707206177 0.1461440827125723 0
3006 5.980473583510897 1.664642589074531 0
3007 5.227012859482604 1.068832859867369 0
3008 5.159768243306331 0.2352837470207755 0
3009 4.953233810703174 0.3531541991009536 0
3010 6.119494144531449 0.8711228509422968 0
3011 8.171667158110377 0.1623520744105615 0
3012 4.882908000792662 1.26661610047534 0
3013 4.882765444860323 1.346243002085024 0
3014 5.433648820883656 0.7907294580073091 0
3015 5.50236998449853 0.7511167101324562 0
3016 5.570940004177261 0.7908386887047902 0
3017 5.502355578647984 0.6717038722062952 0
3018 5.570896635824217 0.8702759942489113 0
3019 5.981427627919537 1.110207939985684 0
3020 8.93061130633922 1.4799078087137 0
3021 8.859627792170363 1.518622505534585 0
3022 8.860764884791482 1.438739130232554 0
3023 8.789809901573079 1.475856374411552 0
3024 8.930553242168317 1.399613498835123 0
3025 8.860930708262478 1.358662704934874 0
3026 5.844987458149984 0.6323258073797889 0
3027 5.913489694408352 0.6719760521961724 0
3028 5.981986053766542 0.6323798338285287 0
3029 8.861814779934367 0.1584310971415357 0
3030 8.870343401314539 0.07248279194598924 0
3031 7.416840377036742 1.785542242469648 0
3032 7.761824572649276 1.83163632922763 0
3033 7.697228968011977 1.881255573749968 0
3034 7.629444458468013 1.839856746604392 0
3035 8.035011619389525 0.2387683488187374 0
3036 7.967607019739782 0.2010817734261139 0
3037 8.04113493495343 0.1488013813651198 0
3038 7.898190035400127 0.239953717487779 0
3039 5.021769417984788 0.6317929143245357 0
3040 8.860430372164458 1.757144054999793 0
3041 7.417044150291457 1.706709523577653 0
3042 8.930769556577756 1.639910645438466 0
3043 5.639522991763133 0.91005935998396 0
3044 5.708283374829335 0.8705767895412041 0
3045 5.296632839961716 0.4731755402676738 0
3046 8.446226401626763 0.9558402502072689 0
3047 8.172985941943294 0.5569662863944523 0
3048 8.104238736425916 0.5168182377474395 0
3049 7.075019959885428 1.666423979982923 0
3050 7.759852492568112 1.193085106942373 0
3051 5.706513725001749 1.585277723794574 0
3052 8.308397122826102 1.114654310893899 0
3053 8.58413434752852 0.7969452225722448 0
3054 8.861380172920477 0.6395502487237064 0
3055 7.348627192123388 1.666963297752188 0
3056 7.555323330153866 0.2775739506258975 0
3057 7.760879598121574 0.3174561199786725 0
3058 7.555551847666881 0.3567707610928169 0
3059 5.364863042400772 0.990018598165669 0
3060 5.776498039352521 0.5926961888121013 0
3061 5.913795893836445 0.9103535637072513 0
3062 8.445219552690322 1.512451372507904 0
3063 8.376611189367226 1.47262115194676 0
3064 8.307880208717638 1.432467273434158 0
3065 8.238986710453547 1.471831745034184 0
3066 6.117549703766953 1.821813054852115 0
3067 6.119282213272528 1.894879984353193 0
3068 6.802821664633378 1.191072617123312 0
3069 4.952772364877653 0.8302990409815221 0
3070 8.170820722634668 1.591658349749838 0
3071 8.10244852796386 1.551827860597369 0
3072 8.033620024546277 1.590994334614768 0
3073 8.102890022479059 1.472357642595648 0
3074 6.391114466310825 1.586324706347788 0
3075 7.555716737827662 1.308222038154578 0
3076 7.623872051527567 1.348949896309757 0
3077 7.555087540090907 1.388858525929151 0
3078 7.691713809892114 1.390561306924897 0
3079 7.418263744671156 1.388825499968535 0
3080 7.417133725196164 1.627631348407915 0
3081 7.622368550451655 1.588476386580702 0
3082 7.35032808176178 0.396200287865639 0
3083 7.759396317797418 1.747706828895252 0
3084 7.217208865387011 0.1606969192784402 0
3085 7.487600191858951 1.11034246527453 0
3086 6.528391374118048 1.349590171950486 0
3087 7.281719709895695 0.6726965357712472 0
3088 7.213325453181818 0.6331419753273376 0
3089 6.942507930361658 1.665667096653477 0
3090 6.799136115937571 1.591291326178372 0
3091 7.144877966096139 0.6726524642806504 0
3092 7.076526547649854 0.6330716927102826 0
3093 8.170343623962195 1.829059830704223 0
3094 8.102585235859353 1.865962064528631 0
3095 6.316347605716107 1.870093331880651 0
3096 7.829885332834537 0.9927265885493534 0
3097 7.20660372488904 1.820122497796435 0
3098 6.117861678156963 1.348746791866832 0
3099 6.391847391154856 1.191340397706343 0
3100 6.256342318078643 0.1584647282645468 0
3101 6.188809779279875 0.1188966714816758 0
3102 6.119416691854554 0.1557745083747764 0
3103 6.04698845947684 0.1172114001395853 0
3104 5.982759159076855 0.1564034785043073 0
3105 6.119168224144914 0.3952736673056665 0
3106 7.008093909290226 0.6725821047335283 0
3107 6.939729238714081 0.6329822846638569 0
3108 7.350748862864753 1.110182160070208 0
3109 7.282303460391741 1.149927301566926 0
3110 5.502722593294026 0.3550047382116095 0
3111 5.088851245552198 1.545172271473459 0
3112 6.871288301389049 0.67246415455876 0
3113 6.802908376450387 0.6328719780653465 0
3114 6.324147431739952 0.5930240088043639 0
3115 6.392520214369412 0.6325874479936856 0
3116 5.295341055915636 1.34701242528771 0
3117 5.982308126488535 0.3951427047019985 0
3118 7.008677491419342 0.9119636897249535 0
3119 6.940135363394461 0.8718802760693314 0
3120 7.077163197237216 0.8726407497066312 0
3121 6.871187174293148 0.910581512758361 0
3122 6.52988194732254 0.1586929909483439 0
3123 6.460967571149827 0.5931243998410421 0
3124 6.529341921119364 0.6326686787680098 0
3125 5.433759196871699 0.6320631170628956 0
3126 6.256008968534396 0.395411030583804 0
3127 6.735232100126979 0.9118798161698818 0
3128 6.666507936078718 0.8715194062703109 0
3129 6.597604440634916 0.9102779714926514 0
3130 6.734457629373445 0.6723418031383948 0
3131 6.666089100025669 0.6327964028588233 0
3132 7.075160118609217 1.587470213846093 0
3133 7.076935862991496 0.1590949529906338 0
3134 6.797899294023427 0.1464879408181075 0
3135 6.869767618782309 0.1265382580513775 0
3136 6.944169798286201 0.1466358495279114 0
3137 6.939970026182936 0.3959400260303217 0
3138 6.528300782392255 1.428662614817988 0
3139 6.461514287851876 0.9113184433382301 0
3140 6.392920914893852 0.8712029131787014 0
3141 6.323824720259081 0.9095347498777755 0
3142 7.145190783316452 0.3565661343713823 0
3143 7.070831205169712 0.07519542247949933 0
3144 8.009593800711844 0.06814832910951081 0
3145 7.060733458165612 1.934545347503786 0
3146 5.960118807454682 1.935504506890697 0
3147 7.2263894837672 1.934880336433686 0
3148 5.881578947368434 0.0683704266145506 0
3149 6.35526315789472 0.06837042661455471 0
3150 6.434210526315808 0.06837042661456 0
3151 6.829155196838014 1.932599597875928 0
3152 7.48560822965456 1.588229457673221 0
3153 7.419129865311385 1.149800218158915 0
3154 5.843808878955348 1.427260907331837 0
3155 6.733549290431004 1.389488083006751 0
3156 7.348769618804715 1.587958600208232 0
3157 7.008416878779629 0.3564549228607423 0
3158 5.363547841771915 1.624529202037602 0
3159 6.665267133700899 1.349941963249583 0
3160 7.006594525992732 1.705823959465375 0
3161 6.117707370238101 1.42779593178137 0
3162 6.93864976926737 1.429289447318186 0
3163 7.143489120525253 1.627079332370596 0
3164 6.254286829724698 1.586097332264923 0
3165 7.418471999377216 0.8307921537162561 0
3166 6.459245137324025 1.70495966605665 0
3167 7.28196463096147 0.3566463145435174 0
3168 7.212281908062739 1.429661851467013 0
3169 7.553970875751256 1.627962422257082 0
3170 7.281782498238067 0.5936752364220381 0
3171 7.007102281465629 1.389910477400647 0
3172 7.624850877661751 0.7933795367700558 0
3173 6.597302295359784 1.151515627066079 0
3174 6.39300330862664 0.3165621185214663 0
3175 6.597020309944935 1.231074857596913 0
3176 6.66647978210725 0.316785964828568 0
3177 7.692475360479798 1.071304884523619 0
3178 6.596890366215345 1.310220663060775 0
3179 6.323080034532402 1.388693316607972 0
3180 7.144960576445596 0.5935990913938725 0
3181 6.32405906413782 0.672060623695643 0
3182 5.844105655150903 1.269039276836568 0
3183 7.213539642299196 0.3961086886652856 0
3184 5.569374592792785 1.585126300807991 0
3185 7.007252791011422 1.310908879558718 0
3186 8.241757488213876 0.7555067760887441 0
3187 5.72552242150495 1.934286563359558 0
3188 7.760962559712977 0.2385649577319235 0
3189 5.913514085623495 0.5928189431613363 0
3190 7.21269045819478 1.350186538239205 0
3191 6.254132318552459 1.66509616686858 0
3192 7.487066539246932 0.5542974079707254 0
3193 5.980540617824365 1.585635865848654 0
3194 5.022057980781035 0.3933562894097712 0
3195 6.939016429101873 1.271195170685554 0
3196 8.171321820339692 0.08144315284544239 0
3197 7.008162325105652 0.593516860742747 0
3198 7.076764441657028 0.3960148928452044 0
3199 5.638279399888936 1.387308015786358 0
3200 5.776617471910755 0.9100621094370609 0
3201 6.871360471530839 0.5934176356845389 0
3202 8.585551188876106 0.557813124030496 0
3203 8.654175862285843 0.5976393288551012 0
3204 7.692387801770956 0.5149183056571633 0
3205 6.05043463840784 0.7512835847418675 0
3206 6.048944214500999 1.62525747236821 0
3207 6.05044849863291 0.5928396850244555 0
3208 7.487019520898391 0.6333078260993213 0
3209 5.570444468227539 1.108875112193598 0
3210 6.187842087921582 0.9107985705481174 0
3211 6.871636921932371 0.3564006987679753 0
3212 6.255668342553543 0.6324815365618843 0
3213 5.020357484217328 1.346559687545786 0
3214 8.723432381870797 0.4787833965883866 0
3215 6.734551187462069 0.5933185541685708 0
3216 7.964707524085764 1.550323504486662 0
3217 5.570969770837309 0.5529118976371755 0
3218 7.827679200910161 1.549380893688105 0
3219 6.254731753772604 1.349067424890171 0
3220 6.5977695263035 0.5932006214903904 0
3221 5.328947368421042 0.06837042661455549 0
3222 6.803203596029601 0.3958134845120545 0
3223 6.528387741953037 1.66640990785193 0
3224 7.555467756391145 0.6729345560043328 0
3225 5.432497971575289 1.426539568119966 0
3226 6.59768645335004 0.6722642561238334 0
3227 5.227495268601211 0.8301426892978152 0
3228 6.460859213721553 0.6721666345098747 0
3229 5.912367866887687 1.387857271212435 0
3230 5.174514954033436 1.932799161274048 0
3231 7.966243499772116 0.4360435451568752 0
3232 8.0349384019383 0.4758873667660051 0
3233 8.103391472288623 0.436504256619944 0
3234 8.307902663749001 1.512201105601757 0
3235 5.569227323897835 1.664264151231918 0
3236 4.884385727957854 0.4724964610467965 0
3237 5.845261917078581 0.3950625503095889 0
3238 8.652762310786869 0.9959109531178101 0
3239 4.882644039176993 1.58470443933066 0
3240 5.1587037525206 0.8697817131787886 0
3241 5.501578142641457 1.148978669471756 0
3242 8.861045514451099 0.7189468491829698 0
3243 5.00738651428261 1.9340780348387 0
3244 7.760818779558653 0.5544639958115278 0
3245 5.020460508260147 1.187577266208488 0
3246 5.228072873953078 0.4334455033282904 0
3247 7.624080105440351 0.7128738951461779 0
3248 6.187276551361943 0.5929226522080066 0
3249 6.666414757193451 0.3957269217200367 0
3250 7.965036432747501 1.312535609396216 0
3251 5.912087093488241 1.703820036606244 0
3252 8.377506702274571 0.9160245726628108 0
3253 8.514715653301819 1.154635887266745 0
3254 8.240571167829639 0.3578580188839142 0
3255 4.932610263986714 0.06905886186484712 0
3256 4.854375653639782 0.0686845513434618 0
3257 4.81504262215662 0.6713790388841299 0
3258 8.445182777783577 1.592011351604166 0
3259 5.776408759323241 0.8303420319081389 0
3260 5.639537385782631 0.8307140363405047 0
3261 8.239521060840834 1.23364564986969 0
3262 8.584578833861658 0.7171169862874007 0
3263 5.708276392198153 0.3948761701591592 0
3264 5.843565648231525 1.66432793217661 0
3265 5.020661324092975 1.028509976234103 0
3266 6.186387199943084 1.30940001001035 0
3267 7.89625670925078 1.510186964602696 0
3268 4.681047760080546 1.30931344075352 0
3269 4.675988657771713 1.14654427214701 0
3270 5.639377000732822 0.7510041496485541 0
3271 6.529640343409817 0.39561390596635 0
3272 5.63842721054114 1.308158322214548 0
3273 8.445484975483158 1.353229998060596 0
3274 8.446530036846449 0.318080347736966 0
3275 7.829285446403617 0.514986414827296 0
3276 8.861608559587697 0.3996098433869875 0
3277 8.308310824444668 1.194070643459922 0
3278 5.227808592658536 0.6714325546884932 0
3279 5.84394905936565 1.348151047057316 0
3280 8.721153221251702 1.354252515504921 0
3281 5.774912072228933 1.70374180084262 0
3282 4.745382856308743 1.504179310914745 0
3283 6.118854468478742 0.6323780905949399 0
3284 5.570926225840872 0.6320826449752439 0
3285 6.392846736316422 0.3955251782892509 0
3286 8.790954963196654 0.8374834755241174 0
3287 5.432612763282152 1.347335977843499 0
3288 7.897846014162818 0.5546301450162209 0
3289 6.186580719321893 1.230455800907318 0
3290 5.638570872886853 1.228918842678604 0
3291 7.966386108655165 0.5151707462148358 0
3292 8.930284823664429 0.9194120137760347 0
3293 5.090523674002382 0.6714676023811779 0
3294 5.090546110163435 0.5920397886655572 0
3295 8.033608589384198 1.272996281124942 0
3296 4.951551073618027 1.386215041604706 0
3297 8.860262436006138 1.037408604802619 0
3298 7.96536267835334 0.9952578646252006 0
3299 5.912692118006904 1.229676781072529 0
3300 6.187663623246564 0.3558522349647323 0
3301 6.869146260459202 1.8607097507729 0
3302 8.035144773203857 0.5550497754090398 0
3303 8.65252342031182 1.154805003999775 0
3304 5.638768518005442 1.149646269201105 0
3305 5.776952375264275 0.3554293528719009 0
3306 8.036631586019213 1.82492390122849 0
3307 6.939593381654332 1.191610777455001 0
3308 8.719890167257059 1.593108223728594 0
3309 7.966968316584595 0.9136009221861742 0
3310 8.103018991512535 0.9155589148521086 0
3311 8.104071666599154 0.8348842336787204 0
3312 8.583506869603829 1.194493724683821 0
3313 7.966135922656138 1.788155299054713 0
3314 4.74807652632771 0.7098617124907936 0
3315 7.829652923850874 0.7532673342962288 0
3316 6.050829084057878 0.3557223684654116 0
3317 8.241276718782721 0.8350972632172886 0
3318 5.364025452536611 1.307573810567554 0
3319 4.814458553174631 1.625328574560299 0
3320 6.255582554307018 0.8698551971139286 0
3321 8.033591829491556 1.67031673167407 0
3322 5.570347062635985 0.1565796321260655 0
3323 5.913939705911909 0.3556080844940787 0
3324 6.528835574567112 0.870241860826064 0
3325 6.050422275624233 0.6719854554577116 0
3326 4.776290813310859 1.936353586900962 0
3327 8.65258754044091 1.075391016683186 0
3328 6.802385894230685 0.8705319317297425 0
3329 8.170784342151773 1.432070446447923 0
3330 7.760102997678157 1.35152150576153 0
3331 8.170935970658334 1.512169598583689 0
3332 6.11887433732143 0.790396025210479 0
3333 8.035376823200716 0.6346495126537751 0
3334 8.309782760598376 0.7956726339904734 0
3335 7.624501413598422 0.8722905759877235 0
3336 5.570893930407793 0.7114057244690308 0
3337 5.295482971484717 1.267823207505557 0
3338 4.748149614887612 1.587217191973453 0
3339 4.95163514582572 1.306663493307328 0
3340 8.930934358150655 1.239625200743811 0
3341 8.241367409416032 0.517319773091044 0
3342 8.378739828226507 0.6766806984651335 0
3343 8.720237211352311 1.51425880642776 0
3344 5.295505727719931 1.188436113612915 0
3345 8.790432824535063 1.395563409902613 0
3346 8.447499867750478 0.6372312933633248 0
3347 5.22684340219871 1.148398900046421 0
3348 8.72317771333608 0.5583011263832109 0
3349 5.159156511440264 0.7111276765278811 0
3350 7.281933081855262 1.230018430452184 0
3351 4.951737571865901 1.22710584666807 0
3352 6.940116555795063 1.111163173061724 0
3353 8.369173193654376 1.874324748991284 0
3354 5.912940102546298 1.14991562031575 0
3355 8.721558885445496 1.115418360777249 0
3356 7.213814297330437 1.110733566660024 0
3357 7.965121612725394 1.07512819068816 0
3358 8.585065870272427 0.6374443399365903 0
3359 8.172159598234479 0.476765985396816 0
3360 8.722772653638792 0.6379021900529721 0
3361 5.159083887934042 0.7904058491010514 0
3362 8.790351293327248 1.156035556225631 0
3363 4.951839001922338 1.147511468198421 0
3364 8.578916723859081 1.834031691438797 0
3365 7.2216207989718 0.07544999487259409 0
3366 7.965153560418685 1.154118382769255 0
3367 5.090196977269192 0.8301544763640988 0
3368 4.951965692327651 1.067853231540022 0
3369 4.952316073121149 0.988639710845674 0
3370 5.433266787408416 1.029612276233186 0
3371 5.02127939459383 0.8700340550233623 0
3372 7.418611066564589 0.2010514765550604 0
3373 8.378293234151119 0.7563869047697566 0
3374 8.792112197027389 0.5987635487758634 0
3375 5.32823737182644 1.936217515607229 0
3376 7.964684813572253 1.629547654039732 0
3377 7.145058101693953 0.9120591970000108 0
3378 4.952583594734112 0.9092688500245798 0
3379 4.883883580286048 0.869564692195282 0
3380 4.815775289469096 0.9092905176225098 0
3381 4.752233311231706 0.8713676959846596 0
3382 7.413875435496463 1.872299896176495 0
3383 8.860531482073233 0.8782593676854196 0
3384 5.88102323291108 1.936101549613687 0
3385 7.760160657135145 1.11212814844675 0
3386 7.692187309828842 1.231183115759138 0
3387 7.691986370100676 1.310593026104475 0
3388 6.782824499352248 1.86579753057612 0
3389 5.769094758990357 1.864487825926968 0
3390 8.860310465637738 1.197544727877027 0
3391 7.829112487252362 0.201248172327182 0
3392 5.218319329339743 1.864042881887417 0
3393 8.789098525157653 1.555073698724474 0
3394 8.85964133595235 1.597040232018467 0
3395 4.932514647312029 1.936049705818479 0
3396 7.303257299124612 1.937621417918578 0
3397 5.493622224445618 1.933131682902173 0
3398 4.683745353222864 1.866817867622801 0
3399 6.986842105263138 1.936195018120315 0
3400 4.622283875775446 1.928179823084025 0
3401 8.332134005244431 0.06723808344801402 0
3402 6.190814298752791 1.933431888309018 0
3403 7.898728069829077 0.1672503520876114 0
3404 6.051705170174555 1.855404855531631 0
3405 5.633993376733791 1.855060787998347 0
3406 5.088085834386048 1.850300944502478 0
3407 7.141682189813858 1.851614762681588 0
3408 6.827873690982504 0.06662800690361775 0
3409 4.680212965957514 1.541397722107305 0
3410 4.615948553043964 1.507818965092069 0
3411 8.089099788517483 1.937611417979775 0
3412 8.253707315343604 1.93692651893975 0
3413 7.41197213682579 0.1282170438322971 0
3414 6.909839094203172 0.06680270947187249 0
3415 4.684733431354395 0.7514114640357129 0
3416 6.804044132135634 1.792695151593571 0
3417 4.628939580195636 0.3974051993608606 0
3418 7.549441144043667 1.939402453014483 0
3419 7.95683163602783 0.1253415872679545 0
3420 8.646037366159808 1.945167365525524 0
3421 7.85565087746799 0.05873326373929964 0
3422 5.91888295872345 0.1285204870641126 0
3423 5.368378463157711 0.1272239458933868 0
3424 6.319403431598586 0.1289098197065704 0
3425 8.41487070639349 0.06474949602142538 0
3426 8.52223048192165 0.1306052691028225 0
3427 6.468290280856134 0.1299053818491926 0
3428 4.816406339790264 0.1278690794403889 0
3429 5.769053221757332 0.1296429222134279 0
3430 7.014927718131498 0.130576031404205 0
3431 7.302631578947379 0.05512053441407373 0
3432 5.218793625500064 0.1291730170672372 0
3433 6.723703700628417 0.1315634386696588 0
3434 6.447950315599434 1.941064658131221 0
3435 8.114861071626272 0.1330066529632155 0
3436 7.695651144356224 0.05293330173965405 0
3437 8.228113189182633 0.1327131593880428 0
3438 5.486842105263161 0.05350628585743543 0
3439 8.646196292494743 0.05354905198609879 0
3440 4.757996175641313 0.1589224408372743 0
3441 6.197368421052647 0.05328026330611494 0
3442 6.593306377664938 0.0543444144494574 0
3443 4.6902329641173 0.2761141431974078 0
3444 4.699310623387253 0.05451668694772153 0
3445 8.800109901812828 1.945737797735447 0
3446 4.963393915186059 0.1283869279283344 0
3447 6.716217535483059 1.875107811491646 0
3448 5.644736842105275 0.0525323048084847 0
3449 7.150860649979496 0.1288779354409886 0
3450 4.693925335259251 0.1987114580009951 0
3451 8.802631578947375 0.05208923716502396 0
3452 4.688172116657229 0.5142738912040135 0
3453 6.880651136584779 1.697811176485393 0
3454 7.840711975679097 1.940030702354665 0
3455 7.543144202799184 0.05406450280176581 0
3456 8.501462529548245 1.940070679282154 0
3457 4.689529664870413 0.4362408207431405 0
3458 4.628599381228348 0.3181708934883786 0
3459 7.949576310025321 1.943253682916172 0
3460 5.091945618921717 0.05159215037647873 0
3461 4.625230760106422 0.7149487629812934 0
3462 6.03947368421053 0.05083913342166418 0
3463 4.625867196420822 0.5531151504868018 0
3464 4.624948005371042 0.6329975536404747 0
3465 6.338997722601097 1.942362474301928 0
3466 4.689409643379109 0.8361517502780326 0
3467 6.592105263157898 1.950065339613501 0
3468 4.687106877815044 0.9930265850664155 0
3469 4.619850275266389 1.349290763980471 0
3470 4.558226529688491 1.473380049915361 0
3471 4.68978495411393 0.9144794500363063 0
3472 4.625551127852387 1.034468084085398 0
3473 4.618189210972153 1.839950032560661 0
3474 8.391624704731361 1.94442833538776 0
3475 4.625496519487121 1.108591374756138 0
3476 4.625598503537728 1.187174559274866 0
3477 4.685131501815315 1.716183237143064 0
3478 4.623980472791354 1.268259911068142 0
3479 4.558649916982839 1.392192825537959 0
3480 4.687033117504935 1.639933554501217 0
3481 4.619324573877397 1.759382026523652 0
3482 7.697308023024272 1.948369582880201 0
3483 5.843160163520229 1.884559028622926 0
3484 7.342510537122236 1.887256516614728 0
3485 5.290072745372155 1.884436280298427 0
3486 8.941537126056256 0.05873933197367767 0
3487 4.558462873943407 0.05873933197320495 0
3488 8.941537126056256 1.94126066802632 0
3489 4.558462873943657 1.94126066802646 0
3490 6.948362817931944 1.885005643730871 0
3491 4.741678392180313 1.884197263765568 0
3492 4.889541282132754 1.884499504495118 0
3493 5.995136568090086 1.881624196929992 0
3494 5.442069065516761 1.882555060232558 0
3495 5.690573821431481 1.881083868448651 0
3496 6.242246579538433 1.88208451855284 0
3497 7.440092080756096 1.943427284482656 0
3498 5.142420528593449 1.879313879918596 0
3499 7.19419294015982 1.880783103447973 0
3500 6.732139005339196 1.605474417140295 0
3501 7.893412980590519 0.1070638753936188 0
3502 8.296473843708005 1.887045611819538 0
3503 8.044519863683902 1.886428620005442 0
3504 5.565878219365727 1.956254258403938 0
3505 6.821012441273603 1.652194494831532 0
3506 7.336905608557462 0.1038487055698353 0
3507 6.118457865366571 1.957140993819137 0
3508 5.033189183021139 1.878339788317589 0
3509 7.087444632905386 1.879415085275474 0
3510 6.53264651605225 1.879227644243611 0
$EndNodes
$Elements
7026
1 15 2 1 1 1
2 15 2 1 2 2
3 15 2 2 2 2
4 15 2 2 3 3
5 15 2 1 4 4
6 15 2 1 5 5
7 15 2 2 5 5
8 15 2 2 6 6
9 1 2 1 1 4 7
10 1 2 1 1 7 8
11 1 2 1 1 8 9
12 1 2 1 1 9 10
13 1 2 1 1 10 11
14 1 2 1 1 11 12
15 1 2 1 1 12 13
16 1 2 1 1 13 14
17 1 2 1 1 14 15
18 1 2 1 1 15 16
19 1 2 1 1 16 17
20 1 2 1 1 17 18
21 1 2 1 1 18 19
22 1 2 1 1 19 20
23 1 2 1 1 20 21
24 1 2 1 1 21 22
25 1 2 1 1 22 23
26 1 2 1 1 23 24
27 1 2 1 1 24 25
28 1 2 1 1 25 26
29 1 2 1 1 26 27
30 1 2 1 1 27 28
31 1 2 1 1 28 29
32 1 2 1 1 29 30
33 1 2 1 1 30 1
34 1 2 2 3 6 55
35 1 2 2 3 55 56
36 1 2 2 3 56 57
37 1 2 2 3 57 58
38 1 2 2 3 58 59
39 1 2 2 3 59 60
40 1 2 2 3 60 61
41 1 2 2 3 61 62
42 1 2 2 3 62 63
43 1 2 2 3 63 64
44 1 2 2 3 64 65
45 1 2 2 3 65 66
46 1 2 2 3 66 67
47 1 2 2 3 67 68
48 1 2 2 3 68 69
49 1 2 2 3 69 70
50 1 2 2 3 70 71
51 1 2 2 3 71 72
52 1 2 2 3 72 73
53 1 2 2 3 73 74
54 1 2 2 3 74 75
55 1 2 2 3 75 76
56 1 2 2 3 76 77
57 1 2 2 3 77 78
58 1 2 2 3 78 3
59 1 2 1 4 1 79
60 1 2 1 4 79 80
61 1 2 1 4 80 81
62 1 2 1 4 81 82
63 1 2 1 4 82 83
64 1 2 1 4 83 84
65 1 2 1 4 84 85
66 1 2 1 4 85 86
67 1 2 1 4 86 87
68 1 2 1 4 87 88
69 1 2 1 4 88 89
70 1 2 1 4 89 90
71 1 2 1 4 90 91
72 1 2 1 4 91 92
73 1 2 1 4 92 93
74 1 2 1 4 93 94
75 1 2 1 4 94 95
76 1 2 1 4 95 96
77 1 2 1 4 96 97
78 1 2 1 4 97 98
79 1 2 1 4 98 99
80 1 2 1 4 99 100
81 1 2 1 4 100 101
82 1 2 1 4 101 102
83 1 2 1 4 102 103
84 1 2 1 4 103 104
85 1 2 1 4 104 105
86 1 2 1 4 105 106
87 1 2 1 4 106 107
88 1 2 1 4 107 108
89 1 2 1 4 108 109
90 1 2 1 4 109 110
91 1 2 1 4 110 111
92 1 2 1 4 111 112
93 1 2 1 4 112 113
94 1 2 1 4 113 114
95 1 2 1 4 114 115
96 1 2 1 4 115 116
97 1 2 1 4 116 117
98 1 2 1 4 117 118
99 1 2 1 4 118 119
100 1 2 1 4 119 120
101 1 2 1 4 120 121
102 1 2 1 4 121 122
103 1 2 1 4 122 123
104 1 2 1 4 123 124
105 1 2 1 4 124 125
106 1 2 1 4 125 126
107 1 2 1 4 126 127
108 1 2 1 4 127 128
109 1 2 1 4 128 129
110 1 2 1 4 129 130
111 1 2 1 4 130 131
112 1 2 1 4 131 132
113 1 2 1 4 132 133
114 1 2 1 4 133 134
115 1 2 1 4 134 2
116 1 2 2 5 3 135
117 1 2 2 5 135 136
118 1 2 2 5 136 137
119 1 2 2 5 137 138
120 1 2 2 5 138 139
121 1 2 2 5 139 140
122 1 2 2 5 140 141
123 1 2 2 5 141 142
124 1 2 2 5 142 143
125 1 2 2 5 143 144
126 1 2 2 5 144 145
127 1 2 2 5 145 146
128 1 2 2 5 146 147
129 1 2 2 5 147 148
130 1 2 2 5 148 149
131 1 2 2 5 149 150
132 1 2 2 5 150 151
133 1 2 2 5 151 152
134 1 2 2 5 152 153
135 1 2 2 5 153 154
136 1 2 2 5 154 155
137 1 2 2 5 155 156
138 1 2 2 5 156 157
139 1 2 2 5 157 158
140 1 2 2 5 158 159
141 1 2 2 5 159 160
142 1 2 2 5 160 161
143 1 2 2 5 161 162
144 1 2 2 5 162 163
145 1 2 2 5 163 164
146 1 2 2 5 164 165
147 1 2 2 5 165 166
148 1 2 2 5 166 167
149 1 2 2 5 167 168
150 1 2 2 5 168 169
151 1 2 2 5 169 170
152 1 2 2 5 170 171
153 1 2 2 5 171 172
154 1 2 2 5 172 173
155 1 2 2 5 173 174
156 1 2 2 5 174 175
157 1 2 2 5 175 176
158 1 2 2 5 176 177
159 1 2 2 5 177 178
160 1 2 2 5 178 179
161 1 2 2 5 179 180
162 1 2 2 5 180 181
163 1 2 2 5 181 182
164 1 2 2 5 182 183
165 1 2 2 5 183 184
166 1 2 2 5 184 185
167 1 2 2 5 185 186
168 1 2 2 5 186 187
169 1 2 2 5 187 188
170 1 2 2 5 188 189
171 1 2 2 5 189 190
172 1 2 2 5 190 2
173 1 2 1 6 5 191
174 1 2 1 6 191 192
175 1 2 1 6 192 193
176 1 2 1 6 193 194
177 1 2 1 6 194 195
178 1 2 1 6 195 196
179 1 2 1 6 196 197
180 1 2 1 6 197 198
181 1 2 1 6 198 199
182 1 2 1 6 199 200
183 1 2 1 6 200 201
184 1 2 1 6 201 202
185 1 2 1 6 202 203
186 1 2 1 6 203 204
187 1 2 1 6 204 205
188 1 2 1 6 205 206
189 1 2 1 6 206 207
190 1 2 1 6 207 208
191 1 2 1 6 208 209
192 1 2 1 6 209 210
193 1 2 1 6 210 211
194 1 2 1 6 211 212
195 1 2 1 6 212 213
196 1 2 1 6 213 214
197 1 2 1 6 214 215
198 1 2 1 6 215 216
199 1 2 1 6 216 217
200 1 2 1 6 217 218
201 1 2 1 6 218 219
202 1 2 1 6 219 220
203 1 2 1 6 220 221
204 1 2 1 6 221 222
205 1 2 1 6 222 223
206 1 2 1 6 223 224
207 1 2 1 6 224 225
208 1 2 1 6 225 226
209 1 2 1 6 226 227
210 1 2 1 6 227 228
211 1 2 1 6 228 229
212 1 2 1 6 229 230
213 1 2 1 6 230 231
214 1 2 1 6 231 232
215 1 2 1 6 232 233
216 1 2 1 6 233 234
217 1 2 1 6 234 235
218 1 2 1 6 235 236
219 1 2 1 6 236 237
220 1 2 1 6 237 238
221 1 2 1 6 238 239
222 1 2 1 6 239 240
223 1 2 1 6 240 241
224 1 2 1 6 241 242
225 1 2 1 6 242 243
226 1 2 1 6 243 244
227 1 2 1 6 244 245
228 1 2 1 6 245 246
229 1 2 1 6 246 4
230 1 2 2 7 5 247
231 1 2 2 7 247 248
232 1 2 2 7 248 249
233 1 2 2 7 249 250
234 1 2 2 7 250 251
235 1 2 2 7 251 252
236 1 2 2 7 252 253
237 1 2 2 7 253 254
238 1 2 2 7 254 255
239 1 2 2 7 255 256
240 1 2 2 7 256 257
241 1 2 2 7 257 258
242 1 2 2 7 258 259
243 1 2 2 7 259 260
244 1 2 2 7 260 261
245 1 2 2 7 261 262
246 1 2 2 7 262 263
247 1 2 2 7 263 264
248 1 2 2 7 264 265
249 1 2 2 7 265 266
250 1 2 2 7 266 267
251 1 2 2 7 267 268
252 1 2 2 7 268 269
253 1 2 2 7 269 270
254 1 2 2 7 270 271
255 1 2 2 7 271 272
256 1 2 2 7 272 273
257 1 2 2 7 273 274
258 1 2 2 7 274 275
259 1 2 2 7 275 276
260 1 2 2 7 276 277
261 1 2 2 7 277 278
262 1 2 2 7 278 279
263 1 2 2 7 279 280
264 1 2 2 7 280 281
265 1 2 2 7 281 282
266 1 2 2 7 282 283
267 1 2 2 7 283 284
268 1 2 2 7 284 285
269 1 2 2 7 285 286
270 1 2 2 7 286 287
271 1 2 2 7 287 288
272 1 2 2 7 288 289
273 1 2 2 7 289 290
274 1 2 2 7 290 291
275 1 2 2 7 291 292
276 1 2 2 7 292 293
277 1 2 2 7 293 294
278 1 2 2 7 294 295
279 1 2 2 7 295 296
280 1 2 2 7 296 297
281 1 2 2 7 297 298
282 1 2 2 7 298 299
283 1 2 2 7 299 300
284 1 2 2 7 300 301
285 1 2 2 7 301 302
286 1 2 2 7 302 6
287 2 2 1 1 1229 563 1534
288 2 2 1 1 1181 1182 1183
289 2 2 1 1 1557 1540 1847
290 2 2 1 1 1180 1235 1409
291 2 2 1 1 321 1366 1786
292 2 2 1 1 1450 361 1556
293 2 2 1 1 1181 1179 1182
294 2 2 1 1 314 1410 1411
295 2 2 1 1 1032 1290 1618
296 2 2 1 1 306 1557 1847
297 2 2 1 1 117 353 1262
298 2 2 1 1 544 543 1241
299 2 2 1 1 1473 1560 1861
300 2 2 1 1 527 1231 1865
301 2 2 1 1 241 242 1322
302 2 2 1 1 1150 1151 1552
303 2 2 1 1 1158 304 1795
304 2 2 1 1 1366 321 1831
305 2 2 1 1 327 241 1322
306 2 2 1 1 308 1535 1794
307 2 2 1 1 1473 1239 1560
308 2 2 1 1 1411 912 1412
309 2 2 1 1 314 1177 1410
310 2 2 1 1 361 1450 1830
311 2 2 1 1 1552 1151 1840
312 2 2 1 1 359 1468 1801
313 2 2 1 1 1522 319 1547
314 2 2 1 1 1537 357 1802
315 2 2 1 1 1168 317 1436
316 2 2 1 1 352 1456 1457
317 2 2 1 1 1474 353 1551
318 2 2 1 1 84 331 1249
319 2 2 1 1 1165 331 1814
320 2 2 1 1 1410 912 1411
321 2 2 1 1 1618 1290 1836
322 2 2 1 1 317 1423 1436
323 2 2 1 1 547 544 1241
324 2 2 1 1 199 322 1356
325 2 2 1 1 1395 318 1628
326 2 2 1 1 1235 727 1409
327 2 2 1 1 1153 1232 1236
328 2 2 1 1 1231 527 1753
329 2 2 1 1 1223 1229 1534
330 2 2 1 1 1226 1242 1779
331 2 2 1 1 1170 313 1292
332 2 2 1 1 910 963 1412
333 2 2 1 1 1779 1242 1843
334 2 2 1 1 304 1158 1827
335 2 2 1 1 1028 1637 1655
336 2 2 1 1 1535 308 1829
337 2 2 1 1 1234 535 1588
338 2 2 1 1 198 199 1356
339 2 2 1 1 1792 1233 1861
340 2 2 1 1 823 1797 1866
341 2 2 1 1 1232 1153 1798
342 2 2 1 1 337 1319 1320
343 2 2 1 1 1233 348 1494
344 2 2 1 1 320 1792 1861
345 2 2 1 1 563 1229 1485
346 2 2 1 1 894 1354 1355
347 2 2 1 1 958 1793 1871
348 2 2 1 1 1797 1389 1866
349 2 2 1 1 894 1353 1354
350 2 2 1 1 1560 320 1861
351 2 2 1 1 133 134 1327
352 2 2 1 1 245 246 1317
353 2 2 1 1 912 910 1412
354 2 2 1 1 1453 527 1865
355 2 2 1 1 1180 1181 1235
356 2 2 1 1 1468 359 1823
357 2 2 1 1 1825 559 1846
358 2 2 1 1 116 117 1262
359 2 2 1 1 1238 310 1550
360 2 2 1 1 1456 352 1834
361 2 2 1 1 357 1537 1824
362 2 2 1 1 1231 1753 1817
363 2 2 1 1 543 1240 1241
364 2 2 1 1 1793 1341 1871
365 2 2 1 1 83 84 1249
366 2 2 1 1 338 1328 1833
367 2 2 1 1 349 1413 1790
368 2 2 1 1 1228 1825 1846
369 2 2 1 1 1237 1238 1550
370 2 2 1 1 1262 353 1808
371 2 2 1 1 1167 1165 1814
372 2 2 1 1 1819 338 1833
373 2 2 1 1 1182 305 1183
374 2 2 1 1 348 1233 1792
375 2 2 1 1 1753 728 1817
376 2 2 1 1 364 1278 1279
377 2 2 1 1 1356 322 1776
378 2 2 1 1 1145 1558 1847
379 2 2 1 1 350 1237 1550
380 2 2 1 1 1395 1628 1828
381 2 2 1 1 331 1165 1815
382 2 2 1 1 1516 1215 1517
383 2 2 1 1 337 1318 1319
384 2 2 1 1 319 1522 1818
385 2 2 1 1 1327 134 1886
386 2 2 1 1 1317 246 1885
387 2 2 1 1 1474 1551 1822
388 2 2 1 1 1413 1412 1790
389 2 2 1 1 335 1248 1253
390 2 2 1 1 1352 195 1809
391 2 2 1 1 1637 1028 1844
392 2 2 1 1 961 888 1355
393 2 2 1 1 1468 1160 1801
394 2 2 1 1 1536 1537 1802
395 2 2 1 1 195 1352 1888
396 2 2 1 1 1788 551 1820
397 2 2 1 1 1239 362 1560
398 2 2 1 1 328 1276 1278
399 2 2 1 1 349 229 1413
400 2 2 1 1 79 80 1520
401 2 2 1 1 1522 1547 1810
402 2 2 1 1 1124 1804 1859
403 2 2 1 1 1559 1445 1839
404 2 2 1 1 1160 1158 1795
405 2 2 1 1 335 1253 1254
406 2 2 1 1 888 894 1355
407 2 2 1 1 1588 535 1751
408 2 2 1 1 1249 331 1815
409 2 2 1 1 311 1455 1456
410 2 2 1 1 1193 1812 1865
411 2 2 1 1 1535 1536 1794
412 2 2 1 1 353 1474 1808
413 2 2 1 1 105 1794 1802
414 2 2 1 1 311 1172 1455
415 2 2 1 1 1170 1292 1383
416 2 2 1 1 1530 1546 1845
417 2 2 1 1 1342 1805 1853
418 2 2 1 1 1795 98 1801
419 2 2 1 1 86 1786 1814
420 2 2 1 1 1316 969 1318
421 2 2 1 1 1366 1167 1786
422 2 2 1 1 337 1320 1813
423 2 2 1 1 1785 1155 1876
424 2 2 1 1 354 1291 1292
425 2 2 1 1 1558 306 1847
426 2 2 1 1 866 867 1319
427 2 2 1 1 1595 1400 1831
428 2 2 1 1 342 1171 1323
429 2 2 1 1 1171 968 1323
430 2 2 1 1 1292 313 1882
431 2 2 1 1 535 1234 1895
432 2 2 1 1 1860 833 1867
433 2 2 1 1 1400 1595 1830
434 2 2 1 1 1804 1373 1859
435 2 2 1 1 1812 1453 1865
436 2 2 1 1 1318 969 1319
437 2 2 1 1 229 230 1413
438 2 2 1 1 1439 1778 1799
439 2 2 1 1 1376 1860 1867
440 2 2 1 1 1322 242 1813
441 2 2 1 1 354 1290 1291
442 2 2 1 1 1292 1291 1383
443 2 2 1 1 1215 1516 1788
444 2 2 1 1 1302 1688 1721
445 2 2 1 1 1412 963 1790
446 2 2 1 1 327 1322 1791
447 2 2 1 1 1181 1183 1184
448 2 2 1 1 318 1395 1811
449 2 2 1 1 1227 1788 1820
450 2 2 1 1 79 1520 1883
451 2 2 1 1 1445 1559 1827
452 2 2 1 1 969 866 1319
453 2 2 1 1 1805 1114 1853
454 2 2 1 1 1554 1230 1799
455 2 2 1 1 1411 1412 1413
456 2 2 1 1 1850 822 1852
457 2 2 1 1 1355 1356 1776
458 2 2 1 1 1319 867 1320
459 2 2 1 1 1423 317 1800
460 2 2 1 1 1546 1530 1829
461 2 2 1 1 1169 235 1807
462 2 2 1 1 1278 364 1855
463 2 2 1 1 330 1864 1877
464 2 2 1 1 317 1168 1807
465 2 2 1 1 969 1316 1323
466 2 2 1 1 370 369 1519
467 2 2 1 1 1864 1156 1877
468 2 2 1 1 235 1169 1900
469 2 2 1 1 1450 1556 1806
470 2 2 1 1 358 1559 1839
471 2 2 1 1 1558 1145 1823
472 2 2 1 1 1838 906 1848
473 2 2 1 1 397 399 1332
474 2 2 1 1 1310 1726 1777
475 2 2 1 1 1540 1557 1824
476 2 2 1 1 332 1351 1809
477 2 2 1 1 1153 1236 1237
478 2 2 1 1 1384 401 1772
479 2 2 1 1 968 969 1323
480 2 2 1 1 1355 1354 1356
481 2 2 1 1 323 1726 1775
482 2 2 1 1 1261 370 1519
483 2 2 1 1 1794 1536 1802
484 2 2 1 1 483 1429 1430
485 2 2 1 1 1171 342 1324
486 2 2 1 1 979 978 1337
487 2 2 1 1 1173 577 1482
488 2 2 1 1 577 578 1482
489 2 2 1 1 1160 1795 1801
490 2 2 1 1 1240 543 1268
491 2 2 1 1 971 1021 1243
492 2 2 1 1 1071 1070 1533
493 2 2 1 1 1786 1167 1814
494 2 2 1 1 1164 1163 1904
495 2 2 1 1 372 370 1261
496 2 2 1 1 419 420 1258
497 2 2 1 1 333 1301 1324
498 2 2 1 1 1442 974 1768
499 2 2 1 1 1546 347 1845
500 2 2 1 1 1176 427 1273
501 2 2 1 1 427 1176 1272
502 2 2 1 1 431 432 1761
503 2 2 1 1 1303 333 1309
504 2 2 1 1 427 428 1273
505 2 2 1 1 1080 1079 1580
506 2 2 1 1 1163 1774 1904
507 2 2 1 1 1301 333 1303
508 2 2 1 1 1397 1850 1852
509 2 2 1 1 1368 1863 1870
510 2 2 1 1 1301 1171 1324
511 2 2 1 1 439 440 1759
512 2 2 1 1 1531 435 1532
513 2 2 1 1 435 436 1532
514 2 2 1 1 1863 1144 1870
515 2 2 1 1 573 574 1484
516 2 2 1 1 352 1457 1810
517 2 2 1 1 1578 443 1579
518 2 2 1 1 447 448 1758
519 2 2 1 1 1688 795 1721
520 2 2 1 1 1769 872 1770
521 2 2 1 1 443 444 1579
522 2 2 1 1 1150 1552 1784
523 2 2 1 1 1076 1364 1587
524 2 2 1 1 367 1785 1876
525 2 2 1 1 1427 1730 1752
526 2 2 1 1 1688 1310 1777
527 2 2 1 1 1113 1769 1770
528 2 2 1 1 1095 1094 1609
529 2 2 1 1 1302 1303 1688
530 2 2 1 1 1780 1155 1785
531 2 2 1 1 947 1382 1432
532 2 2 1 1 1237 350 1840
533 2 2 1 1 981 982 1360
534 2 2 1 1 1607 451 1608
535 2 2 1 1 407 405 1725
536 2 2 1 1 1726 1310 1775
537 2 2 1 1 420 423 1258
538 2 2 1 1 403 400 1745
539 2 2 1 1 704 1282 1284
540 2 2 1 1 423 1175 1258
541 2 2 1 1 1032 1618 1811
542 2 2 1 1 581 1481 1482
543 2 2 1 1 451 452 1608
544 2 2 1 1 307 1554 1799
545 2 2 1 1 1481 581 1483
546 2 2 1 1 483 1428 1429
547 2 2 1 1 578 581 1482
548 2 2 1 1 1175 423 1272
549 2 2 1 1 1382 1381 1432
550 2 2 1 1 977 880 1428
551 2 2 1 1 1451 355 1903
552 2 2 1 1 1681 346 1773
553 2 2 1 1 1106 1100 1401
554 2 2 1 1 430 429 1508
555 2 2 1 1 410 407 1269
556 2 2 1 1 428 431 1273
557 2 2 1 1 1260 477 1680
558 2 2 1 1 488 1256 1424
559 2 2 1 1 870 372 1261
560 2 2 1 1 413 1250 1297
561 2 2 1 1 1351 332 1905
562 2 2 1 1 389 391 1440
563 2 2 1 1 935 1610 1627
564 2 2 1 1 417 1252 1296
565 2 2 1 1 396 394 1426
566 2 2 1 1 1256 977 1424
567 2 2 1 1 1272 1176 1566
568 2 2 1 1 418 417 1296
569 2 2 1 1 1263 511 1362
570 2 2 1 1 438 437 1528
571 2 2 1 1 401 1332 1772
572 2 2 1 1 328 1278 1855
573 2 2 1 1 1269 407 1725
574 2 2 1 1 879 1363 1645
575 2 2 1 1 986 989 1507
576 2 2 1 1 436 439 1532
577 2 2 1 1 1247 870 1253
578 2 2 1 1 989 1505 1507
579 2 2 1 1 617 1251 1362
580 2 2 1 1 990 993 1506
581 2 2 1 1 1254 1519 1520
582 2 2 1 1 1251 1263 1362
583 2 2 1 1 1251 617 1660
584 2 2 1 1 874 1364 1738
585 2 2 1 1 998 1001 1527
586 2 2 1 1 1244 771 1245
587 2 2 1 1 446 445 1543
588 2 2 1 1 313 1170 1822
589 2 2 1 1 985 1507 1755
590 2 2 1 1 444 447 1579
591 2 2 1 1 459 460 1274
592 2 2 1 1 369 366 1519
593 2 2 1 1 399 704 1332
594 2 2 1 1 577 1173 1484
595 2 2 1 1 401 397 1332
596 2 2 1 1 1006 1013 1542
597 2 2 1 1 1460 980 1715
598 2 2 1 1 1329 1838 1848
599 2 2 1 1 1282 704 1459
600 2 2 1 1 1174 323 1681
601 2 2 1 1 1243 1021 1364
602 2 2 1 1 1778 307 1799
603 2 2 1 1 1254 1253 1261
604 2 2 1 1 971 1243 1484
605 2 2 1 1 408 1281 1459
606 2 2 1 1 1585 475 1760
607 2 2 1 1 961 1355 1776
608 2 2 1 1 1091 1460 1715
609 2 2 1 1 400 398 1430
610 2 2 1 1 414 413 1297
611 2 2 1 1 1066 979 1337
612 2 2 1 1 978 1273 1337
613 2 2 1 1 930 1442 1768
614 2 2 1 1 1028 1655 1819
615 2 2 1 1 398 483 1430
616 2 2 1 1 400 1430 1745
617 2 2 1 1 870 1247 1308
618 2 2 1 1 323 1174 1726
619 2 2 1 1 1074 1071 1533
620 2 2 1 1 1070 1532 1533
621 2 2 1 1 452 455 1608
622 2 2 1 1 1256 488 1425
623 2 2 1 1 1245 771 1308
624 2 2 1 1 1401 1099 1756
625 2 2 1 1 413 410 1269
626 2 2 1 1 1250 413 1269
627 2 2 1 1 1762 1089 1765
628 2 2 1 1 1271 1394 1722
629 2 2 1 1 1252 417 1297
630 2 2 1 1 1079 1579 1580
631 2 2 1 1 421 418 1296
632 2 2 1 1 1085 1080 1580
633 2 2 1 1 617 1331 1660
634 2 2 1 1 1503 1267 1716
635 2 2 1 1 1175 1272 1566
636 2 2 1 1 771 1244 1331
637 2 2 1 1 985 986 1507
638 2 2 1 1 355 1451 1803
639 2 2 1 1 1363 1263 1645
640 2 2 1 1 1505 989 1506
641 2 2 1 1 989 990 1506
642 2 2 1 1 1243 573 1484
643 2 2 1 1 574 577 1484
644 2 2 1 1 609 1503 1716
645 2 2 1 1 1281 1282 1459
646 2 2 1 1 972 874 1738
647 2 2 1 1 460 463 1274
648 2 2 1 1 1526 997 1527
649 2 2 1 1 972 1738 1742
650 2 2 1 1 1364 874 1587
651 2 2 1 1 1076 1243 1364
652 2 2 1 1 997 998 1527
653 2 2 1 1 1258 972 1742
654 2 2 1 1 1337 431 1761
655 2 2 1 1 380 378 1331
656 2 2 1 1 511 1263 1363
657 2 2 1 1 470 473 1748
658 2 2 1 1 1253 870 1261
659 2 2 1 1 1299 1264 1729
660 2 2 1 1 1099 1609 1756
661 2 2 1 1 463 1259 1274
662 2 2 1 1 350 1552 1840
663 2 2 1 1 1360 985 1755
664 2 2 1 1 1259 463 1299
665 2 2 1 1 1094 1608 1609
666 2 2 1 1 360 1178 1754
667 2 2 1 1 1533 439 1759
668 2 2 1 1 1384 1255 1489
669 2 2 1 1 1099 1095 1609
670 2 2 1 1 1541 1005 1542
671 2 2 1 1 401 1384 1489
672 2 2 1 1 1005 1006 1542
673 2 2 1 1 982 985 1360
674 2 2 1 1 1296 981 1360
675 2 2 1 1 703 1255 1300
676 2 2 1 1 1255 703 1489
677 2 2 1 1 321 1595 1831
678 2 2 1 1 1426 977 1428
679 2 2 1 1 1184 1183 1185
680 2 2 1 1 1580 447 1758
681 2 2 1 1 596 594 1287
682 2 2 1 1 467 1264 1299
683 2 2 1 1 325 23 1348
684 2 2 1 1 1344 325 1348
685 2 2 1 1 1257 315 1365
686 2 2 1 1 880 881 1428
687 2 2 1 1 1181 1184 1235
688 2 2 1 1 1659 449 1713
689 2 2 1 1 1100 1099 1401
690 2 2 1 1 433 430 1508
691 2 2 1 1 429 1506 1508
692 2 2 1 1 1264 467 1305
693 2 2 1 1 1424 977 1426
694 2 2 1 1 483 396 1426
695 2 2 1 1 1274 1106 1401
696 2 2 1 1 475 1440 1760
697 2 2 1 1 376 374 1308
698 2 2 1 1 394 1424 1426
699 2 2 1 1 467 468 1305
700 2 2 1 1 391 703 1440
701 2 2 1 1 1381 315 1432
702 2 2 1 1 1320 867 1321
703 2 2 1 1 973 1279 1399
704 2 2 1 1 419 1258 1742
705 2 2 1 1 441 438 1528
706 2 2 1 1 1610 818 1627
707 2 2 1 1 437 1527 1528
708 2 2 1 1 315 1257 1432
709 2 2 1 1 1365 343 1704
710 2 2 1 1 475 389 1440
711 2 2 1 1 1382 947 1741
712 2 2 1 1 417 414 1297
713 2 2 1 1 935 1256 1610
714 2 2 1 1 207 1452 1903
715 2 2 1 1 454 453 1335
716 2 2 1 1 599 1266 1311
717 2 2 1 1 1425 1427 1752
718 2 2 1 1 1730 1363 1752
719 2 2 1 1 600 599 1311
720 2 2 1 1 445 1542 1543
721 2 2 1 1 405 477 1725
722 2 2 1 1 1279 1277 1399
723 2 2 1 1 449 446 1543
724 2 2 1 1 471 1286 1617
725 2 2 1 1 1277 805 1399
726 2 2 1 1 1347 343 1367
727 2 2 1 1 1506 993 1508
728 2 2 1 1 1248 335 1832
729 2 2 1 1 1020 1659 1713
730 2 2 1 1 449 1543 1713
731 2 2 1 1 1257 1365 1704
732 2 2 1 1 1247 1245 1308
733 2 2 1 1 1275 805 1277
734 2 2 1 1 478 481 1462
735 2 2 1 1 1527 1001 1528
736 2 2 1 1 997 1526 1718
737 2 2 1 1 1020 1394 1659
738 2 2 1 1 1023 1022 1699
739 2 2 1 1 1280 461 1393
740 2 2 1 1 1017 1280 1393
741 2 2 1 1 402 404 1459
742 2 2 1 1 477 1260 1725
743 2 2 1 1 805 1275 1285
744 2 2 1 1 1005 1541 1714
745 2 2 1 1 459 1274 1401
746 2 2 1 1 1542 1013 1543
747 2 2 1 1 599 596 1287
748 2 2 1 1 1237 1236 1238
749 2 2 1 1 543 540 1268
750 2 2 1 1 540 539 1268
751 2 2 1 1 325 1343 1367
752 2 2 1 1 24 25 1737
753 2 2 1 1 1275 1026 1285
754 2 2 1 1 1174 1681 1773
755 2 2 1 1 343 1347 1704
756 2 2 1 1 468 471 1305
757 2 2 1 1 1585 1025 1597
758 2 2 1 1 1343 1347 1367
759 2 2 1 1 1460 1091 1706
760 2 2 1 1 475 1585 1597
761 2 2 1 1 1680 477 1745
762 2 2 1 1 477 403 1745
763 2 2 1 1 980 1503 1715
764 2 2 1 1 433 1508 1718
765 2 2 1 1 1022 1460 1706
766 2 2 1 1 1425 1752 1763
767 2 2 1 1 1266 599 1287
768 2 2 1 1 441 1528 1714
769 2 2 1 1 1610 1425 1763
770 2 2 1 1 305 1182 1887
771 2 2 1 1 1526 433 1718
772 2 2 1 1 1305 471 1617
773 2 2 1 1 1259 1299 1729
774 2 2 1 1 1541 441 1714
775 2 2 1 1 424 427 1272
776 2 2 1 1 423 424 1272
777 2 2 1 1 604 600 1311
778 2 2 1 1 23 24 1348
779 2 2 1 1 617 380 1331
780 2 2 1 1 1394 1020 1722
781 2 2 1 1 1699 1022 1706
782 2 2 1 1 1685 1496 1703
783 2 2 1 1 378 771 1331
784 2 2 1 1 1343 325 1344
785 2 2 1 1 1025 1265 1605
786 2 2 1 1 1597 1025 1605
787 2 2 1 1 803 898 1383
788 2 2 1 1 604 1312 1313
789 2 2 1 1 604 1311 1312
790 2 2 1 1 374 870 1308
791 2 2 1 1 432 435 1761
792 2 2 1 1 1331 1244 1660
793 2 2 1 1 771 376 1308
794 2 2 1 1 435 1531 1761
795 2 2 1 1 581 582 1483
796 2 2 1 1 582 585 1483
797 2 2 1 1 1265 489 1605
798 2 2 1 1 440 443 1759
799 2 2 1 1 872 1481 1770
800 2 2 1 1 457 454 1335
801 2 2 1 1 1390 640 1596
802 2 2 1 1 1273 431 1337
803 2 2 1 1 1271 1335 1394
804 2 2 1 1 704 1284 1332
805 2 2 1 1 993 994 1718
806 2 2 1 1 1409 896 1684
807 2 2 1 1 1270 457 1335
808 2 2 1 1 443 1578 1759
809 2 2 1 1 457 1270 1393
810 2 2 1 1 489 1265 1685
811 2 2 1 1 1532 439 1533
812 2 2 1 1 1267 1287 1716
813 2 2 1 1 448 451 1758
814 2 2 1 1 489 1685 1703
815 2 2 1 1 473 1462 1748
816 2 2 1 1 1335 453 1394
817 2 2 1 1 1289 871 1291
818 2 2 1 1 1595 361 1830
819 2 2 1 1 1001 1002 1714
820 2 2 1 1 1333 790 1334
821 2 2 1 1 1354 332 1837
822 2 2 1 1 871 1289 1293
823 2 2 1 1 974 1281 1768
824 2 2 1 1 1288 850 1294
825 2 2 1 1 1180 1409 1684
826 2 2 1 1 1113 1442 1769
827 2 2 1 1 1289 1031 1293
828 2 2 1 1 1270 1017 1393
829 2 2 1 1 461 1280 1437
830 2 2 1 1 1579 447 1580
831 2 2 1 1 1285 1026 1390
832 2 2 1 1 1348 24 1737
833 2 2 1 1 473 478 1462
834 2 2 1 1 1029 1288 1294
835 2 2 1 1 404 408 1459
836 2 2 1 1 481 790 1462
837 2 2 1 1 1438 924 1616
838 2 2 1 1 1334 790 1391
839 2 2 1 1 704 402 1459
840 2 2 1 1 1173 971 1484
841 2 2 1 1 889 962 1304
842 2 2 1 1 1503 609 1715
843 2 2 1 1 1336 640 1390
844 2 2 1 1 893 1313 1697
845 2 2 1 1 1293 1031 1307
846 2 2 1 1 1438 1437 1604
847 2 2 1 1 1297 1250 1570
848 2 2 1 1 1252 1297 1570
849 2 2 1 1 1315 342 1323
850 2 2 1 1 1437 1280 1604
851 2 2 1 1 1140 1465 1467
852 2 2 1 1 1029 1294 1330
853 2 2 1 1 1177 314 1783
854 2 2 1 1 1139 1140 1467
855 2 2 1 1 867 800 1743
856 2 2 1 1 850 1288 1707
857 2 2 1 1 683 1563 1708
858 2 2 1 1 451 1607 1758
859 2 2 1 1 679 1539 1702
860 2 2 1 1 919 1160 1468
861 2 2 1 1 1287 594 1716
862 2 2 1 1 675 1538 1700
863 2 2 1 1 924 1438 1604
864 2 2 1 1 1298 920 1468
865 2 2 1 1 1316 1315 1323
866 2 2 1 1 671 1518 1696
867 2 2 1 1 898 1170 1383
868 2 2 1 1 10 11 1324
869 2 2 1 1 889 1304 1338
870 2 2 1 1 667 1521 1692
871 2 2 1 1 1363 879 1752
872 2 2 1 1 1608 455 1609
873 2 2 1 1 1182 360 1887
874 2 2 1 1 1357 1346 1717
875 2 2 1 1 871 803 1383
876 2 2 1 1 640 1336 1633
877 2 2 1 1 329 26 1306
878 2 2 1 1 421 1296 1360
879 2 2 1 1 663 1504 1689
880 2 2 1 1 687 1470 1710
881 2 2 1 1 1285 1390 1596
882 2 2 1 1 463 464 1299
883 2 2 1 1 464 467 1299
884 2 2 1 1 1320 1321 1322
885 2 2 1 1 1313 1312 1697
886 2 2 1 1 920 1298 1467
887 2 2 1 1 471 470 1748
888 2 2 1 1 659 1498 1682
889 2 2 1 1 1405 1406 1719
890 2 2 1 1 329 1306 1663
891 2 2 1 1 1425 488 1427
892 2 2 1 1 1019 1594 1712
893 2 2 1 1 1321 867 1743
894 2 2 1 1 342 10 1324
895 2 2 1 1 1254 1261 1519
896 2 2 1 1 705 1496 1720
897 2 2 1 1 1184 1185 1186
898 2 2 1 1 625 631 1379
899 2 2 1 1 699 1307 1378
900 2 2 1 1 920 919 1468
901 2 2 1 1 1429 1762 1765
902 2 2 1 1 1298 1139 1467
903 2 2 1 1 1508 993 1718
904 2 2 1 1 1307 699 1562
905 2 2 1 1 1496 705 1703
906 2 2 1 1 1364 1021 1738
907 2 2 1 1 11 333 1324
908 2 2 1 1 511 1363 1730
909 2 2 1 1 29 366 369
910 2 2 1 1 53 367 1314
911 2 2 1 1 652 655 1669
912 2 2 1 1 1616 924 1629
913 2 2 1 1 623 625 1493
914 2 2 1 1 1256 1425 1610
915 2 2 1 1 931 1357 1717
916 2 2 1 1 1349 655 1488
917 2 2 1 1 1043 1349 1488
918 2 2 1 1 1518 1111 1696
919 2 2 1 1 1521 1055 1692
920 2 2 1 1 1538 1128 1700
921 2 2 1 1 1465 1140 1470
922 2 2 1 1 1720 1357 1727
923 2 2 1 1 625 1379 1493
924 2 2 1 1 1504 1051 1689
925 2 2 1 1 1539 1132 1702
926 2 2 1 1 1528 1001 1714
927 2 2 1 1 1291 871 1383
928 2 2 1 1 1406 1616 1629
929 2 2 1 1 1288 1030 1736
930 2 2 1 1 1563 1136 1708
931 2 2 1 1 1498 1047 1682
932 2 2 1 1 9 342 1315
933 2 2 1 1 33 341 1325
934 2 2 1 1 1293 1307 1562
935 2 2 1 1 1431 1673 1674
936 2 2 1 1 503 501 1370
937 2 2 1 1 368 1326 1327
938 2 2 1 1 699 1378 1379
939 2 2 1 1 365 1316 1317
940 2 2 1 1 1338 615 1339
941 2 2 1 1 655 1349 1669
942 2 2 1 1 1304 615 1338
943 2 2 1 1 1313 1447 1657
944 2 2 1 1 1325 341 1329
945 2 2 1 1 612 748 1441
946 2 2 1 1 631 699 1379
947 2 2 1 1 333 12 1309
948 2 2 1 1 896 1304 1684
949 2 2 1 1 1407 936 1490
950 2 2 1 1 1339 503 1370
951 2 2 1 1 386 511 1730
952 2 2 1 1 777 1444 1512
953 2 2 1 1 1340 340 1341
954 2 2 1 1 1294 1295 1330
955 2 2 1 1 604 1313 1657
956 2 2 1 1 748 1330 1441
957 2 2 1 1 895 1407 1490
958 2 2 1 1 1327 1326 1328
959 2 2 1 1 26 27 1306
960 2 2 1 1 1317 1316 1318
961 2 2 1 1 339 369 370
962 2 2 1 1 1159 1444 1445
963 2 2 1 1 509 503 1339
964 2 2 1 1 51 340 1340
965 2 2 1 1 1031 892 1307
966 2 2 1 1 843 1029 1330
967 2 2 1 1 648 651 1642
968 2 2 1 1 748 843 1330
969 2 2 1 1 1313 893 1447
970 2 2 1 1 1336 901 1633
971 2 2 1 1 1568 1438 1616
972 2 2 1 1 368 1325 1326
973 2 2 1 1 1417 653 1583
974 2 2 1 1 1391 493 1732
975 2 2 1 1 365 1315 1316
976 2 2 1 1 1330 1295 1441
977 2 2 1 1 1303 1309 1310
978 2 2 1 1 956 1146 1664
979 2 2 1 1 1416 1417 1583
980 2 2 1 1 35 334 1342
981 2 2 1 1 908 1028 1358
982 2 2 1 1 1033 1338 1339
983 2 2 1 1 705 1720 1727
984 2 2 1 1 12 13 1309
985 2 2 1 1 842 747 1369
986 2 2 1 1 994 997 1718
987 2 2 1 1 651 1359 1642
988 2 2 1 1 485 487 1391
989 2 2 1 1 25 329 1737
990 2 2 1 1 945 1496 1685
991 2 2 1 1 1517 1215 1897
992 2 2 1 1 42 316 1375
993 2 2 1 1 365 8 1315
994 2 2 1 1 368 32 1325
995 2 2 1 1 1307 892 1378
996 2 2 1 1 323 15 1681
997 2 2 1 1 627 623 1493
998 2 2 1 1 887 889 1338
999 2 2 1 1 1673 753 1674
1000 2 2 1 1 501 505 1370
1001 2 2 1 1 1594 1103 1712
1002 2 2 1 1 29 30 366
1003 2 2 1 1 53 54 367
1004 2 2 1 1 7 8 365
1005 2 2 1 1 31 32 368
1006 2 2 1 1 1353 894 1361
1007 2 2 1 1 339 28 369
1008 2 2 1 1 340 52 1314
1009 2 2 1 1 893 759 1447
1010 2 2 1 1 1375 316 1376
1011 2 2 1 1 312 1549 1771
1012 2 2 1 1 1369 747 1392
1013 2 2 1 1 38 324 1398
1014 2 2 1 1 703 1300 1440
1015 2 2 1 1 615 509 1339
1016 2 2 1 1 1002 1005 1714
1017 2 2 1 1 905 908 1358
1018 2 2 1 1 364 1279 1828
1019 2 2 1 1 1374 1375 1376
1020 2 2 1 1 688 691 1470
1021 2 2 1 1 895 1405 1407
1022 2 2 1 1 1444 1159 1512
1023 2 2 1 1 790 1333 1462
1024 2 2 1 1 1033 1339 1370
1025 2 2 1 1 736 1385 1443
1026 2 2 1 1 326 1388 1389
1027 2 2 1 1 1406 1629 1719
1028 2 2 1 1 1033 887 1338
1029 2 2 1 1 1304 962 1684
1030 2 2 1 1 1385 1386 1443
1031 2 2 1 1 1483 585 1724
1032 2 2 1 1 629 627 1653
1033 2 2 1 1 754 955 1361
1034 2 2 1 1 1470 1140 1710
1035 2 2 1 1 904 903 905
1036 2 2 1 1 790 485 1391
1037 2 2 1 1 511 384 1362
1038 2 2 1 1 474 476 1404
1039 2 2 1 1 49 330 1387
1040 2 2 1 1 613 715 1392
1041 2 2 1 1 374 372 870
1042 2 2 1 1 727 1408 1409
1043 2 2 1 1 611 1435 1678
1044 2 2 1 1 723 638 1633
1045 2 2 1 1 326 47 1388
1046 2 2 1 1 1498 663 1689
1047 2 2 1 1 1504 667 1692
1048 2 2 1 1 777 1443 1444
1049 2 2 1 1 855 945 1651
1050 2 2 1 1 1521 671 1696
1051 2 2 1 1 346 1381 1382
1052 2 2 1 1 895 1404 1405
1053 2 2 1 1 1488 659 1682
1054 2 2 1 1 905 903 907
1055 2 2 1 1 902 901 903
1056 2 2 1 1 1743 801 1747
1057 2 2 1 1 1518 675 1700
1058 2 2 1 1 1404 476 1405
1059 2 2 1 1 371 370 372
1060 2 2 1 1 341 34 1342
1061 2 2 1 1 638 640 1633
1062 2 2 1 1 1246 1248 1249
1063 2 2 1 1 941 947 1432
1064 2 2 1 1 1419 1421 1422
1065 2 2 1 1 339 370 371
1066 2 2 1 1 746 754 1361
1067 2 2 1 1 837 840 1421
1068 2 2 1 1 834 766 1433
1069 2 2 1 1 46 326 1368
1070 2 2 1 1 1524 1523 1619
1071 2 2 1 1 1415 1568 1616
1072 2 2 1 1 866 800 867
1073 2 2 1 1 1538 679 1702
1074 2 2 1 1 330 50 1340
1075 2 2 1 1 761 893 1433
1076 2 2 1 1 905 907 908
1077 2 2 1 1 1500 1499 1613
1078 2 2 1 1 27 28 339
1079 2 2 1 1 51 52 340
1080 2 2 1 1 343 21 1367
1081 2 2 1 1 620 895 1490
1082 2 2 1 1 9 10 342
1083 2 2 1 1 33 34 341
1084 2 2 1 1 1186 1185 1187
1085 2 2 1 1 487 493 1391
1086 2 2 1 1 1117 1118 1366
1087 2 2 1 1 324 39 1372
1088 2 2 1 1 766 763 1433
1089 2 2 1 1 1539 683 1708
1090 2 2 1 1 828 950 1371
1091 2 2 1 1 840 886 1421
1092 2 2 1 1 28 29 369
1093 2 2 1 1 52 53 1314
1094 2 2 1 1 747 613 1392
1095 2 2 1 1 729 1476 1572
1096 2 2 1 1 607 612 1441
1097 2 2 1 1 966 1449 1450
1098 2 2 1 1 764 763 765
1099 2 2 1 1 1435 1087 1678
1100 2 2 1 1 808 956 1350
1101 2 2 1 1 765 766 801
1102 2 2 1 1 1492 1491 1598
1103 2 2 1 1 906 905 1358
1104 2 2 1 1 1326 1325 1329
1105 2 2 1 1 651 652 1669
1106 2 2 1 1 852 973 1399
1107 2 2 1 1 346 17 1381
1108 2 2 1 1 41 42 1375
1109 2 2 1 1 316 43 1380
1110 2 2 1 1 761 759 893
1111 2 2 1 1 315 19 1365
1112 2 2 1 1 334 1396 1397
1113 2 2 1 1 505 507 1501
1114 2 2 1 1 1418 836 1419
1115 2 2 1 1 729 1377 1525
1116 2 2 1 1 1476 1152 1572
1117 2 2 1 1 1563 687 1710
1118 2 2 1 1 1443 1386 1444
1119 2 2 1 1 1257 941 1432
1120 2 2 1 1 677 1500 1613
1121 2 2 1 1 908 1026 1027
1122 2 2 1 1 1385 736 1574
1123 2 2 1 1 1514 1513 1634
1124 2 2 1 1 945 1495 1496
1125 2 2 1 1 727 519 1408
1126 2 2 1 1 519 513 1408
1127 2 2 1 1 1377 729 1572
1128 2 2 1 1 1369 943 1672
1129 2 2 1 1 774 731 1403
1130 2 2 1 1 1027 1275 1276
1131 2 2 1 1 673 1524 1619
1132 2 2 1 1 691 1465 1470
1133 2 2 1 1 681 1492 1598
1134 2 2 1 1 802 836 1418
1135 2 2 1 1 653 1417 1600
1136 2 2 1 1 765 763 766
1137 2 2 1 1 1370 505 1501
1138 2 2 1 1 384 382 1362
1139 2 2 1 1 479 474 1404
1140 2 2 1 1 483 1426 1428
1141 2 2 1 1 1351 1350 1352
1142 2 2 1 1 945 856 1495
1143 2 2 1 1 687 688 1470
1144 2 2 1 1 1433 893 1697
1145 2 2 1 1 848 746 1361
1146 2 2 1 1 378 376 771
1147 2 2 1 1 762 761 763
1148 2 2 1 1 1402 824 1403
1149 2 2 1 1 627 1493 1653
1150 2 2 1 1 908 1027 1028
1151 2 2 1 1 382 617 1362
1152 2 2 1 1 955 1353 1361
1153 2 2 1 1 779 852 1399
1154 2 2 1 1 754 808 955
1155 2 2 1 1 1423 886 1436
1156 2 2 1 1 801 766 802
1157 2 2 1 1 801 802 1418
1158 2 2 1 1 904 905 906
1159 2 2 1 1 921 1414 1458
1160 2 2 1 1 1406 476 1415
1161 2 2 1 1 764 765 800
1162 2 2 1 1 575 1525 1564
1163 2 2 1 1 824 774 1403
1164 2 2 1 1 936 1407 1667
1165 2 2 1 1 1525 1377 1564
1166 2 2 1 1 8 9 1315
1167 2 2 1 1 32 33 1325
1168 2 2 1 1 903 901 1336
1169 2 2 1 1 1487 1486 1589
1170 2 2 1 1 25 26 329
1171 2 2 1 1 49 50 330
1172 2 2 1 1 1121 1165 1167
1173 2 2 1 1 516 616 746
1174 2 2 1 1 1414 649 1458
1175 2 2 1 1 955 1350 1351
1176 2 2 1 1 908 907 1026
1177 2 2 1 1 1372 345 1373
1178 2 2 1 1 752 855 1446
1179 2 2 1 1 685 1487 1589
1180 2 2 1 1 1414 1416 1583
1181 2 2 1 1 715 749 1392
1182 2 2 1 1 507 515 516
1183 2 2 1 1 760 759 761
1184 2 2 1 1 334 36 1396
1185 2 2 1 1 35 36 334
1186 2 2 1 1 11 12 333
1187 2 2 1 1 902 903 904
1188 2 2 1 1 502 937 1448
1189 2 2 1 1 702 497 1448
1190 2 2 1 1 1027 1026 1275
1191 2 2 1 1 576 575 1581
1192 2 2 1 1 738 698 779
1193 2 2 1 1 382 380 617
1194 2 2 1 1 499 502 1448
1195 2 2 1 1 891 967 1395
1196 2 2 1 1 48 1387 1388
1197 2 2 1 1 836 837 1421
1198 2 2 1 1 900 942 943
1199 2 2 1 1 1003 1514 1634
1200 2 2 1 1 1421 886 1422
1201 2 2 1 1 980 1502 1503
1202 2 2 1 1 635 629 698
1203 2 2 1 1 50 51 1340
1204 2 2 1 1 575 1564 1581
1205 2 2 1 1 1118 1121 1366
1206 2 2 1 1 373 372 374
1207 2 2 1 1 1026 907 1390
1208 2 2 1 1 1416 1019 1417
1209 2 2 1 1 1396 37 1398
1210 2 2 1 1 1276 1277 1278
1211 2 2 1 1 847 746 848
1212 2 2 1 1 647 648 1642
1213 2 2 1 1 499 500 501
1214 2 2 1 1 798 799 1449
1215 2 2 1 1 637 639 1431
1216 2 2 1 1 805 779 1399
1217 2 2 1 1 926 1019 1416
1218 2 2 1 1 1091 797 1706
1219 2 2 1 1 1010 1255 1384
1220 2 2 1 1 822 776 901
1221 2 2 1 1 802 835 836
1222 2 2 1 1 495 497 702
1223 2 2 1 1 1246 1247 1248
1224 2 2 1 1 955 808 1350
1225 2 2 1 1 502 501 503
1226 2 2 1 1 1418 1419 1420
1227 2 2 1 1 892 890 1378
1228 2 2 1 1 749 794 900
1229 2 2 1 1 1466 920 1467
1230 2 2 1 1 897 735 1434
1231 2 2 1 1 762 763 764
1232 2 2 1 1 22 325 1367
1233 2 2 1 1 966 798 1449
1234 2 2 1 1 748 842 843
1235 2 2 1 1 887 848 888
1236 2 2 1 1 516 515 616
1237 2 2 1 1 499 501 502
1238 2 2 1 1 344 45 1368
1239 2 2 1 1 1276 1275 1277
1240 2 2 1 1 843 1009 1010
1241 2 2 1 1 497 498 499
1242 2 2 1 1 746 616 754
1243 2 2 1 1 886 862 1436
1244 2 2 1 1 1405 476 1406
1245 2 2 1 1 377 376 378
1246 2 2 1 1 889 888 961
1247 2 2 1 1 379 378 380
1248 2 2 1 1 736 737 1574
1249 2 2 1 1 48 49 1387
1250 2 2 1 1 37 38 1398
1251 2 2 1 1 826 824 1402
1252 2 2 1 1 504 503 509
1253 2 2 1 1 735 642 1434
1254 2 2 1 1 612 747 748
1255 2 2 1 1 900 794 942
1256 2 2 1 1 836 835 837
1257 2 2 1 1 756 772 1471
1258 2 2 1 1 639 769 1431
1259 2 2 1 1 950 826 1402
1260 2 2 1 1 510 509 512
1261 2 2 1 1 40 345 1372
1262 2 2 1 1 27 339 1306
1263 2 2 1 1 779 851 852
1264 2 2 1 1 890 1034 1378
1265 2 2 1 1 759 722 1447
1266 2 2 1 1 1447 720 1657
1267 2 2 1 1 962 961 1141
1268 2 2 1 1 458 457 1393
1269 2 2 1 1 1121 1167 1366
1270 2 2 1 1 894 848 1361
1271 2 2 1 1 769 934 1431
1272 2 2 1 1 1422 886 1423
1273 2 2 1 1 516 746 847
1274 2 2 1 1 44 344 1380
1275 2 2 1 1 738 779 805
1276 2 2 1 1 488 390 1427
1277 2 2 1 1 375 374 376
1278 2 2 1 1 383 382 384
1279 2 2 1 1 20 343 1365
1280 2 2 1 1 495 496 497
1281 2 2 1 1 502 503 504
1282 2 2 1 1 22 23 325
1283 2 2 1 1 46 47 326
1284 2 2 1 1 461 458 1393
1285 2 2 1 1 973 891 1395
1286 2 2 1 1 1419 836 1421
1287 2 2 1 1 381 380 382
1288 2 2 1 1 476 472 1415
1289 2 2 1 1 386 384 511
1290 2 2 1 1 830 828 1371
1291 2 2 1 1 779 698 851
1292 2 2 1 1 934 1115 1116
1293 2 2 1 1 748 747 842
1294 2 2 1 1 34 35 1342
1295 2 2 1 1 18 315 1381
1296 2 2 1 1 852 890 891
1297 2 2 1 1 1334 1391 1732
1298 2 2 1 1 1475 777 1512
1299 2 2 1 1 837 839 840
1300 2 2 1 1 843 842 1009
1301 2 2 1 1 847 848 887
1302 2 2 1 1 1029 1010 1030
1303 2 2 1 1 1010 1009 1255
1304 2 2 1 1 513 512 1408
1305 2 2 1 1 504 509 510
1306 2 2 1 1 512 615 896
1307 2 2 1 1 1066 1337 1761
1308 2 2 1 1 1434 647 1590
1309 2 2 1 1 1142 1141 1178
1310 2 2 1 1 763 761 1433
1311 2 2 1 1 888 848 894
1312 2 2 1 1 640 636 1596
1313 2 2 1 1 635 698 738
1314 2 2 1 1 1043 1488 1682
1315 2 2 1 1 392 488 1424
1316 2 2 1 1 1408 896 1409
1317 2 2 1 1 38 39 324
1318 2 2 1 1 14 15 323
1319 2 2 1 1 1047 1498 1689
1320 2 2 1 1 415 1497 1561
1321 2 2 1 1 1373 345 1374
1322 2 2 1 1 832 830 951
1323 2 2 1 1 887 888 889
1324 2 2 1 1 1345 1346 1357
1325 2 2 1 1 1497 1063 1561
1326 2 2 1 1 625 626 631
1327 2 2 1 1 840 841 862
1328 2 2 1 1 1197 1194 1439
1329 2 2 1 1 891 892 967
1330 2 2 1 1 955 1351 1353
1331 2 2 1 1 832 951 952
1332 2 2 1 1 20 21 343
1333 2 2 1 1 44 45 344
1334 2 2 1 1 868 1117 1400
1335 2 2 1 1 732 917 1466
1336 2 2 1 1 385 384 386
1337 2 2 1 1 951 830 1371
1338 2 2 1 1 1030 1010 1384
1339 2 2 1 1 769 857 934
1340 2 2 1 1 631 632 633
1341 2 2 1 1 619 618 620
1342 2 2 1 1 967 1031 1032
1343 2 2 1 1 889 961 962
1344 2 2 1 1 621 620 622
1345 2 2 1 1 1198 1230 1461
1346 2 2 1 1 1599 706 1611
1347 2 2 1 1 40 41 345
1348 2 2 1 1 16 17 346
1349 2 2 1 1 623 622 625
1350 2 2 1 1 900 943 1369
1351 2 2 1 1 1415 469 1568
1352 2 2 1 1 820 868 1125
1353 2 2 1 1 912 1410 1471
1354 2 2 1 1 828 826 950
1355 2 2 1 1 381 382 383
1356 2 2 1 1 1012 884 1636
1357 2 2 1 1 852 891 973
1358 2 2 1 1 840 839 841
1359 2 2 1 1 1051 1504 1692
1360 2 2 1 1 980 841 1502
1361 2 2 1 1 383 384 385
1362 2 2 1 1 379 380 381
1363 2 2 1 1 377 378 379
1364 2 2 1 1 518 513 519
1365 2 2 1 1 620 618 895
1366 2 2 1 1 387 386 388
1367 2 2 1 1 1007 1510 1576
1368 2 2 1 1 862 863 864
1369 2 2 1 1 1428 881 1429
1370 2 2 1 1 510 512 513
1371 2 2 1 1 852 851 890
1372 2 2 1 1 501 500 505
1373 2 2 1 1 758 722 759
1374 2 2 1 1 689 1479 1577
1375 2 2 1 1 768 921 1458
1376 2 2 1 1 802 834 835
1377 2 2 1 1 493 494 495
1378 2 2 1 1 841 839 1502
1379 2 2 1 1 482 479 618
1380 2 2 1 1 1499 1492 1613
1381 2 2 1 1 1032 1289 1290
1382 2 2 1 1 18 19 315
1383 2 2 1 1 42 43 316
1384 2 2 1 1 631 626 632
1385 2 2 1 1 917 920 1466
1386 2 2 1 1 1444 1386 1445
1387 2 2 1 1 1523 1500 1619
1388 2 2 1 1 962 1141 1142
1389 2 2 1 1 512 896 1408
1390 2 2 1 1 1472 579 1569
1391 2 2 1 1 843 1010 1029
1392 2 2 1 1 633 634 641
1393 2 2 1 1 1278 1277 1279
1394 2 2 1 1 862 841 863
1395 2 2 1 1 891 890 892
1396 2 2 1 1 712 777 1475
1397 2 2 1 1 923 926 1416
1398 2 2 1 1 1168 1023 1169
1399 2 2 1 1 1477 415 1561
1400 2 2 1 1 942 1025 1585
1401 2 2 1 1 855 856 945
1402 2 2 1 1 512 509 615
1403 2 2 1 1 389 388 390
1404 2 2 1 1 1491 1487 1598
1405 2 2 1 1 778 735 803
1406 2 2 1 1 625 622 626
1407 2 2 1 1 796 756 1471
1408 2 2 1 1 520 519 521
1409 2 2 1 1 942 944 1025
1410 2 2 1 1 1449 1125 1450
1411 2 2 1 1 1510 1509 1576
1412 2 2 1 1 856 933 1495
1413 2 2 1 1 1125 868 1400
1414 2 2 1 1 803 897 898
1415 2 2 1 1 621 622 623
1416 2 2 1 1 474 472 476
1417 2 2 1 1 861 966 1161
1418 2 2 1 1 385 386 387
1419 2 2 1 1 896 615 1304
1420 2 2 1 1 1166 1245 1246
1421 2 2 1 1 522 521 728
1422 2 2 1 1 387 388 389
1423 2 2 1 1 780 798 861
1424 2 2 1 1 840 862 886
1425 2 2 1 1 1055 1521 1696
1426 2 2 1 1 799 820 1449
1427 2 2 1 1 864 1022 1023
1428 2 2 1 1 392 390 488
1429 2 2 1 1 47 48 1388
1430 2 2 1 1 391 390 392
1431 2 2 1 1 822 901 902
1432 2 2 1 1 1029 1030 1288
1433 2 2 1 1 521 519 727
1434 2 2 1 1 619 620 621
1435 2 2 1 1 499 498 500
1436 2 2 1 1 611 850 1435
1437 2 2 1 1 837 838 839
1438 2 2 1 1 390 388 1427
1439 2 2 1 1 1142 1178 1179
1440 2 2 1 1 371 372 373
1441 2 2 1 1 967 892 1031
1442 2 2 1 1 898 899 953
1443 2 2 1 1 633 632 634
1444 2 2 1 1 45 46 1368
1445 2 2 1 1 497 499 1448
1446 2 2 1 1 641 642 735
1447 2 2 1 1 864 863 1022
1448 2 2 1 1 778 803 871
1449 2 2 1 1 579 576 1581
1450 2 2 1 1 772 912 1471
1451 2 2 1 1 1622 1514 1630
1452 2 2 1 1 375 376 377
1453 2 2 1 1 472 469 1415
1454 2 2 1 1 641 735 778
1455 2 2 1 1 1032 1031 1289
1456 2 2 1 1 518 519 520
1457 2 2 1 1 1502 1267 1503
1458 2 2 1 1 389 390 391
1459 2 2 1 1 631 633 699
1460 2 2 1 1 1480 1173 1482
1461 2 2 1 1 507 516 1501
1462 2 2 1 1 1414 923 1416
1463 2 2 1 1 393 392 394
1464 2 2 1 1 921 923 1414
1465 2 2 1 1 749 750 794
1466 2 2 1 1 21 22 1367
1467 2 2 1 1 39 40 1372
1468 2 2 1 1 644 646 647
1469 2 2 1 1 530 528 531
1470 2 2 1 1 898 953 1170
1471 2 2 1 1 391 392 393
1472 2 2 1 1 580 579 1472
1473 2 2 1 1 1264 1012 1729
1474 2 2 1 1 526 524 527
1475 2 2 1 1 36 37 1396
1476 2 2 1 1 760 761 762
1477 2 2 1 1 1479 1478 1577
1478 2 2 1 1 641 778 1562
1479 2 2 1 1 395 394 396
1480 2 2 1 1 1486 1479 1589
1481 2 2 1 1 1172 1040 1455
1482 2 2 1 1 345 41 1375
1483 2 2 1 1 699 633 1562
1484 2 2 1 1 861 798 966
1485 2 2 1 1 618 479 1404
1486 2 2 1 1 749 900 1392
1487 2 2 1 1 926 1018 1019
1488 2 2 1 1 17 18 1381
1489 2 2 1 1 649 1414 1583
1490 2 2 1 1 394 392 1424
1491 2 2 1 1 526 527 528
1492 2 2 1 1 482 618 619
1493 2 2 1 1 1046 1049 1457
1494 2 2 1 1 954 1037 1474
1495 2 2 1 1 412 415 1477
1496 2 2 1 1 1492 681 1613
1497 2 2 1 1 612 613 747
1498 2 2 1 1 1057 1058 1636
1499 2 2 1 1 1500 677 1619
1500 2 2 1 1 393 394 395
1501 2 2 1 1 397 396 398
1502 2 2 1 1 43 44 1380
1503 2 2 1 1 1514 1003 1630
1504 2 2 1 1 395 396 397
1505 2 2 1 1 1599 1057 1636
1506 2 2 1 1 900 1369 1392
1507 2 2 1 1 1192 1451 1452
1508 2 2 1 1 1189 1187 1451
1509 2 2 1 1 19 20 1365
1510 2 2 1 1 642 644 1434
1511 2 2 1 1 1111 1518 1700
1512 2 2 1 1 803 735 897
1513 2 2 1 1 1290 1289 1291
1514 2 2 1 1 607 608 612
1515 2 2 1 1 898 897 899
1516 2 2 1 1 864 1023 1168
1517 2 2 1 1 733 736 1443
1518 2 2 1 1 778 1293 1562
1519 2 2 1 1 373 374 375
1520 2 2 1 1 520 521 522
1521 2 2 1 1 933 1344 1345
1522 2 2 1 1 1524 673 1622
1523 2 2 1 1 1057 1599 1611
1524 2 2 1 1 953 954 1474
1525 2 2 1 1 752 845 855
1526 2 2 1 1 647 646 648
1527 2 2 1 1 652 654 655
1528 2 2 1 1 934 857 1115
1529 2 2 1 1 648 650 651
1530 2 2 1 1 882 1266 1267
1531 2 2 1 1 534 532 535
1532 2 2 1 1 1487 685 1598
1533 2 2 1 1 530 531 532
1534 2 2 1 1 641 634 642
1535 2 2 1 1 1464 732 1466
1536 2 2 1 1 398 396 483
1537 2 2 1 1 954 1036 1037
1538 2 2 1 1 1191 1189 1192
1539 2 2 1 1 1194 1191 1439
1540 2 2 1 1 1431 934 1673
1541 2 2 1 1 1157 959 1177
1542 2 2 1 1 1200 1198 1461
1543 2 2 1 1 644 647 1434
1544 2 2 1 1 820 1125 1449
1545 2 2 1 1 1011 884 1012
1546 2 2 1 1 861 1161 1162
1547 2 2 1 1 399 398 400
1548 2 2 1 1 397 398 399
1549 2 2 1 1 1162 1161 1163
1550 2 2 1 1 1192 1189 1451
1551 2 2 1 1 1018 1270 1271
1552 2 2 1 1 517 513 518
1553 2 2 1 1 1196 1194 1197
1554 2 2 1 1 1019 1018 1594
1555 2 2 1 1 691 1464 1465
1556 2 2 1 1 1121 1122 1165
1557 2 2 1 1 926 1017 1018
1558 2 2 1 1 883 786 884
1559 2 2 1 1 402 400 403
1560 2 2 1 1 651 650 652
1561 2 2 1 1 655 654 656
1562 2 2 1 1 1204 1226 1463
1563 2 2 1 1 497 496 498
1564 2 2 1 1 583 580 1472
1565 2 2 1 1 865 796 959
1566 2 2 1 1 1191 1192 1439
1567 2 2 1 1 1198 1197 1230
1568 2 2 1 1 487 492 493
1569 2 2 1 1 554 557 1591
1570 2 2 1 1 516 847 1501
1571 2 2 1 1 622 620 1490
1572 2 2 1 1 691 692 1464
1573 2 2 1 1 933 1345 1495
1574 2 2 1 1 399 400 402
1575 2 2 1 1 921 922 923
1576 2 2 1 1 923 925 926
1577 2 2 1 1 656 659 1488
1578 2 2 1 1 529 528 530
1579 2 2 1 1 528 527 1453
1580 2 2 1 1 534 535 536
1581 2 2 1 1 861 1162 1574
1582 2 2 1 1 953 899 954
1583 2 2 1 1 402 403 404
1584 2 2 1 1 404 403 405
1585 2 2 1 1 1186 1187 1188
1586 2 2 1 1 712 733 777
1587 2 2 1 1 1064 1544 1584
1588 2 2 1 1 1378 1034 1379
1589 2 2 1 1 715 717 749
1590 2 2 1 1 462 461 1437
1591 2 2 1 1 411 412 1477
1592 2 2 1 1 1524 1622 1630
1593 2 2 1 1 1177 959 1410
1594 2 2 1 1 914 1173 1480
1595 2 2 1 1 1196 1197 1198
1596 2 2 1 1 531 528 1453
1597 2 2 1 1 737 780 1574
1598 2 2 1 1 1039 1040 1172
1599 2 2 1 1 1455 1045 1456
1600 2 2 1 1 525 524 526
1601 2 2 1 1 656 658 659
1602 2 2 1 1 652 653 654
1603 2 2 1 1 745 811 1113
1604 2 2 1 1 1037 1038 1039
1605 2 2 1 1 404 405 406
1606 2 2 1 1 655 656 1488
1607 2 2 1 1 406 405 407
1608 2 2 1 1 1003 1000 1630
1609 2 2 1 1 1162 1385 1574
1610 2 2 1 1 644 645 646
1611 2 2 1 1 777 733 1443
1612 2 2 1 1 648 649 650
1613 2 2 1 1 1212 1239 1473
1614 2 2 1 1 465 462 1437
1615 2 2 1 1 810 914 1480
1616 2 2 1 1 692 695 1464
1617 2 2 1 1 884 786 1599
1618 2 2 1 1 983 1478 1479
1619 2 2 1 1 533 532 534
1620 2 2 1 1 409 407 410
1621 2 2 1 1 538 536 539
1622 2 2 1 1 1569 579 1581
1623 2 2 1 1 406 407 409
1624 2 2 1 1 983 876 1478
1625 2 2 1 1 1039 1172 1262
1626 2 2 1 1 405 403 477
1627 2 2 1 1 917 918 919
1628 2 2 1 1 1513 1510 1634
1629 2 2 1 1 1040 1042 1455
1630 2 2 1 1 409 410 411
1631 2 2 1 1 919 918 1158
1632 2 2 1 1 811 974 1442
1633 2 2 1 1 768 854 921
1634 2 2 1 1 659 658 660
1635 2 2 1 1 882 1267 1502
1636 2 2 1 1 1128 1538 1702
1637 2 2 1 1 865 959 1157
1638 2 2 1 1 660 663 1498
1639 2 2 1 1 1037 1036 1038
1640 2 2 1 1 756 725 772
1641 2 2 1 1 1204 1203 1226
1642 2 2 1 1 758 759 760
1643 2 2 1 1 611 849 850
1644 2 2 1 1 1202 1200 1203
1645 2 2 1 1 523 522 524
1646 2 2 1 1 732 916 917
1647 2 2 1 1 1188 1187 1189
1648 2 2 1 1 656 657 658
1649 2 2 1 1 695 700 732
1650 2 2 1 1 538 539 540
1651 2 2 1 1 595 597 611
1652 2 2 1 1 802 766 834
1653 2 2 1 1 408 406 1582
1654 2 2 1 1 1042 1045 1455
1655 2 2 1 1 1271 1270 1335
1656 2 2 1 1 917 916 918
1657 2 2 1 1 1509 661 1620
1658 2 2 1 1 701 712 1475
1659 2 2 1 1 987 1486 1487
1660 2 2 1 1 987 984 1486
1661 2 2 1 1 1226 1203 1242
1662 2 2 1 1 1162 1163 1164
1663 2 2 1 1 1042 1044 1045
1664 2 2 1 1 772 909 910
1665 2 2 1 1 614 583 725
1666 2 2 1 1 919 1158 1160
1667 2 2 1 1 564 563 1485
1668 2 2 1 1 895 618 1404
1669 2 2 1 1 1465 1466 1467
1670 2 2 1 1 772 910 912
1671 2 2 1 1 1045 1046 1457
1672 2 2 1 1 659 660 1498
1673 2 2 1 1 1190 1189 1191
1674 2 2 1 1 537 536 538
1675 2 2 1 1 1218 1233 1494
1676 2 2 1 1 411 410 412
1677 2 2 1 1 1544 557 1584
1678 2 2 1 1 907 1336 1390
1679 2 2 1 1 1202 1203 1204
1680 2 2 1 1 931 375 1727
1681 2 2 1 1 695 732 1464
1682 2 2 1 1 542 540 543
1683 2 2 1 1 927 1529 1567
1684 2 2 1 1 1046 1048 1049
1685 2 2 1 1 910 911 963
1686 2 2 1 1 810 913 914
1687 2 2 1 1 1465 1464 1466
1688 2 2 1 1 569 726 1476
1689 2 2 1 1 868 869 1117
1690 2 2 1 1 937 504 1631
1691 2 2 1 1 614 725 756
1692 2 2 1 1 732 700 916
1693 2 2 1 1 664 667 1504
1694 2 2 1 1 707 411 739
1695 2 2 1 1 776 723 1633
1696 2 2 1 1 1180 1179 1181
1697 2 2 1 1 1481 1480 1482
1698 2 2 1 1 416 419 1497
1699 2 2 1 1 557 1544 1591
1700 2 2 1 1 876 783 1478
1701 2 2 1 1 1208 1206 1209
1702 2 2 1 1 1576 1509 1620
1703 2 2 1 1 820 821 868
1704 2 2 1 1 964 1061 1511
1705 2 2 1 1 810 739 913
1706 2 2 1 1 831 830 832
1707 2 2 1 1 959 796 1471
1708 2 2 1 1 1131 1134 1537
1709 2 2 1 1 991 988 1491
1710 2 2 1 1 1456 1045 1457
1711 2 2 1 1 1039 1038 1040
1712 2 2 1 1 1018 1017 1270
1713 2 2 1 1 914 915 971
1714 2 2 1 1 991 1491 1492
1715 2 2 1 1 983 1479 1486
1716 2 2 1 1 495 494 496
1717 2 2 1 1 1050 1053 1522
1718 2 2 1 1 395 397 401
1719 2 2 1 1 660 662 663
1720 2 2 1 1 642 643 644
1721 2 2 1 1 1195 1194 1196
1722 2 2 1 1 660 661 662
1723 2 2 1 1 963 964 1511
1724 2 2 1 1 772 725 909
1725 2 2 1 1 542 543 544
1726 2 2 1 1 663 662 664
1727 2 2 1 1 412 413 414
1728 2 2 1 1 663 664 1504
1729 2 2 1 1 1193 1191 1194
1730 2 2 1 1 502 504 937
1731 2 2 1 1 914 913 915
1732 2 2 1 1 984 983 1486
1733 2 2 1 1 570 729 1525
1734 2 2 1 1 1206 1204 1463
1735 2 2 1 1 541 540 542
1736 2 2 1 1 791 739 810
1737 2 2 1 1 1054 1109 1515
1738 2 2 1 1 1209 1206 1463
1739 2 2 1 1 702 1448 1701
1740 2 2 1 1 808 809 956
1741 2 2 1 1 917 919 920
1742 2 2 1 1 526 529 1454
1743 2 2 1 1 603 606 607
1744 2 2 1 1 1045 1044 1046
1745 2 2 1 1 698 629 1653
1746 2 2 1 1 1049 1050 1522
1747 2 2 1 1 412 410 413
1748 2 2 1 1 733 734 736
1749 2 2 1 1 926 925 1017
1750 2 2 1 1 1050 1052 1053
1751 2 2 1 1 837 835 838
1752 2 2 1 1 1406 1415 1616
1753 2 2 1 1 415 414 416
1754 2 2 1 1 910 909 911
1755 2 2 1 1 1212 1210 1239
1756 2 2 1 1 971 915 1021
1757 2 2 1 1 481 485 790
1758 2 2 1 1 872 810 1480
1759 2 2 1 1 1529 561 1567
1760 2 2 1 1 1053 1054 1515
1761 2 2 1 1 415 416 1497
1762 2 2 1 1 668 671 1521
1763 2 2 1 1 660 658 661
1764 2 2 1 1 1479 689 1589
1765 2 2 1 1 416 417 418
1766 2 2 1 1 669 1513 1514
1767 2 2 1 1 672 675 1518
1768 2 2 1 1 995 992 1499
1769 2 2 1 1 729 569 1476
1770 2 2 1 1 847 1033 1501
1771 2 2 1 1 1208 1209 1210
1772 2 2 1 1 1061 1062 1148
1773 2 2 1 1 941 846 946
1774 2 2 1 1 569 567 726
1775 2 2 1 1 404 406 408
1776 2 2 1 1 995 1499 1500
1777 2 2 1 1 669 666 1513
1778 2 2 1 1 982 876 983
1779 2 2 1 1 664 666 667
1780 2 2 1 1 419 418 420
1781 2 2 1 1 964 1060 1061
1782 2 2 1 1 555 1516 1517
1783 2 2 1 1 963 911 964
1784 2 2 1 1 412 414 415
1785 2 2 1 1 987 1487 1491
1786 2 2 1 1 416 414 417
1787 2 2 1 1 1110 1126 1530
1788 2 2 1 1 1218 1217 1233
1789 2 2 1 1 546 547 548
1790 2 2 1 1 538 540 541
1791 2 2 1 1 1565 1072 1573
1792 2 2 1 1 1214 1212 1473
1793 2 2 1 1 546 544 547
1794 2 2 1 1 666 665 1513
1795 2 2 1 1 416 418 419
1796 2 2 1 1 656 654 657
1797 2 2 1 1 1217 1214 1473
1798 2 2 1 1 1054 1056 1109
1799 2 2 1 1 1216 1214 1217
1800 2 2 1 1 1049 1048 1050
1801 2 2 1 1 914 971 1173
1802 2 2 1 1 982 983 984
1803 2 2 1 1 667 668 1521
1804 2 2 1 1 420 421 422
1805 2 2 1 1 923 922 925
1806 2 2 1 1 986 984 987
1807 2 2 1 1 783 708 1478
1808 2 2 1 1 988 987 1491
1809 2 2 1 1 1109 1110 1530
1810 2 2 1 1 667 666 668
1811 2 2 1 1 754 755 808
1812 2 2 1 1 1199 1198 1200
1813 2 2 1 1 664 665 666
1814 2 2 1 1 671 672 1518
1815 2 2 1 1 1220 1218 1494
1816 2 2 1 1 875 783 876
1817 2 2 1 1 1225 1220 1494
1818 2 2 1 1 1127 1130 1535
1819 2 2 1 1 409 411 707
1820 2 2 1 1 423 422 424
1821 2 2 1 1 981 876 982
1822 2 2 1 1 739 411 1477
1823 2 2 1 1 545 544 546
1824 2 2 1 1 567 564 1485
1825 2 2 1 1 420 422 423
1826 2 2 1 1 563 560 1534
1827 2 2 1 1 552 551 1516
1828 2 2 1 1 1113 811 1442
1829 2 2 1 1 1053 1052 1054
1830 2 2 1 1 549 1565 1573
1831 2 2 1 1 399 402 704
1832 2 2 1 1 555 552 1516
1833 2 2 1 1 1011 1012 1264
1834 2 2 1 1 676 679 1538
1835 2 2 1 1 863 841 980
1836 2 2 1 1 1135 1138 1540
1837 2 2 1 1 526 528 529
1838 2 2 1 1 652 650 653
1839 2 2 1 1 1535 1130 1536
1840 2 2 1 1 420 418 421
1841 2 2 1 1 427 426 428
1842 2 2 1 1 1222 1220 1225
1843 2 2 1 1 862 864 1436
1844 2 2 1 1 1126 1127 1535
1845 2 2 1 1 1138 1139 1145
1846 2 2 1 1 680 683 1539
1847 2 2 1 1 424 425 426
1848 2 2 1 1 570 569 729
1849 2 2 1 1 428 429 430
1850 2 2 1 1 1232 1224 1236
1851 2 2 1 1 780 781 798
1852 2 2 1 1 542 544 545
1853 2 2 1 1 560 559 1534
1854 2 2 1 1 986 987 988
1855 2 2 1 1 550 548 551
1856 2 2 1 1 668 670 671
1857 2 2 1 1 1205 1204 1206
1858 2 2 1 1 1110 1112 1126
1859 2 2 1 1 1148 1149 1150
1860 2 2 1 1 424 426 427
1861 2 2 1 1 675 676 1538
1862 2 2 1 1 568 567 569
1863 2 2 1 1 1201 1200 1202
1864 2 2 1 1 572 570 1525
1865 2 2 1 1 791 810 872
1866 2 2 1 1 990 988 991
1867 2 2 1 1 431 430 432
1868 2 2 1 1 992 991 1499
1869 2 2 1 1 1216 1217 1218
1870 2 2 1 1 550 551 552
1871 2 2 1 1 679 680 1539
1872 2 2 1 1 991 1492 1499
1873 2 2 1 1 664 662 665
1874 2 2 1 1 1025 944 1265
1875 2 2 1 1 985 984 986
1876 2 2 1 1 1134 1135 1540
1877 2 2 1 1 672 674 675
1878 2 2 1 1 671 670 672
1879 2 2 1 1 872 1480 1481
1880 2 2 1 1 428 426 429
1881 2 2 1 1 424 422 425
1882 2 2 1 1 428 430 431
1883 2 2 1 1 432 433 434
1884 2 2 1 1 534 536 537
1885 2 2 1 1 1127 1129 1130
1886 2 2 1 1 1061 1060 1062
1887 2 2 1 1 773 860 1624
1888 2 2 1 1 954 1035 1036
1889 2 2 1 1 1109 1056 1110
1890 2 2 1 1 575 572 1525
1891 2 2 1 1 695 696 700
1892 2 2 1 1 549 548 550
1893 2 2 1 1 1207 1206 1208
1894 2 2 1 1 435 434 436
1895 2 2 1 1 1118 1120 1121
1896 2 2 1 1 875 876 981
1897 2 2 1 1 554 552 555
1898 2 2 1 1 725 583 1472
1899 2 2 1 1 432 430 433
1900 2 2 1 1 429 1505 1506
1901 2 2 1 1 1203 1200 1461
1902 2 2 1 1 999 996 1523
1903 2 2 1 1 726 567 1485
1904 2 2 1 1 546 548 549
1905 2 2 1 1 1131 1133 1134
1906 2 2 1 1 990 991 992
1907 2 2 1 1 432 434 435
1908 2 2 1 1 989 988 990
1909 2 2 1 1 436 437 438
1910 2 2 1 1 439 438 440
1911 2 2 1 1 676 678 679
1912 2 2 1 1 1148 1062 1149
1913 2 2 1 1 1130 1131 1537
1914 2 2 1 1 707 739 791
1915 2 2 1 1 684 687 1563
1916 2 2 1 1 665 1510 1513
1917 2 2 1 1 633 641 1562
1918 2 2 1 1 1135 1137 1138
1919 2 2 1 1 668 669 670
1920 2 2 1 1 994 992 995
1921 2 2 1 1 883 884 1011
1922 2 2 1 1 999 1523 1524
1923 2 2 1 1 921 854 922
1924 2 2 1 1 1022 863 1460
1925 2 2 1 1 465 1438 1568
1926 2 2 1 1 436 434 437
1927 2 2 1 1 558 556 559
1928 2 2 1 1 683 684 1563
1929 2 2 1 1 510 513 517
1930 2 2 1 1 554 555 556
1931 2 2 1 1 1478 708 1577
1932 2 2 1 1 675 674 676
1933 2 2 1 1 680 682 683
1934 2 2 1 1 1042 1043 1044
1935 2 2 1 1 436 438 439
1936 2 2 1 1 995 1500 1523
1937 2 2 1 1 440 438 441
1938 2 2 1 1 530 532 533
1939 2 2 1 1 993 992 994
1940 2 2 1 1 632 626 936
1941 2 2 1 1 525 526 1454
1942 2 2 1 1 1158 918 1159
1943 2 2 1 1 929 979 1064
1944 2 2 1 1 1126 1112 1127
1945 2 2 1 1 562 560 563
1946 2 2 1 1 1150 1149 1151
1947 2 2 1 1 578 576 579
1948 2 2 1 1 1046 1047 1048
1949 2 2 1 1 426 425 1505
1950 2 2 1 1 929 978 979
1951 2 2 1 1 465 1437 1438
1952 2 2 1 1 996 995 1523
1953 2 2 1 1 927 929 1529
1954 2 2 1 1 1211 1210 1212
1955 2 2 1 1 942 794 944
1956 2 2 1 1 440 441 442
1957 2 2 1 1 913 739 1477
1958 2 2 1 1 1130 1129 1131
1959 2 2 1 1 982 984 985
1960 2 2 1 1 1065 1066 1067
1961 2 2 1 1 668 666 669
1962 2 2 1 1 648 646 649
1963 2 2 1 1 1529 1064 1584
1964 2 2 1 1 712 713 733
1965 2 2 1 1 997 996 998
1966 2 2 1 1 1064 979 1065
1967 2 2 1 1 584 583 614
1968 2 2 1 1 1033 1370 1501
1969 2 2 1 1 1417 1019 1712
1970 2 2 1 1 574 572 575
1971 2 2 1 1 994 995 996
1972 2 2 1 1 443 442 444
1973 2 2 1 1 1073 1071 1074
1974 2 2 1 1 440 442 443
1975 2 2 1 1 566 564 567
1976 2 2 1 1 553 554 1591
1977 2 2 1 1 679 678 680
1978 2 2 1 1 558 559 560
1979 2 2 1 1 429 426 1505
1980 2 2 1 1 1070 1531 1532
1981 2 2 1 1 444 442 445
1982 2 2 1 1 1255 1009 1300
1983 2 2 1 1 1069 1067 1070
1984 2 2 1 1 1069 1070 1071
1985 2 2 1 1 1505 425 1507
1986 2 2 1 1 553 552 554
1987 2 2 1 1 1213 1212 1214
1988 2 2 1 1 998 996 999
1989 2 2 1 1 1021 915 1063
1990 2 2 1 1 976 877 1250
1991 2 2 1 1 1536 1130 1537
1992 2 2 1 1 974 975 1281
1993 2 2 1 1 568 569 570
1994 2 2 1 1 839 838 882
1995 2 2 1 1 929 1064 1529
1996 2 2 1 1 550 552 553
1997 2 2 1 1 665 1509 1510
1998 2 2 1 1 1065 979 1066
1999 2 2 1 1 986 988 989
2000 2 2 1 1 672 673 674
2001 2 2 1 1 998 1000 1001
2002 2 2 1 1 434 433 1526
2003 2 2 1 1 740 813 927
2004 2 2 1 1 1215 1214 1216
2005 2 2 1 1 1001 1000 1002
2006 2 2 1 1 1040 1041 1042
2007 2 2 1 1 990 992 993
2008 2 2 1 1 582 580 583
2009 2 2 1 1 956 957 1146
2010 2 2 1 1 994 996 997
2011 2 2 1 1 1067 1066 1531
2012 2 2 1 1 740 927 1567
2013 2 2 1 1 437 1526 1527
2014 2 2 1 1 927 928 929
2015 2 2 1 1 964 1059 1060
2016 2 2 1 1 1050 1051 1052
2017 2 2 1 1 780 861 1574
2018 2 2 1 1 1065 1067 1068
2019 2 2 1 1 1250 877 1570
2020 2 2 1 1 1070 1067 1531
2021 2 2 1 1 1064 1065 1544
2022 2 2 1 1 562 563 564
2023 2 2 1 1 1054 1055 1056
2024 2 2 1 1 913 1477 1561
2025 2 2 1 1 437 434 1526
2026 2 2 1 1 662 661 1509
2027 2 2 1 1 1219 1218 1220
2028 2 2 1 1 829 828 830
2029 2 2 1 1 1065 1068 1544
2030 2 2 1 1 737 744 780
2031 2 2 1 1 1068 1067 1069
2032 2 2 1 1 683 682 684
2033 2 2 1 1 672 670 673
2034 2 2 1 1 1134 1133 1135
2035 2 2 1 1 807 800 866
2036 2 2 1 1 1202 1204 1205
2037 2 2 1 1 1145 1139 1298
2038 2 2 1 1 811 812 974
2039 2 2 1 1 998 999 1000
2040 2 2 1 1 645 768 1458
2041 2 2 1 1 816 783 875
2042 2 2 1 1 929 928 978
2043 2 2 1 1 1196 1198 1199
2044 2 2 1 1 684 686 687
2045 2 2 1 1 1242 1203 1461
2046 2 2 1 1 566 567 568
2047 2 2 1 1 1002 1004 1005
2048 2 2 1 1 347 109 1545
2049 2 2 1 1 308 107 1546
2050 2 2 1 1 107 108 1546
2051 2 2 1 1 108 347 1546
2052 2 2 1 1 112 352 1547
2053 2 2 1 1 110 319 1545
2054 2 2 1 1 108 109 347
2055 2 2 1 1 319 111 1547
2056 2 2 1 1 219 220 348
2057 2 2 1 1 110 111 319
2058 2 2 1 1 106 107 308
2059 2 2 1 1 221 310 1548
2060 2 2 1 1 109 110 1545
2061 2 2 1 1 112 113 352
2062 2 2 1 1 111 112 1547
2063 2 2 1 1 119 313 1551
2064 2 2 1 1 228 349 1549
2065 2 2 1 1 310 222 1550
2066 2 2 1 1 312 227 1549
2067 2 2 1 1 223 350 1550
2068 2 2 1 1 353 118 1551
2069 2 2 1 1 228 229 349
2070 2 2 1 1 231 232 314
2071 2 2 1 1 226 227 312
2072 2 2 1 1 221 222 310
2073 2 2 1 1 117 118 353
2074 2 2 1 1 114 115 311
2075 2 2 1 1 223 224 350
2076 2 2 1 1 119 120 313
2077 2 2 1 1 118 119 1551
2078 2 2 1 1 227 228 1549
2079 2 2 1 1 222 223 1550
2080 2 2 1 1 220 221 1548
2081 2 2 1 1 94 95 358
2082 2 2 1 1 96 97 304
2083 2 2 1 1 91 92 303
2084 2 2 1 1 205 206 355
2085 2 2 1 1 210 211 356
2086 2 2 1 1 203 204 305
2087 2 2 1 1 208 209 307
2088 2 2 1 1 213 214 309
2089 2 2 1 1 99 100 359
2090 2 2 1 1 100 101 1558
2091 2 2 1 1 101 102 306
2092 2 2 1 1 95 96 1559
2093 2 2 1 1 209 210 1554
2094 2 2 1 1 210 356 1554
2095 2 2 1 1 204 205 1553
2096 2 2 1 1 348 220 1548
2097 2 2 1 1 205 355 1553
2098 2 2 1 1 359 100 1558
2099 2 2 1 1 96 304 1559
2100 2 2 1 1 101 306 1558
2101 2 2 1 1 358 95 1559
2102 2 2 1 1 102 103 1557
2103 2 2 1 1 305 204 1553
2104 2 2 1 1 307 209 1554
2105 2 2 1 1 306 102 1557
2106 2 2 1 1 103 104 357
2107 2 2 1 1 214 215 1555
2108 2 2 1 1 309 214 1555
2109 2 2 1 1 103 357 1557
2110 2 2 1 1 215 216 362
2111 2 2 1 1 216 217 1560
2112 2 2 1 1 215 362 1555
2113 2 2 1 1 217 218 320
2114 2 2 1 1 362 216 1560
2115 2 2 1 1 217 320 1560
2116 2 2 1 1 1221 1220 1222
2117 2 2 1 1 1248 1247 1253
2118 2 2 1 1 690 689 1577
2119 2 2 1 1 741 708 783
2120 2 2 1 1 1385 1164 1386
2121 2 2 1 1 688 690 691
2122 2 2 1 1 1252 981 1296
2123 2 2 1 1 557 556 558
2124 2 2 1 1 1190 1191 1193
2125 2 2 1 1 1223 1222 1224
2126 2 2 1 1 847 887 1033
2127 2 2 1 1 554 556 557
2128 2 2 1 1 676 677 678
2129 2 2 1 1 927 813 928
2130 2 2 1 1 1138 1137 1139
2131 2 2 1 1 553 1591 1592
2132 2 2 1 1 1110 1111 1112
2133 2 2 1 1 916 1475 1512
2134 2 2 1 1 1229 1224 1232
2135 2 2 1 1 445 442 1541
2136 2 2 1 1 517 518 706
2137 2 2 1 1 1002 1000 1003
2138 2 2 1 1 909 725 1472
2139 2 2 1 1 701 711 712
2140 2 2 1 1 1069 1071 1072
2141 2 2 1 1 978 1176 1273
2142 2 2 1 1 1205 1206 1207
2143 2 2 1 1 1565 553 1592
2144 2 2 1 1 442 441 1541
2145 2 2 1 1 1410 959 1471
2146 2 2 1 1 523 524 525
2147 2 2 1 1 665 662 1509
2148 2 2 1 1 705 379 1703
2149 2 2 1 1 1072 1071 1073
2150 2 2 1 1 1127 1128 1129
2151 2 2 1 1 1151 1152 1153
2152 2 2 1 1 507 514 515
2153 2 2 1 1 863 980 1460
2154 2 2 1 1 549 550 1565
2155 2 2 1 1 676 674 677
2156 2 2 1 1 644 643 645
2157 2 2 1 1 778 871 1293
2158 2 2 1 1 1193 1194 1195
2159 2 2 1 1 890 851 1034
2160 2 2 1 1 1208 1210 1211
2161 2 2 1 1 350 224 1552
2162 2 2 1 1 224 225 1552
2163 2 2 1 1 1267 1266 1287
2164 2 2 1 1 680 681 682
2165 2 2 1 1 520 522 523
2166 2 2 1 1 561 560 562
2167 2 2 1 1 558 560 561
2168 2 2 1 1 1211 1212 1213
2169 2 2 1 1 493 492 494
2170 2 2 1 1 697 693 708
2171 2 2 1 1 907 903 1336
2172 2 2 1 1 799 819 820
2173 2 2 1 1 550 553 1565
2174 2 2 1 1 692 694 695
2175 2 2 1 1 1132 1539 1708
2176 2 2 1 1 1216 1218 1219
2177 2 2 1 1 1590 647 1642
2178 2 2 1 1 1131 1132 1133
2179 2 2 1 1 565 709 740
2180 2 2 1 1 916 700 1475
2181 2 2 1 1 1283 1698 1707
2182 2 2 1 1 797 796 865
2183 2 2 1 1 1213 1214 1215
2184 2 2 1 1 978 928 1176
2185 2 2 1 1 943 942 1585
2186 2 2 1 1 964 911 1059
2187 2 2 1 1 740 782 813
2188 2 2 1 1 693 690 1577
2189 2 2 1 1 571 570 572
2190 2 2 1 1 952 951 1749
2191 2 2 1 1 680 678 681
2192 2 2 1 1 1199 1200 1201
2193 2 2 1 1 574 575 576
2194 2 2 1 1 706 518 1611
2195 2 2 1 1 1054 1052 1055
2196 2 2 1 1 1046 1044 1047
2197 2 2 1 1 875 981 1252
2198 2 2 1 1 1219 1220 1221
2199 2 2 1 1 1110 1056 1111
2200 2 2 1 1 565 564 566
2201 2 2 1 1 742 710 1081
2202 2 2 1 1 1188 1189 1190
2203 2 2 1 1 562 564 565
2204 2 2 1 1 505 506 507
2205 2 2 1 1 1151 1149 1152
2206 2 2 1 1 1050 1048 1051
2207 2 2 1 1 1062 1060 1377
2208 2 2 1 1 873 972 1175
2209 2 2 1 1 1127 1112 1128
2210 2 2 1 1 1221 1222 1223
2211 2 2 1 1 1075 1074 1578
2212 2 2 1 1 873 1175 1566
2213 2 2 1 1 1208 1211 1575
2214 2 2 1 1 687 686 688
2215 2 2 1 1 1131 1129 1132
2216 2 2 1 1 1002 1003 1004
2217 2 2 1 1 1073 1074 1075
2218 2 2 1 1 1223 1224 1229
2219 2 2 1 1 638 636 640
2220 2 2 1 1 741 783 816
2221 2 2 1 1 700 701 1475
2222 2 2 1 1 612 608 613
2223 2 2 1 1 1649 601 1662
2224 2 2 1 1 578 579 580
2225 2 2 1 1 1135 1136 1137
2226 2 2 1 1 395 401 1489
2227 2 2 1 1 740 709 782
2228 2 2 1 1 684 682 685
2229 2 2 1 1 873 782 874
2230 2 2 1 1 654 653 1600
2231 2 2 1 1 839 882 1502
2232 2 2 1 1 1196 1199 1588
2233 2 2 1 1 1074 1533 1759
2234 2 2 1 1 565 740 1567
2235 2 2 1 1 813 782 873
2236 2 2 1 1 565 566 709
2237 2 2 1 1 864 1168 1436
2238 2 2 1 1 928 813 1566
2239 2 2 1 1 788 756 796
2240 2 2 1 1 722 720 1447
2241 2 2 1 1 1078 1075 1079
2242 2 2 1 1 1040 1038 1041
2243 2 2 1 1 561 1529 1584
2244 2 2 1 1 915 913 1561
2245 2 2 1 1 700 696 701
2246 2 2 1 1 561 562 1567
2247 2 2 1 1 736 734 737
2248 2 2 1 1 568 570 571
2249 2 2 1 1 976 1250 1269
2250 2 2 1 1 571 573 1076
2251 2 2 1 1 1135 1133 1136
2252 2 2 1 1 624 623 627
2253 2 2 1 1 1072 1073 1573
2254 2 2 1 1 573 572 574
2255 2 2 1 1 1175 972 1258
2256 2 2 1 1 630 629 635
2257 2 2 1 1 909 1472 1569
2258 2 2 1 1 571 572 573
2259 2 2 1 1 813 873 1566
2260 2 2 1 1 1176 928 1566
2261 2 2 1 1 1081 710 1593
2262 2 2 1 1 873 874 972
2263 2 2 1 1 642 634 643
2264 2 2 1 1 816 875 1570
2265 2 2 1 1 1073 1075 1077
2266 2 2 1 1 697 708 741
2267 2 2 1 1 562 565 1567
2268 2 2 1 1 1060 1059 1564
2269 2 2 1 1 1063 915 1561
2270 2 2 1 1 1240 1207 1241
2271 2 2 1 1 1073 1077 1573
2272 2 2 1 1 1207 1208 1575
2273 2 2 1 1 1219 1221 1228
2274 2 2 1 1 684 685 686
2275 2 2 1 1 880 787 881
2276 2 2 1 1 473 472 474
2277 2 2 1 1 1211 1227 1575
2278 2 2 1 1 582 583 584
2279 2 2 1 1 695 694 696
2280 2 2 1 1 566 568 1571
2281 2 2 1 1 1042 1041 1043
2282 2 2 1 1 577 576 578
2283 2 2 1 1 1079 1075 1578
2284 2 2 1 1 708 693 1577
2285 2 2 1 1 691 690 692
2286 2 2 1 1 558 561 1584
2287 2 2 1 1 688 686 689
2288 2 2 1 1 918 916 1512
2289 2 2 1 1 546 549 1586
2290 2 2 1 1 1139 1137 1140
2291 2 2 1 1 1077 1075 1078
2292 2 2 1 1 628 627 629
2293 2 2 1 1 1079 1578 1579
2294 2 2 1 1 1162 1164 1385
2295 2 2 1 1 875 1252 1570
2296 2 2 1 1 827 826 828
2297 2 2 1 1 1076 573 1243
2298 2 2 1 1 650 649 1583
2299 2 2 1 1 1211 1213 1227
2300 2 2 1 1 688 689 690
2301 2 2 1 1 1377 1060 1564
2302 2 2 1 1 1441 1295 1662
2303 2 2 1 1 911 909 1569
2304 2 2 1 1 709 566 1571
2305 2 2 1 1 877 816 1570
2306 2 2 1 1 549 1573 1586
2307 2 2 1 1 1098 1100 1104
2308 2 2 1 1 1149 1062 1572
2309 2 2 1 1 1069 1072 1592
2310 2 2 1 1 817 816 877
2311 2 2 1 1 568 571 1571
2312 2 2 1 1 1205 1207 1240
2313 2 2 1 1 478 474 479
2314 2 2 1 1 1072 1565 1592
2315 2 2 1 1 1016 1015 1096
2316 2 2 1 1 574 576 577
2317 2 2 1 1 406 409 1582
2318 2 2 1 1 1142 1179 1180
2319 2 2 1 1 1062 1377 1572
2320 2 2 1 1 571 1076 1571
2321 2 2 1 1 1241 1207 1575
2322 2 2 1 1 632 936 1614
2323 2 2 1 1 445 1541 1542
2324 2 2 1 1 480 479 482
2325 2 2 1 1 897 1434 1590
2326 2 2 1 1 741 816 817
2327 2 2 1 1 1059 911 1569
2328 2 2 1 1 393 395 1489
2329 2 2 1 1 557 558 1584
2330 2 2 1 1 1152 1149 1572
2331 2 2 1 1 1199 1234 1588
2332 2 2 1 1 742 1081 1082
2333 2 2 1 1 707 791 930
2334 2 2 1 1 874 782 1587
2335 2 2 1 1 709 1571 1587
2336 2 2 1 1 587 589 745
2337 2 2 1 1 954 899 1035
2338 2 2 1 1 1093 1095 1097
2339 2 2 1 1 749 717 750
2340 2 2 1 1 470 469 472
2341 2 2 1 1 1005 1004 1006
2342 2 2 1 1 692 690 693
2343 2 2 1 1 1281 975 1282
2344 2 2 1 1 391 393 703
2345 2 2 1 1 855 845 856
2346 2 2 1 1 1084 1086 1092
2347 2 2 1 1 90 91 1556
2348 2 2 1 1 91 303 1556
2349 2 2 1 1 1018 1271 1594
2350 2 2 1 1 745 789 811
2351 2 2 1 1 545 546 1586
2352 2 2 1 1 1078 1080 1083
2353 2 2 1 1 646 645 1458
2354 2 2 1 1 701 696 710
2355 2 2 1 1 1036 1035 1359
2356 2 2 1 1 1014 1008 1015
2357 2 2 1 1 581 580 582
2358 2 2 1 1 1544 1068 1591
2359 2 2 1 1 1006 1004 1007
2360 2 2 1 1 878 877 976
2361 2 2 1 1 712 711 713
2362 2 2 1 1 578 580 581
2363 2 2 1 1 1246 1245 1247
2364 2 2 1 1 1359 651 1669
2365 2 2 1 1 694 693 697
2366 2 2 1 1 1571 1076 1587
2367 2 2 1 1 1195 1196 1588
2368 2 2 1 1 1015 1008 1576
2369 2 2 1 1 585 584 586
2370 2 2 1 1 1564 1059 1581
2371 2 2 1 1 733 713 734
2372 2 2 1 1 1006 1008 1013
2373 2 2 1 1 685 682 1598
2374 2 2 1 1 1008 1007 1576
2375 2 2 1 1 782 709 1587
2376 2 2 1 1 1068 1069 1592
2377 2 2 1 1 1159 918 1512
2378 2 2 1 1 1096 1015 1620
2379 2 2 1 1 1036 1359 1601
2380 2 2 1 1 686 685 1589
2381 2 2 1 1 817 877 878
2382 2 2 1 1 1591 1068 1592
2383 2 2 1 1 974 812 975
2384 2 2 1 1 784 743 787
2385 2 2 1 1 657 654 1600
2386 2 2 1 1 689 686 1589
2387 2 2 1 1 692 693 694
2388 2 2 1 1 1573 1077 1586
2389 2 2 1 1 614 756 788
2390 2 2 1 1 1374 345 1375
2391 2 2 1 1 669 1514 1622
2392 2 2 1 1 607 1441 1662
2393 2 2 1 1 1006 1007 1008
2394 2 2 1 1 582 584 585
2395 2 2 1 1 1199 1201 1234
2396 2 2 1 1 611 597 849
2397 2 2 1 1 585 586 587
2398 2 2 1 1 1345 1344 1346
2399 2 2 1 1 329 1663 1717
2400 2 2 1 1 681 678 1613
2401 2 2 1 1 409 707 1582
2402 2 2 1 1 701 710 711
2403 2 2 1 1 1078 1079 1080
2404 2 2 1 1 1059 1569 1581
2405 2 2 1 1 1058 525 1454
2406 2 2 1 1 1259 1106 1274
2407 2 2 1 1 878 976 1260
2408 2 2 1 1 607 606 608
2409 2 2 1 1 1088 1082 1089
2410 2 2 1 1 825 824 826
2411 2 2 1 1 850 849 1294
2412 2 2 1 1 738 805 1285
2413 2 2 1 1 1083 1080 1084
2414 2 2 1 1 1146 1147 1155
2415 2 2 1 1 711 710 742
2416 2 2 1 1 1078 1083 1602
2417 2 2 1 1 673 670 1622
2418 2 2 1 1 769 770 857
2419 2 2 1 1 677 674 1619
2420 2 2 1 1 541 542 1621
2421 2 2 1 1 742 1082 1088
2422 2 2 1 1 1043 1041 1349
2423 2 2 1 1 233 234 351
2424 2 2 1 1 121 122 354
2425 2 2 1 1 881 787 1656
2426 2 2 1 1 792 786 883
2427 2 2 1 1 1586 1077 1602
2428 2 2 1 1 653 650 1583
2429 2 2 1 1 1594 1271 1722
2430 2 2 1 1 1286 885 1617
2431 2 2 1 1 639 724 769
2432 2 2 1 1 780 744 781
2433 2 2 1 1 1084 1080 1085
2434 2 2 1 1 682 681 1598
2435 2 2 1 1 464 466 467
2436 2 2 1 1 460 462 463
2437 2 2 1 1 545 1586 1602
2438 2 2 1 1 468 470 471
2439 2 2 1 1 823 774 824
2440 2 2 1 1 768 853 854
2441 2 2 1 1 831 832 833
2442 2 2 1 1 750 752 1446
2443 2 2 1 1 1102 885 1286
2444 2 2 1 1 710 696 1593
2445 2 2 1 1 798 781 799
2446 2 2 1 1 1057 525 1058
2447 2 2 1 1 707 930 1582
2448 2 2 1 1 1092 1086 1093
2449 2 2 1 1 468 466 469
2450 2 2 1 1 464 462 465
2451 2 2 1 1 1016 1096 1103
2452 2 2 1 1 460 458 461
2453 2 2 1 1 1000 999 1630
2454 2 2 1 1 1017 925 1280
2455 2 2 1 1 737 734 743
2456 2 2 1 1 811 789 812
2457 2 2 1 1 645 767 768
2458 2 2 1 1 788 796 797
2459 2 2 1 1 456 458 459
2460 2 2 1 1 694 697 1593
2461 2 2 1 1 784 787 880
2462 2 2 1 1 452 454 455
2463 2 2 1 1 1013 1008 1014
2464 2 2 1 1 456 454 457
2465 2 2 1 1 696 694 1593
2466 2 2 1 1 1117 869 1118
2467 2 2 1 1 592 591 609
2468 2 2 1 1 1081 1593 1612
2469 2 2 1 1 1612 817 1626
2470 2 2 1 1 444 446 447
2471 2 2 1 1 1014 1015 1016
2472 2 2 1 1 1097 1095 1098
2473 2 2 1 1 602 600 604
2474 2 2 1 1 741 817 1612
2475 2 2 1 1 89 90 361
2476 2 2 1 1 201 202 360
2477 2 2 1 1 1295 1649 1662
2478 2 2 1 1 444 445 446
2479 2 2 1 1 868 821 869
2480 2 2 1 1 1104 1100 1105
2481 2 2 1 1 1136 1563 1710
2482 2 2 1 1 649 646 1458
2483 2 2 1 1 1077 1078 1602
2484 2 2 1 1 820 819 821
2485 2 2 1 1 452 450 453
2486 2 2 1 1 387 389 475
2487 2 2 1 1 1014 1016 1020
2488 2 2 1 1 1723 1334 1732
2489 2 2 1 1 1038 1036 1601
2490 2 2 1 1 1593 697 1612
2491 2 2 1 1 737 743 744
2492 2 2 1 1 786 706 1599
2493 2 2 1 1 448 450 451
2494 2 2 1 1 1084 1085 1086
2495 2 2 1 1 922 854 924
2496 2 2 1 1 784 880 935
2497 2 2 1 1 469 466 1568
2498 2 2 1 1 381 383 489
2499 2 2 1 1 678 677 1613
2500 2 2 1 1 785 706 786
2501 2 2 1 1 1093 1086 1094
2502 2 2 1 1 584 614 1615
2503 2 2 1 1 703 393 1489
2504 2 2 1 1 1510 1007 1634
2505 2 2 1 1 787 743 1603
2506 2 2 1 1 697 741 1612
2507 2 2 1 1 1531 1066 1761
2508 2 2 1 1 1394 453 1659
2509 2 2 1 1 621 623 624
2510 2 2 1 1 587 586 588
2511 2 2 1 1 626 622 1490
2512 2 2 1 1 1188 1190 1231
2513 2 2 1 1 1041 1038 1601
2514 2 2 1 1 1086 1085 1607
2515 2 2 1 1 603 607 1662
2516 2 2 1 1 448 446 449
2517 2 2 1 1 523 525 1057
2518 2 2 1 1 1251 1119 1263
2519 2 2 1 1 466 465 1568
2520 2 2 1 1 645 643 767
2521 2 2 1 1 1407 1405 1719
2522 2 2 1 1 899 897 1590
2523 2 2 1 1 590 588 591
2524 2 2 1 1 829 830 831
2525 2 2 1 1 946 846 1635
2526 2 2 1 1 1165 1122 1166
2527 2 2 1 1 1007 1004 1634
2528 2 2 1 1 935 880 977
2529 2 2 1 1 541 1621 1641
2530 2 2 1 1 901 776 1633
2531 2 2 1 1 598 596 599
2532 2 2 1 1 1093 1094 1095
2533 2 2 1 1 1011 1264 1305
2534 2 2 1 1 884 1599 1636
2535 2 2 1 1 788 797 1090
2536 2 2 1 1 123 124 1618
2537 2 2 1 1 634 632 1614
2538 2 2 1 1 742 1088 1606
2539 2 2 1 1 941 946 947
2540 2 2 1 1 1602 1083 1621
2541 2 2 1 1 587 588 589
2542 2 2 1 1 1098 1095 1099
2543 2 2 1 1 674 673 1619
2544 2 2 1 1 1090 797 1091
2545 2 2 1 1 744 743 784
2546 2 2 1 1 614 788 1615
2547 2 2 1 1 1081 1612 1626
2548 2 2 1 1 545 1602 1621
2549 2 2 1 1 1098 1099 1100
2550 2 2 1 1 586 584 1615
2551 2 2 1 1 1035 899 1590
2552 2 2 1 1 1115 857 1469
2553 2 2 1 1 1350 956 1664
2554 2 2 1 1 745 589 789
2555 2 2 1 1 88 89 1595
2556 2 2 1 1 361 90 1556
2557 2 2 1 1 1121 1120 1122
2558 2 2 1 1 734 713 1603
2559 2 2 1 1 463 462 464
2560 2 2 1 1 482 619 938
2561 2 2 1 1 711 742 1606
2562 2 2 1 1 1349 1041 1601
2563 2 2 1 1 1651 945 1685
2564 2 2 1 1 542 545 1621
2565 2 2 1 1 661 658 1652
2566 2 2 1 1 670 669 1622
2567 2 2 1 1 467 466 468
2568 2 2 1 1 1105 1100 1106
2569 2 2 1 1 537 538 1661
2570 2 2 1 1 460 461 462
2571 2 2 1 1 459 458 460
2572 2 2 1 1 456 457 458
2573 2 2 1 1 464 465 466
2574 2 2 1 1 882 1024 1266
2575 2 2 1 1 935 977 1256
2576 2 2 1 1 455 454 456
2577 2 2 1 1 518 520 1611
2578 2 2 1 1 1084 1092 1641
2579 2 2 1 1 1105 1106 1107
2580 2 2 1 1 468 469 470
2581 2 2 1 1 1282 1283 1284
2582 2 2 1 1 743 734 1603
2583 2 2 1 1 768 767 853
2584 2 2 1 1 827 828 829
2585 2 2 1 1 377 379 705
2586 2 2 1 1 799 781 818
2587 2 2 1 1 452 453 454
2588 2 2 1 1 713 711 1606
2589 2 2 1 1 925 922 1604
2590 2 2 1 1 1094 1086 1607
2591 2 2 1 1 1282 975 1283
2592 2 2 1 1 505 500 506
2593 2 2 1 1 385 387 1597
2594 2 2 1 1 854 853 1629
2595 2 2 1 1 451 450 452
2596 2 2 1 1 999 1524 1630
2597 2 2 1 1 794 750 1446
2598 2 2 1 1 1107 1106 1259
2599 2 2 1 1 1446 855 1651
2600 2 2 1 1 799 818 819
2601 2 2 1 1 924 854 1629
2602 2 2 1 1 520 523 1611
2603 2 2 1 1 643 634 1614
2604 2 2 1 1 1357 931 1727
2605 2 2 1 1 1379 1034 1493
2606 2 2 1 1 842 1369 1672
2607 2 2 1 1 1102 1286 1333
2608 2 2 1 1 970 1301 1302
2609 2 2 1 1 448 449 450
2610 2 2 1 1 447 446 448
2611 2 2 1 1 1082 1081 1626
2612 2 2 1 1 1371 950 1740
2613 2 2 1 1 504 510 1631
2614 2 2 1 1 1094 1607 1608
2615 2 2 1 1 1004 1003 1634
2616 2 2 1 1 857 859 1469
2617 2 2 1 1 792 883 885
2618 2 2 1 1 936 626 1490
2619 2 2 1 1 812 789 1087
2620 2 2 1 1 857 770 859
2621 2 2 1 1 817 878 1626
2622 2 2 1 1 470 472 473
2623 2 2 1 1 637 1431 1674
2624 2 2 1 1 968 866 969
2625 2 2 1 1 788 1090 1615
2626 2 2 1 1 1015 1576 1620
2627 2 2 1 1 236 237 317
2628 2 2 1 1 124 125 318
2629 2 2 1 1 87 88 321
2630 2 2 1 1 199 200 322
2631 2 2 1 1 487 490 492
2632 2 2 1 1 658 657 1652
2633 2 2 1 1 1603 713 1606
2634 2 2 1 1 609 591 1676
2635 2 2 1 1 785 786 792
2636 2 2 1 1 517 706 785
2637 2 2 1 1 485 486 487
2638 2 2 1 1 383 385 1605
2639 2 2 1 1 498 496 719
2640 2 2 1 1 1034 851 1653
2641 2 2 1 1 473 474 478
2642 2 2 1 1 1280 925 1604
2643 2 2 1 1 804 776 822
2644 2 2 1 1 825 826 827
2645 2 2 1 1 481 484 485
2646 2 2 1 1 922 924 1604
2647 2 2 1 1 1403 731 1679
2648 2 2 1 1 490 486 491
2649 2 2 1 1 1621 1083 1641
2650 2 2 1 1 860 960 1156
2651 2 2 1 1 775 723 776
2652 2 2 1 1 586 1615 1648
2653 2 2 1 1 125 126 1628
2654 2 2 1 1 478 479 480
2655 2 2 1 1 721 720 722
2656 2 2 1 1 1620 661 1652
2657 2 2 1 1 821 819 879
2658 2 2 1 1 595 611 1678
2659 2 2 1 1 883 1011 1617
2660 2 2 1 1 537 1661 1668
2661 2 2 1 1 613 714 715
2662 2 2 1 1 610 605 720
2663 2 2 1 1 523 1057 1611
2664 2 2 1 1 1118 869 1119
2665 2 2 1 1 591 588 1648
2666 2 2 1 1 453 450 1659
2667 2 2 1 1 754 616 755
2668 2 2 1 1 784 935 1627
2669 2 2 1 1 769 724 770
2670 2 2 1 1 757 722 758
2671 2 2 1 1 590 592 593
2672 2 2 1 1 598 600 601
2673 2 2 1 1 593 594 595
2674 2 2 1 1 767 643 1614
2675 2 2 1 1 601 602 603
2676 2 2 1 1 480 482 1632
2677 2 2 1 1 595 596 597
2678 2 2 1 1 823 824 825
2679 2 2 1 1 835 834 1650
2680 2 2 1 1 1626 878 1646
2681 2 2 1 1 882 838 1024
2682 2 2 1 1 750 751 752
2683 2 2 1 1 773 806 860
2684 2 2 1 1 478 480 481
2685 2 2 1 1 1082 1626 1646
2686 2 2 1 1 238 239 363
2687 2 2 1 1 126 127 364
2688 2 2 1 1 494 492 508
2689 2 2 1 1 1102 1333 1334
2690 2 2 1 1 1641 1092 1661
2691 2 2 1 1 792 885 1101
2692 2 2 1 1 89 361 1595
2693 2 2 1 1 1359 1035 1642
2694 2 2 1 1 1089 1082 1646
2695 2 2 1 1 598 599 600
2696 2 2 1 1 1101 885 1102
2697 2 2 1 1 885 883 1617
2698 2 2 1 1 533 534 1677
2699 2 2 1 1 948 814 949
2700 2 2 1 1 1096 1620 1652
2701 2 2 1 1 590 591 592
2702 2 2 1 1 1652 657 1671
2703 2 2 1 1 715 716 717
2704 2 2 1 1 1294 849 1295
2705 2 2 1 1 589 588 590
2706 2 2 1 1 1083 1084 1641
2707 2 2 1 1 1093 1097 1668
2708 2 2 1 1 764 800 807
2709 2 2 1 1 1012 1636 1709
2710 2 2 1 1 1118 1119 1120
2711 2 2 1 1 781 744 1627
2712 2 2 1 1 481 480 484
2713 2 2 1 1 744 784 1627
2714 2 2 1 1 603 605 606
2715 2 2 1 1 1263 1119 1645
2716 2 2 1 1 239 240 1638
2717 2 2 1 1 851 698 1653
2718 2 2 1 1 878 1260 1646
2719 2 2 1 1 856 932 933
2720 2 2 1 1 624 627 628
2721 2 2 1 1 1009 842 1672
2722 2 2 1 1 490 491 718
2723 2 2 1 1 485 484 486
2724 2 2 1 1 1011 1305 1617
2725 2 2 1 1 510 517 1631
2726 2 2 1 1 15 16 1681
2727 2 2 1 1 1493 1034 1653
2728 2 2 1 1 752 844 845
2729 2 2 1 1 487 486 490
2730 2 2 1 1 818 781 1627
2731 2 2 1 1 829 831 1143
2732 2 2 1 1 1035 1590 1642
2733 2 2 1 1 1266 1024 1311
2734 2 2 1 1 541 1641 1661
2735 2 2 1 1 1615 1090 1648
2736 2 2 1 1 387 475 1597
2737 2 2 1 1 944 794 1446
2738 2 2 1 1 628 629 630
2739 2 2 1 1 758 760 795
2740 2 2 1 1 613 608 714
2741 2 2 1 1 240 241 327
2742 2 2 1 1 128 129 328
2743 2 2 1 1 129 130 1637
2744 2 2 1 1 635 738 1596
2745 2 2 1 1 859 939 1123
2746 2 2 1 1 721 757 793
2747 2 2 1 1 533 1677 1683
2748 2 2 1 1 793 814 815
2749 2 2 1 1 593 592 594
2750 2 2 1 1 598 601 1649
2751 2 2 1 1 489 383 1605
2752 2 2 1 1 601 600 602
2753 2 2 1 1 630 635 636
2754 2 2 1 1 619 621 1666
2755 2 2 1 1 588 586 1648
2756 2 2 1 1 602 604 1657
2757 2 2 1 1 538 541 1661
2758 2 2 1 1 859 770 939
2759 2 2 1 1 716 714 1108
2760 2 2 1 1 500 498 1625
2761 2 2 1 1 507 506 514
2762 2 2 1 1 482 938 1632
2763 2 2 1 1 450 449 1659
2764 2 2 1 1 738 1285 1596
2765 2 2 1 1 825 827 1144
2766 2 2 1 1 951 1371 1746
2767 2 2 1 1 1311 1024 1312
2768 2 2 1 1 1096 1652 1671
2769 2 2 1 1 515 514 730
2770 2 2 1 1 1120 1119 1251
2771 2 2 1 1 933 1343 1344
2772 2 2 1 1 1044 1043 1682
2773 2 2 1 1 750 717 751
2774 2 2 1 1 124 318 1618
2775 2 2 1 1 1087 1640 1678
2776 2 2 1 1 1519 366 1520
2777 2 2 1 1 373 375 931
2778 2 2 1 1 940 846 941
2779 2 2 1 1 610 720 721
2780 2 2 1 1 595 594 596
2781 2 2 1 1 789 589 1640
2782 2 2 1 1 597 596 598
2783 2 2 1 1 1614 936 1667
2784 2 2 1 1 385 1597 1605
2785 2 2 1 1 844 751 846
2786 2 2 1 1 858 965 1154
2787 2 2 1 1 321 88 1595
2788 2 2 1 1 529 1690 1695
2789 2 2 1 1 1265 944 1651
2790 2 2 1 1 775 804 858
2791 2 2 1 1 1123 939 1124
2792 2 2 1 1 1345 1357 1720
2793 2 2 1 1 775 776 804
2794 2 2 1 1 1166 1244 1245
2795 2 2 1 1 603 602 605
2796 2 2 1 1 339 371 1306
2797 2 2 1 1 84 85 331
2798 2 2 1 1 196 197 332
2799 2 2 1 1 130 131 1655
2800 2 2 1 1 806 774 823
2801 2 2 1 1 721 722 757
2802 2 2 1 1 869 821 1645
2803 2 2 1 1 529 530 1690
2804 2 2 1 1 1578 1074 1759
2805 2 2 1 1 639 723 724
2806 2 2 1 1 1606 1088 1656
2807 2 2 1 1 636 635 1596
2808 2 2 1 1 621 624 1666
2809 2 2 1 1 938 619 1666
2810 2 2 1 1 496 494 1639
2811 2 2 1 1 793 757 814
2812 2 2 1 1 757 758 1665
2813 2 2 1 1 606 605 610
2814 2 2 1 1 1048 1047 1689
2815 2 2 1 1 491 486 1644
2816 2 2 1 1 616 515 1623
2817 2 2 1 1 715 714 716
2818 2 2 1 1 506 500 1625
2819 2 2 1 1 856 845 932
2820 2 2 1 1 1098 1104 1683
2821 2 2 1 1 608 606 1643
2822 2 2 1 1 517 785 1631
2823 2 2 1 1 1343 932 1347
2824 2 2 1 1 948 949 1174
2825 2 2 1 1 1640 593 1678
2826 2 2 1 1 484 480 1632
2827 2 2 1 1 624 628 753
2828 2 2 1 1 787 1603 1656
2829 2 2 1 1 808 755 809
2830 2 2 1 1 1601 1359 1669
2831 2 2 1 1 1302 1301 1303
2832 2 2 1 1 717 716 1635
2833 2 2 1 1 937 1631 1675
2834 2 2 1 1 1668 1097 1677
2835 2 2 1 1 1623 730 1624
2836 2 2 1 1 815 814 948
2837 2 2 1 1 849 597 1649
2838 2 2 1 1 498 719 1625
2839 2 2 1 1 821 879 1645
2840 2 2 1 1 860 806 960
2841 2 2 1 1 508 492 1654
2842 2 2 1 1 1603 1606 1656
2843 2 2 1 1 492 490 1654
2844 2 2 1 1 724 723 775
2845 2 2 1 1 1661 1092 1668
2846 2 2 1 1 720 605 1657
2847 2 2 1 1 838 835 1650
2848 2 2 1 1 752 751 844
2849 2 2 1 1 962 1142 1684
2850 2 2 1 1 1103 1096 1671
2851 2 2 1 1 1119 869 1645
2852 2 2 1 1 719 496 1639
2853 2 2 1 1 1087 789 1640
2854 2 2 1 1 858 804 965
2855 2 2 1 1 318 125 1628
2856 2 2 1 1 637 638 639
2857 2 2 1 1 589 590 1640
2858 2 2 1 1 767 1614 1667
2859 2 2 1 1 1052 1051 1692
2860 2 2 1 1 730 773 1624
2861 2 2 1 1 1352 1350 1664
2862 2 2 1 1 590 593 1640
2863 2 2 1 1 601 603 1662
2864 2 2 1 1 773 731 774
2865 2 2 1 1 630 636 637
2866 2 2 1 1 637 636 638
2867 2 2 1 1 484 1632 1644
2868 2 2 1 1 1496 1495 1720
2869 2 2 1 1 844 846 940
2870 2 2 1 1 81 82 335
2871 2 2 1 1 193 194 336
2872 2 2 1 1 1402 1403 1728
2873 2 2 1 1 956 809 957
2874 2 2 1 1 1166 1122 1244
2875 2 2 1 1 243 244 337
2876 2 2 1 1 131 132 338
2877 2 2 1 1 494 508 1639
2878 2 2 1 1 940 941 1257
2879 2 2 1 1 515 730 1623
2880 2 2 1 1 1346 1344 1348
2881 2 2 1 1 773 774 806
2882 2 2 1 1 902 904 1114
2883 2 2 1 1 934 1116 1673
2884 2 2 1 1 639 638 723
2885 2 2 1 1 1300 1009 1672
2886 2 2 1 1 933 932 1343
2887 2 2 1 1 853 767 1667
2888 2 2 1 1 770 724 1647
2889 2 2 1 1 486 484 1644
2890 2 2 1 1 1056 1055 1696
2891 2 2 1 1 126 364 1628
2892 2 2 1 1 1698 1435 1707
2893 2 2 1 1 1092 1093 1668
2894 2 2 1 1 597 598 1649
2895 2 2 1 1 827 829 1658
2896 2 2 1 1 758 795 1665
2897 2 2 1 1 1146 957 1147
2898 2 2 1 1 1303 1310 1688
2899 2 2 1 1 490 718 1654
2900 2 2 1 1 751 717 1635
2901 2 2 1 1 1349 1601 1669
2902 2 2 1 1 1295 849 1649
2903 2 2 1 1 949 814 1665
2904 2 2 1 1 657 1600 1671
2905 2 2 1 1 807 866 968
2906 2 2 1 1 730 731 773
2907 2 2 1 1 1024 838 1650
2908 2 2 1 1 606 610 1643
2909 2 2 1 1 730 514 731
2910 2 2 1 1 1112 1111 1700
2911 2 2 1 1 714 608 1643
2912 2 2 1 1 814 757 1665
2913 2 2 1 1 363 239 1638
2914 2 2 1 1 624 753 1666
2915 2 2 1 1 792 1101 1675
2916 2 2 1 1 537 1668 1677
2917 2 2 1 1 1347 932 1670
2918 2 2 1 1 534 537 1677
2919 2 2 1 1 1087 1435 1698
2920 2 2 1 1 944 1446 1651
2921 2 2 1 1 829 1143 1658
2922 2 2 1 1 724 775 1647
2923 2 2 1 1 1129 1128 1702
2924 2 2 1 1 1144 827 1658
2925 2 2 1 1 1108 714 1643
2926 2 2 1 1 1122 1120 1660
2927 2 2 1 1 775 858 1647
2928 2 2 1 1 16 346 1681
2929 2 2 1 1 240 327 1638
2930 2 2 1 1 1648 1090 1676
2931 2 2 1 1 1090 1091 1676
2932 2 2 1 1 846 751 1635
2933 2 2 1 1 950 1402 1734
2934 2 2 1 1 939 770 1647
2935 2 2 1 1 605 602 1657
2936 2 2 1 1 1312 1024 1650
2937 2 2 1 1 1543 1013 1713
2938 2 2 1 1 1683 1104 1690
2939 2 2 1 1 328 129 1637
2940 2 2 1 1 591 1648 1676
2941 2 2 1 1 1133 1132 1708
2942 2 2 1 1 785 792 1675
2943 2 2 1 1 1120 1251 1660
2944 2 2 1 1 1454 529 1695
2945 2 2 1 1 1677 1097 1683
2946 2 2 1 1 755 616 1623
2947 2 2 1 1 1631 785 1675
2948 2 2 1 1 797 865 1706
2949 2 2 1 1 379 381 1703
2950 2 2 1 1 1286 471 1748
2951 2 2 1 1 593 595 1678
2952 2 2 1 1 1047 1044 1682
2953 2 2 1 1 1137 1136 1710
2954 2 2 1 1 845 844 1670
2955 2 2 1 1 371 373 1663
2956 2 2 1 1 1650 834 1697
2957 2 2 1 1 932 845 1670
2958 2 2 1 1 1283 975 1698
2959 2 2 1 1 812 1087 1698
2960 2 2 1 1 1637 130 1655
2961 2 2 1 1 947 1735 1741
2962 2 2 1 1 1013 1014 1713
2963 2 2 1 1 970 1171 1301
2964 2 2 1 1 1142 1180 1684
2965 2 2 1 1 860 1156 1731
2966 2 2 1 1 1089 1646 1680
2967 2 2 1 1 346 1382 1773
2968 2 2 1 1 1646 1260 1680
2969 2 2 1 1 762 764 1687
2970 2 2 1 1 957 809 958
2971 2 2 1 1 1097 1098 1683
2972 2 2 1 1 1244 1122 1660
2973 2 2 1 1 1085 1580 1758
2974 2 2 1 1 493 495 1732
2975 2 2 1 1 721 793 1691
2976 2 2 1 1 1675 1101 1701
2977 2 2 1 1 834 1433 1697
2978 2 2 1 1 1643 610 1691
2979 2 2 1 1 807 968 970
2980 2 2 1 1 1051 1048 1689
2981 2 2 1 1 764 807 1687
2982 2 2 1 1 970 968 1171
2983 2 2 1 1 946 1635 1686
2984 2 2 1 1 716 1108 1686
2985 2 2 1 1 753 628 1674
2986 2 2 1 1 530 533 1690
2987 2 2 1 1 745 1113 1724
2988 2 2 1 1 630 637 1674
2989 2 2 1 1 844 940 1670
2990 2 2 1 1 1690 1104 1695
2991 2 2 1 1 1454 1695 1705
2992 2 2 1 1 1058 1705 1709
2993 2 2 1 1 970 1302 1687
2994 2 2 1 1 628 630 1674
2995 2 2 1 1 1635 716 1686
2996 2 2 1 1 533 1683 1690
2997 2 2 1 1 131 338 1655
2998 2 2 1 1 1371 1740 1746
2999 2 2 1 1 373 931 1663
3000 2 2 1 1 937 1675 1701
3001 2 2 1 1 702 1723 1732
3002 2 2 1 1 858 1154 1693
3003 2 2 1 1 1055 1052 1692
3004 2 2 1 1 793 815 1711
3005 2 2 1 1 585 587 1724
3006 2 2 1 1 506 1625 1679
3007 2 2 1 1 939 1647 1693
3008 2 2 1 1 1058 1454 1705
3009 2 2 1 1 388 386 1730
3010 2 2 1 1 1108 1643 1691
3011 2 2 1 1 514 506 1679
3012 2 2 1 1 1260 976 1725
3013 2 2 1 1 1647 858 1693
3014 2 2 1 1 731 514 1679
3015 2 2 1 1 1312 1650 1697
3016 2 2 1 1 1306 371 1663
3017 2 2 1 1 1111 1056 1696
3018 2 2 1 1 975 812 1698
3019 2 2 1 1 1103 1594 1722
3020 2 2 1 1 1448 937 1701
3021 2 2 1 1 1016 1103 1722
3022 2 2 1 1 865 1157 1699
3023 2 2 1 1 1104 1105 1695
3024 2 2 1 1 610 721 1691
3025 2 2 1 1 375 377 1727
3026 2 2 1 1 807 970 1687
3027 2 2 1 1 1265 1651 1685
3028 2 2 1 1 1128 1112 1700
3029 2 2 1 1 1673 1116 1733
3030 2 2 1 1 1402 1728 1734
3031 2 2 1 1 702 1701 1723
3032 2 2 1 1 1030 1384 1772
3033 2 2 1 1 1667 1407 1719
3034 2 2 1 1 1124 939 1693
3035 2 2 1 1 947 946 1735
3036 2 2 1 1 951 1746 1749
3037 2 2 1 1 1607 1085 1758
3038 2 2 1 1 1102 1334 1723
3039 2 2 1 1 594 592 1716
3040 2 2 1 1 1347 1670 1704
3041 2 2 1 1 1132 1129 1702
3042 2 2 1 1 853 1667 1719
3043 2 2 1 1 1321 1743 1747
3044 2 2 1 1 1695 1105 1705
3045 2 2 1 1 381 489 1703
3046 2 2 1 1 795 760 1721
3047 2 2 1 1 1670 940 1704
3048 2 2 1 1 1705 1107 1709
3049 2 2 1 1 1694 1624 1731
3050 2 2 1 1 1435 850 1707
3051 2 2 1 1 1136 1133 1708
3052 2 2 1 1 958 1694 1731
3053 2 2 1 1 1105 1107 1705
3054 2 2 1 1 1733 1116 1739
3055 2 2 1 1 1691 793 1711
3056 2 2 1 1 1623 1624 1694
3057 2 2 1 1 1707 1288 1736
3058 2 2 1 1 1636 1058 1709
3059 2 2 1 1 1281 408 1768
3060 2 2 1 1 1140 1137 1710
3061 2 2 1 1 940 1257 1704
3062 2 2 1 1 1600 1417 1712
3063 2 2 1 1 800 765 1743
3064 2 2 1 1 1014 1020 1713
3065 2 2 1 1 1108 1691 1711
3066 2 2 1 1 1497 419 1742
3067 2 2 1 1 958 809 1694
3068 2 2 1 1 1644 1739 1744
3069 2 2 1 1 1442 930 1769
3070 2 2 1 1 809 755 1694
3071 2 2 1 1 609 1676 1715
3072 2 2 1 1 1671 1600 1712
3073 2 2 1 1 755 1623 1694
3074 2 2 1 1 592 609 1716
3075 2 2 1 1 1169 1023 1782
3076 2 2 1 1 1103 1671 1712
3077 2 2 1 1 762 1687 1721
3078 2 2 1 1 950 1734 1740
3079 2 2 1 1 1687 1302 1721
3080 2 2 1 1 1403 1679 1728
3081 2 2 1 1 1012 1709 1729
3082 2 2 1 1 760 762 1721
3083 2 2 1 1 865 1699 1706
3084 2 2 1 1 1686 1108 1711
3085 2 2 1 1 1629 853 1719
3086 2 2 1 1 1676 1091 1715
3087 2 2 1 1 1020 1016 1722
3088 2 2 1 1 976 1269 1725
3089 2 2 1 1 587 745 1724
3090 2 2 1 1 1495 1345 1720
3091 2 2 1 1 1679 1625 1728
3092 2 2 1 1 1101 1102 1723
3093 2 2 1 1 801 1418 1747
3094 2 2 1 1 1663 931 1717
3095 2 2 1 1 377 705 1727
3096 2 2 1 1 1701 1101 1723
3097 2 2 1 1 1750 1469 1757
3098 2 2 1 1 1107 1259 1729
3099 2 2 1 1 1276 328 1844
3100 2 2 1 1 1427 388 1730
3101 2 2 1 1 1624 860 1731
3102 2 2 1 1 495 702 1732
3103 2 2 1 1 1644 1632 1739
3104 2 2 1 1 1174 949 1726
3105 2 2 1 1 1625 719 1728
3106 2 2 1 1 535 532 1751
3107 2 2 1 1 753 1673 1733
3108 2 2 1 1 1717 1346 1737
3109 2 2 1 1 1666 753 1733
3110 2 2 1 1 1430 1429 1765
3111 2 2 1 1 1728 719 1734
3112 2 2 1 1 1709 1107 1729
3113 2 2 1 1 1735 815 1741
3114 2 2 1 1 527 524 1753
3115 2 2 1 1 522 728 1753
3116 2 2 1 1 938 1666 1733
3117 2 2 1 1 719 1639 1734
3118 2 2 1 1 1195 1588 1751
3119 2 2 1 1 1284 1283 1736
3120 2 2 1 1 943 1585 1760
3121 2 2 1 1 1739 1116 1744
3122 2 2 1 1 1711 815 1735
3123 2 2 1 1 938 1733 1739
3124 2 2 1 1 1283 1707 1736
3125 2 2 1 1 201 360 1754
3126 2 2 1 1 1021 1063 1738
3127 2 2 1 1 322 200 1754
3128 2 2 1 1 1346 1348 1737
3129 2 2 1 1 1063 1497 1742
3130 2 2 1 1 1089 1680 1765
3131 2 2 1 1 421 1360 1755
3132 2 2 1 1 1738 1063 1742
3133 2 2 1 1 1632 938 1739
3134 2 2 1 1 1734 1639 1740
3135 2 2 1 1 1816 1225 1826
3136 2 2 1 1 946 1686 1735
3137 2 2 1 1 1639 508 1740
3138 2 2 1 1 1507 425 1755
3139 2 2 1 1 314 1411 1878
3140 2 2 1 1 422 421 1755
3141 2 2 1 1 491 1644 1744
3142 2 2 1 1 815 948 1741
3143 2 2 1 1 1686 1711 1735
3144 2 2 1 1 1333 1286 1748
3145 2 2 1 1 362 1239 1789
3146 2 2 1 1 1609 455 1756
3147 2 2 1 1 1462 1333 1748
3148 2 2 1 1 1740 508 1746
3149 2 2 1 1 765 801 1743
3150 2 2 1 1 491 1744 1750
3151 2 2 1 1 1116 1115 1744
3152 2 2 1 1 455 456 1756
3153 2 2 1 1 1418 1420 1747
3154 2 2 1 1 508 1654 1746
3155 2 2 1 1 718 491 1750
3156 2 2 1 1 329 1717 1737
3157 2 2 1 1 1744 1115 1750
3158 2 2 1 1 1764 1123 1766
3159 2 2 1 1 1746 1654 1749
3160 2 2 1 1 1088 1089 1762
3161 2 2 1 1 1654 718 1749
3162 2 2 1 1 818 1610 1763
3163 2 2 1 1 532 531 1751
3164 2 2 1 1 819 818 1763
3165 2 2 1 1 1115 1469 1750
3166 2 2 1 1 1440 1300 1760
3167 2 2 1 1 859 1123 1764
3168 2 2 1 1 833 832 1766
3169 2 2 1 1 881 1656 1762
3170 2 2 1 1 1429 881 1762
3171 2 2 1 1 1300 1672 1760
3172 2 2 1 1 311 1456 1834
3173 2 2 1 1 408 1582 1768
3174 2 2 1 1 718 1750 1757
3175 2 2 1 1 930 791 1769
3176 2 2 1 1 1452 1451 1903
3177 2 2 1 1 459 1401 1756
3178 2 2 1 1 1757 1469 1764
3179 2 2 1 1 524 522 1753
3180 2 2 1 1 1061 1148 1771
3181 2 2 1 1 833 1766 1767
3182 2 2 1 1 200 201 1754
3183 2 2 1 1 952 1749 1757
3184 2 2 1 1 1382 1741 1773
3185 2 2 1 1 198 1356 1837
3186 2 2 1 1 425 422 1755
3187 2 2 1 1 93 94 1774
3188 2 2 1 1 1798 726 1893
3189 2 2 1 1 456 459 1756
3190 2 2 1 1 1481 1483 1770
3191 2 2 1 1 1672 943 1760
3192 2 2 1 1 1309 13 1775
3193 2 2 1 1 1310 1309 1775
3194 2 2 1 1 14 323 1775
3195 2 2 1 1 1741 948 1773
3196 2 2 1 1 1332 1284 1772
3197 2 2 1 1 952 1764 1766
3198 2 2 1 1 1745 1430 1765
3199 2 2 1 1 1328 338 1841
3200 2 2 1 1 1752 879 1763
3201 2 2 1 1 1469 859 1764
3202 2 2 1 1 1318 337 1842
3203 2 2 1 1 879 819 1763
3204 2 2 1 1 1656 1088 1762
3205 2 2 1 1 832 952 1766
3206 2 2 1 1 952 1757 1764
3207 2 2 1 1 1736 1030 1772
3208 2 2 1 1 1439 1192 1778
3209 2 2 1 1 360 1182 1902
3210 2 2 1 1 1123 1124 1767
3211 2 2 1 1 1182 1179 1902
3212 2 2 1 1 213 309 1779
3213 2 2 1 1 1452 207 1862
3214 2 2 1 1 1749 718 1757
3215 2 2 1 1 1766 1123 1767
3216 2 2 1 1 1665 795 1777
3217 2 2 1 1 1582 930 1768
3218 2 2 1 1 795 1688 1777
3219 2 2 1 1 1284 1736 1772
3220 2 2 1 1 1483 1724 1770
3221 2 2 1 1 1726 949 1777
3222 2 2 1 1 791 872 1769
3223 2 2 1 1 1724 1113 1770
3224 2 2 1 1 1153 1237 1840
3225 2 2 1 1 193 336 1780
3226 2 2 1 1 1680 1745 1765
3227 2 2 1 1 314 232 1783
3228 2 2 1 1 233 351 1783
3229 2 2 1 1 308 1546 1829
3230 2 2 1 1 1516 551 1788
3231 2 2 1 1 1559 304 1827
3232 2 2 1 1 1511 1061 1771
3233 2 2 1 1 547 1241 1891
3234 2 2 1 1 1699 1157 1782
3235 2 2 1 1 226 312 1784
3236 2 2 1 1 1552 225 1784
3237 2 2 1 1 86 87 1786
3238 2 2 1 1 310 1238 1826
3239 2 2 1 1 363 1638 1787
3240 2 2 1 1 1420 1419 1787
3241 2 2 1 1 1223 1534 1825
3242 2 2 1 1 191 192 1785
3243 2 2 1 1 332 1354 1905
3244 2 2 1 1 1354 1353 1905
3245 2 2 1 1 1213 1215 1788
3246 2 2 1 1 948 1174 1773
3247 2 2 1 1 324 1856 1858
3248 2 2 1 1 1023 1699 1782
3249 2 2 1 1 1242 356 1843
3250 2 2 1 1 1856 1154 1858
3251 2 2 1 1 94 358 1774
3252 2 2 1 1 1151 1153 1840
3253 2 2 1 1 1240 1268 1796
3254 2 2 1 1 1545 1818 1906
3255 2 2 1 1 1169 1782 1900
3256 2 2 1 1 219 348 1792
3257 2 2 1 1 320 218 1792
3258 2 2 1 1 1771 1549 1889
3259 2 2 1 1 1210 1209 1789
3260 2 2 1 1 105 106 1794
3261 2 2 1 1 97 98 1795
3262 2 2 1 1 1161 1806 1899
3263 2 2 1 1 13 14 1775
3264 2 2 1 1 1201 1202 1796
3265 2 2 1 1 1205 1240 1796
3266 2 2 1 1 1230 1554 1901
3267 2 2 1 1 1476 726 1798
3268 2 2 1 1 93 1774 1821
3269 2 2 1 1 1141 961 1776
3270 2 2 1 1 823 825 1797
3271 2 2 1 1 1153 1152 1798
3272 2 2 1 1 958 1731 1793
3273 2 2 1 1 1747 1420 1791
3274 2 2 1 1 1235 1184 1781
3275 2 2 1 1 1197 1439 1799
3276 2 2 1 1 1494 348 1892
3277 2 2 1 1 949 1665 1777
3278 2 2 1 1 1192 1452 1778
3279 2 2 1 1 963 1511 1790
3280 2 2 1 1 98 99 1801
3281 2 2 1 1 356 1242 1901
3282 2 2 1 1 212 213 1779
3283 2 2 1 1 1172 311 1851
3284 2 2 1 1 317 237 1800
3285 2 2 1 1 238 363 1800
3286 2 2 1 1 1342 334 1805
3287 2 2 1 1 1232 1798 1893
3288 2 2 1 1 1184 1186 1781
3289 2 2 1 1 192 193 1780
3290 2 2 1 1 104 105 1802
3291 2 2 1 1 335 1254 1849
3292 2 2 1 1 1451 1187 1803
3293 2 2 1 1 1161 966 1806
3294 2 2 1 1 1517 1228 1846
3295 2 2 1 1 232 233 1783
3296 2 2 1 1 1818 1515 1906
3297 2 2 1 1 1474 1037 1808
3298 2 2 1 1 1039 1262 1808
3299 2 2 1 1 1049 1522 1810
3300 2 2 1 1 1124 1693 1804
3301 2 2 1 1 359 1558 1823
3302 2 2 1 1 195 196 1809
3303 2 2 1 1 1246 1249 1815
3304 2 2 1 1 1238 1236 1816
3305 2 2 1 1 1557 357 1824
3306 2 2 1 1 1165 1166 1815
3307 2 2 1 1 225 226 1784
3308 2 2 1 1 85 86 1814
3309 2 2 1 1 1195 1751 1812
3310 2 2 1 1 243 337 1813
3311 2 2 1 1 1236 1224 1816
3312 2 2 1 1 1222 1225 1816
3313 2 2 1 1 87 321 1786
3314 2 2 1 1 1522 1053 1818
3315 2 2 1 1 1774 1163 1821
3316 2 2 1 1 354 1292 1882
3317 2 2 1 1 1188 1231 1817
3318 2 2 1 1 551 548 1820
3319 2 2 1 1 1298 1468 1823
3320 2 2 1 1 303 92 1821
3321 2 2 1 1 953 1474 1822
3322 2 2 1 1 1751 531 1812
3323 2 2 1 1 1290 354 1836
3324 2 2 1 1 973 1395 1828
3325 2 2 1 1 1419 1422 1787
3326 2 2 1 1 1537 1134 1824
3327 2 2 1 1 1221 1223 1825
3328 2 2 1 1 1322 1321 1791
3329 2 2 1 1 1511 1771 1889
3330 2 2 1 1 1158 1159 1827
3331 2 2 1 1 1227 1213 1788
3332 2 2 1 1 1234 1201 1835
3333 2 2 1 1 727 1235 1872
3334 2 2 1 1 728 1781 1817
3335 2 2 1 1 1228 1517 1897
3336 2 2 1 1 1126 1535 1829
3337 2 2 1 1 1117 1366 1831
3338 2 2 1 1 1450 1125 1830
3339 2 2 1 1 1553 355 1803
3340 2 2 1 1 1028 1027 1844
3341 2 2 1 1 352 113 1834
3342 2 2 1 1 114 311 1834
3343 2 2 1 1 30 1 1883
3344 2 2 1 1 54 5 1884
3345 2 2 1 1 4 7 1885
3346 2 2 1 1 2 31 1886
3347 2 2 1 1 1352 1664 1888
3348 2 2 1 1 1664 336 1888
3349 2 2 1 1 1 79 1883
3350 2 2 1 1 5 191 1884
3351 2 2 1 1 246 4 1885
3352 2 2 1 1 134 2 1886
3353 2 2 1 1 354 122 1836
3354 2 2 1 1 335 82 1832
3355 2 2 1 1 123 1618 1836
3356 2 2 1 1 356 211 1843
3357 2 2 1 1 1238 1816 1826
3358 2 2 1 1 904 906 1838
3359 2 2 1 1 1386 1164 1839
3360 2 2 1 1 1515 1109 1845
3361 2 2 1 1 555 1517 1846
3362 2 2 1 1 559 556 1846
3363 2 2 1 1 1239 1210 1789
3364 2 2 1 1 1664 1146 1873
3365 2 2 1 1 332 197 1837
3366 2 2 1 1 1540 1138 1847
3367 2 2 1 1 1395 967 1811
3368 2 2 1 1 365 1317 1885
3369 2 2 1 1 368 1327 1886
3370 2 2 1 1 336 1664 1873
3371 2 2 1 1 804 822 1850
3372 2 2 1 1 1372 1373 1856
3373 2 2 1 1 81 335 1849
3374 2 2 1 1 1782 351 1900
3375 2 2 1 1 1341 340 1875
3376 2 2 1 1 1340 1341 1864
3377 2 2 1 1 1555 362 1789
3378 2 2 1 1 326 1389 1863
3379 2 2 1 1 364 127 1855
3380 2 2 1 1 902 1114 1852
3381 2 2 1 1 128 328 1855
3382 2 2 1 1 1376 316 1868
3383 2 2 1 1 1233 1217 1861
3384 2 2 1 1 1781 728 1872
3385 2 2 1 1 208 307 1862
3386 2 2 1 1 831 833 1860
3387 2 2 1 1 728 521 1872
3388 2 2 1 1 1190 1193 1865
3389 2 2 1 1 1806 303 1899
3390 2 2 1 1 328 1637 1844
3391 2 2 1 1 1147 1875 1876
3392 2 2 1 1 806 823 1866
3393 2 2 1 1 231 314 1878
3394 2 2 1 1 1183 305 1879
3395 2 2 1 1 1871 1341 1875
3396 2 2 1 1 313 120 1882
3397 2 2 1 1 121 354 1882
3398 2 2 1 1 203 305 1887
3399 2 2 1 1 360 202 1887
3400 2 2 1 1 1628 364 1828
3401 2 2 1 1 957 958 1871
3402 2 2 1 1 194 195 1888
3403 2 2 1 1 1242 1461 1901
3404 2 2 1 1 1771 1148 1881
3405 2 2 1 1 206 207 1903
3406 2 2 1 1 1155 1147 1876
3407 2 2 1 1 234 235 1900
3408 2 2 1 1 192 1780 1785
3409 2 2 1 1 1215 1216 1897
3410 2 2 1 1 536 535 1895
3411 2 2 1 1 1219 1228 1897
3412 2 2 1 1 1731 1156 1793
3413 2 2 1 1 218 219 1792
3414 2 2 1 1 1545 319 1818
3415 2 2 1 1 1789 1209 1854
3416 2 2 1 1 106 308 1794
3417 2 2 1 1 1551 313 1822
3418 2 2 1 1 304 97 1795
3419 2 2 1 1 1534 559 1825
3420 2 2 1 1 1554 356 1901
3421 2 2 1 1 236 317 1807
3422 2 2 1 1 1321 1747 1791
3423 2 2 1 1 1202 1205 1796
3424 2 2 1 1 235 236 1807
3425 2 2 1 1 338 132 1841
3426 2 2 1 1 337 244 1842
3427 2 2 1 1 1781 1186 1817
3428 2 2 1 1 1351 1352 1809
3429 2 2 1 1 1320 1322 1813
3430 2 2 1 1 363 1787 1896
3431 2 2 1 1 825 1144 1797
3432 2 2 1 1 1152 1476 1798
3433 2 2 1 1 312 1771 1881
3434 2 2 1 1 1358 1028 1819
3435 2 2 1 1 1860 1376 1868
3436 2 2 1 1 1548 310 1826
3437 2 2 1 1 1556 303 1806
3438 2 2 1 1 311 115 1851
3439 2 2 1 1 212 1779 1843
3440 2 2 1 1 1234 1835 1895
3441 2 2 1 1 307 1778 1862
3442 2 2 1 1 1230 1197 1799
3443 2 2 1 1 1547 352 1810
3444 2 2 1 1 237 238 1800
3445 2 2 1 1 1387 330 1877
3446 2 2 1 1 99 359 1801
3447 2 2 1 1 1520 366 1883
3448 2 2 1 1 1388 1387 1874
3449 2 2 1 1 357 104 1802
3450 2 2 1 1 1187 1185 1803
3451 2 2 1 1 1874 1387 1877
3452 2 2 1 1 967 1032 1811
3453 2 2 1 1 344 1368 1870
3454 2 2 1 1 1380 344 1869
3455 2 2 1 1 1693 1154 1804
3456 2 2 1 1 1374 1376 1867
3457 2 2 1 1 1356 1354 1837
3458 2 2 1 1 1869 344 1870
3459 2 2 1 1 334 1397 1805
3460 2 2 1 1 83 1249 1832
3461 2 2 1 1 966 1450 1806
3462 2 2 1 1 1341 1793 1864
3463 2 2 1 1 1254 1520 1849
3464 2 2 1 1 133 1327 1841
3465 2 2 1 1 245 1317 1842
3466 2 2 1 1 1553 1803 1879
3467 2 2 1 1 1389 1797 1863
3468 2 2 1 1 1413 230 1878
3469 2 2 1 1 1168 1169 1807
3470 2 2 1 1 1411 1413 1878
3471 2 2 1 1 1193 1195 1812
3472 2 2 1 1 1555 1789 1854
3473 2 2 1 1 1037 1039 1808
3474 2 2 1 1 1328 1326 1848
3475 2 2 1 1 1457 1049 1810
3476 2 2 1 1 1782 1157 1890
3477 2 2 1 1 196 332 1809
3478 2 2 1 1 1618 318 1811
3479 2 2 1 1 531 1453 1812
3480 2 2 1 1 1787 1422 1896
3481 2 2 1 1 242 243 1813
3482 2 2 1 1 1420 1787 1894
3483 2 2 1 1 1178 1141 1880
3484 2 2 1 1 1373 1804 1856
3485 2 2 1 1 1353 1351 1905
3486 2 2 1 1 1166 1246 1815
3487 2 2 1 1 331 85 1814
3488 2 2 1 1 1329 341 1853
3489 2 2 1 1 1398 324 1858
3490 2 2 1 1 1114 1805 1852
3491 2 2 1 1 1201 1796 1835
3492 2 2 1 1 1224 1222 1816
3493 2 2 1 1 1396 1398 1857
3494 2 2 1 1 341 1342 1853
3495 2 2 1 1 1186 1188 1817
3496 2 2 1 1 1053 1515 1818
3497 2 2 1 1 1754 1178 1880
3498 2 2 1 1 116 1262 1851
3499 2 2 1 1 1326 1329 1848
3500 2 2 1 1 1857 1398 1858
3501 2 2 1 1 1655 338 1819
3502 2 2 1 1 548 547 1820
3503 2 2 1 1 92 93 1821
3504 2 2 1 1 1178 360 1902
3505 2 2 1 1 1279 973 1828
3506 2 2 1 1 1170 953 1822
3507 2 2 1 1 348 1548 1892
3508 2 2 1 1 1397 1396 1857
3509 2 2 1 1 1767 1124 1859
3510 2 2 1 1 1145 1298 1823
3511 2 2 1 1 1134 1540 1824
3512 2 2 1 1 1228 1221 1825
3513 2 2 1 1 1159 1445 1827
3514 2 2 1 1 1793 1156 1864
3515 2 2 1 1 351 1782 1890
3516 2 2 1 1 1854 1463 1898
3517 2 2 1 1 1209 1463 1854
3518 2 2 1 1 1241 1575 1891
3519 2 2 1 1 132 133 1841
3520 2 2 1 1 244 245 1842
3521 2 2 1 1 1530 1126 1829
3522 2 2 1 1 1803 1185 1879
3523 2 2 1 1 1268 539 1835
3524 2 2 1 1 115 116 1851
3525 2 2 1 1 1249 1248 1832
3526 2 2 1 1 1125 1400 1830
3527 2 2 1 1 1797 1144 1863
3528 2 2 1 1 1400 1117 1831
3529 2 2 1 1 82 83 1832
3530 2 2 1 1 906 1358 1833
3531 2 2 1 1 1791 1420 1894
3532 2 2 1 1 1787 1638 1894
3533 2 2 1 1 113 114 1834
3534 2 2 1 1 1327 1328 1841
3535 2 2 1 1 1317 1318 1842
3536 2 2 1 1 122 123 1836
3537 2 2 1 1 1520 80 1849
3538 2 2 1 1 197 198 1837
3539 2 2 1 1 1445 1386 1839
3540 2 2 1 1 1027 1276 1844
3541 2 2 1 1 211 212 1843
3542 2 2 1 1 1114 904 1838
3543 2 2 1 1 1575 1227 1891
3544 2 2 1 1 1109 1530 1845
3545 2 2 1 1 556 555 1846
3546 2 2 1 1 309 1854 1898
3547 2 2 1 1 305 1553 1879
3548 2 2 1 1 1138 1145 1847
3549 2 2 1 1 80 81 1849
3550 2 2 1 1 1262 1172 1851
3551 2 2 1 1 965 804 1850
3552 2 2 1 1 1157 1177 1890
3553 2 2 1 1 1485 1229 1893
3554 2 2 1 1 822 902 1852
3555 2 2 1 1 309 1555 1854
3556 2 2 1 1 324 1372 1856
3557 2 2 1 1 127 128 1855
3558 2 2 1 1 1800 363 1896
3559 2 2 1 1 1389 1388 1874
3560 2 2 1 1 1179 1178 1902
3561 2 2 1 1 1548 1826 1892
3562 2 2 1 1 1154 965 1858
3563 2 2 1 1 965 1857 1858
3564 2 2 1 1 1796 1268 1835
3565 2 2 1 1 1373 1374 1859
3566 2 2 1 1 1143 831 1860
3567 2 2 1 1 1217 1473 1861
3568 2 2 1 1 1368 326 1863
3569 2 2 1 1 330 1340 1864
3570 2 2 1 1 207 208 1862
3571 2 2 1 1 1358 1819 1833
3572 2 2 1 1 1231 1190 1865
3573 2 2 1 1 1314 367 1876
3574 2 2 1 1 1835 539 1895
3575 2 2 1 1 316 1380 1868
3576 2 2 1 1 1235 1781 1872
3577 2 2 1 1 960 806 1866
3578 2 2 1 1 1875 1314 1876
3579 2 2 1 1 1804 1154 1856
3580 2 2 1 1 1778 1452 1862
3581 2 2 1 1 1148 1150 1881
3582 2 2 1 1 1185 1183 1879
3583 2 2 1 1 191 1785 1884
3584 2 2 1 1 340 1314 1875
3585 2 2 1 1 521 727 1872
3586 2 2 1 1 1780 336 1873
3587 2 2 1 1 1658 1143 1869
3588 2 2 1 1 1146 1155 1873
3589 2 2 1 1 1144 1658 1870
3590 2 2 1 1 1658 1869 1870
3591 2 2 1 1 1147 957 1871
3592 2 2 1 1 1515 1845 1906
3593 2 2 1 1 1156 960 1877
3594 2 2 1 1 1805 1397 1852
3595 2 2 1 1 1229 1232 1893
3596 2 2 1 1 366 30 1883
3597 2 2 1 1 367 54 1884
3598 2 2 1 1 7 365 1885
3599 2 2 1 1 31 368 1886
3600 2 2 1 1 1839 1164 1904
3601 2 2 1 1 960 1874 1877
3602 2 2 1 1 1784 312 1881
3603 2 2 1 1 230 231 1878
3604 2 2 1 1 322 1754 1880
3605 2 2 1 1 120 121 1882
3606 2 2 1 1 202 203 1887
3607 2 2 1 1 1147 1871 1875
3608 2 2 1 1 1141 1776 1880
3609 2 2 1 1 1549 349 1889
3610 2 2 1 1 336 194 1888
3611 2 2 1 1 1783 351 1890
3612 2 2 1 1 1776 322 1880
3613 2 2 1 1 303 1821 1899
3614 2 2 1 1 1177 1783 1890
3615 2 2 1 1 833 1767 1867
3616 2 2 1 1 1225 1494 1892
3617 2 2 1 1 1833 1328 1848
3618 2 2 1 1 327 1791 1894
3619 2 2 1 1 1163 1161 1899
3620 2 2 1 1 1463 1226 1898
3621 2 2 1 1 726 1485 1893
3622 2 2 1 1 1790 1511 1889
3623 2 2 1 1 539 536 1895
3624 2 2 1 1 1779 309 1898
3625 2 2 1 1 1638 327 1894
3626 2 2 1 1 1422 1423 1896
3627 2 2 1 1 1216 1219 1897
3628 2 2 1 1 1461 1230 1901
3629 2 2 1 1 1838 1329 1853
3630 2 2 1 1 351 234 1900
3631 2 2 1 1 355 206 1903
3632 2 2 1 1 347 1545 1906
3633 2 2 1 1 1143 1860 1868
3634 2 2 1 1 1155 1780 1873
3635 2 2 1 1 1826 1225 1892
3636 2 2 1 1 1150 1784 1881
3637 2 2 1 1 1785 367 1884
3638 2 2 1 1 1850 1397 1857
3639 2 2 1 1 1227 1820 1891
3640 2 2 1 1 1423 1800 1896
3641 2 2 1 1 1226 1779 1898
3642 2 2 1 1 1774 358 1904
3643 2 2 1 1 349 1790 1889
3644 2 2 1 1 906 1833 1848
3645 2 2 1 1 1114 1838 1853
3646 2 2 1 1 1767 1859 1867
3647 2 2 1 1 1859 1374 1867
3648 2 2 1 1 965 1850 1857
3649 2 2 1 1 1143 1868 1869
3650 2 2 1 1 1868 1380 1869
3651 2 2 1 1 1820 547 1891
3652 2 2 1 1 1866 1389 1874
3653 2 2 1 1 1821 1163 1899
3654 2 2 1 1 960 1866 1874
3655 2 2 1 1 1845 347 1906
3656 2 2 1 1 358 1839 1904
3657 2 2 2 2 3143 3133 3449
3658 2 2 2 2 154 1908 2955
3659 2 2 2 2 1957 3032 3033
3660 2 2 2 2 3037 1962 3144
3661 2 2 2 2 1922 2969 3401
3662 2 2 2 2 1963 2932 2934
3663 2 2 2 2 1942 2930 3364
3664 2 2 2 2 2824 2331 2960
3665 2 2 2 2 1954 3143 3449
3666 2 2 2 2 1938 3134 3408
3667 2 2 2 2 2969 1922 3437
3668 2 2 2 2 1957 2832 3032
3669 2 2 2 2 1963 2934 3438
3670 2 2 2 2 2331 2824 2961
3671 2 2 2 2 1962 3037 3435
3672 2 2 2 2 1956 3093 3094
3673 2 2 2 2 3149 2752 3150
3674 2 2 2 2 3388 3301 3416
3675 2 2 2 2 3136 1909 3414
3676 2 2 2 2 1934 2801 3148
3677 2 2 2 2 1956 2991 3093
3678 2 2 2 2 2547 2549 3034
3679 2 2 2 2 2819 2817 2820
3680 2 2 2 2 3100 1955 3101
3681 2 2 2 2 3032 2550 3033
3682 2 2 2 2 140 1939 2847
3683 2 2 2 2 2802 1939 3425
3684 2 2 2 2 3301 2785 3416
3685 2 2 2 2 1923 3005 3221
3686 2 2 2 2 3033 2550 3034
3687 2 2 2 2 3103 1960 3104
3688 2 2 2 2 2816 2817 2819
3689 2 2 2 2 2800 1910 3122
3690 2 2 2 2 3134 1938 3433
3691 2 2 2 2 2153 2151 2961
3692 2 2 2 2 1961 2810 2812
3693 2 2 2 2 2679 3255 3256
3694 2 2 2 2 1934 175 2836
3695 2 2 2 2 1965 2929 2930
3696 2 2 2 2 2864 1942 3364
3697 2 2 2 2 2948 3409 3410
3698 2 2 2 2 1941 2948 3410
3699 2 2 2 2 153 154 2955
3700 2 2 2 2 2821 2824 2960
3701 2 2 2 2 2955 1908 3413
3702 2 2 2 2 189 190 2919
3703 2 2 2 2 301 302 2927
3704 2 2 2 2 3338 3409 3480
3705 2 2 2 2 1909 3136 3430
3706 2 2 2 2 2807 1914 3034
3707 2 2 2 2 3101 1955 3441
3708 2 2 2 2 139 140 2847
3709 2 2 2 2 1945 2920 3440
3710 2 2 2 2 2930 1942 3420
3711 2 2 2 2 274 1915 2828
3712 2 2 2 2 2549 2807 3034
3713 2 2 2 2 2550 2547 3034
3714 2 2 2 2 1914 3033 3034
3715 2 2 2 2 1923 182 2880
3716 2 2 2 2 1960 3103 3462
3717 2 2 2 2 2804 2802 3425
3718 2 2 2 2 3428 1945 3440
3719 2 2 2 2 1936 2809 2810
3720 2 2 2 2 3409 2948 3480
3721 2 2 2 2 1965 2928 2929
3722 2 2 2 2 2801 1934 3429
3723 2 2 2 2 3005 1923 3432
3724 2 2 2 2 175 176 2836
3725 2 2 2 2 1939 2802 3426
3726 2 2 2 2 3084 3365 3449
3727 2 2 2 2 3150 2752 3427
3728 2 2 2 2 2919 190 3487
3729 2 2 2 2 2927 302 3488
3730 2 2 2 2 2156 2153 2961
3731 2 2 2 2 2151 2331 2961
3732 2 2 2 2 1944 2846 2851
3733 2 2 2 2 1910 2800 3442
3734 2 2 2 2 3255 2679 3446
3735 2 2 2 2 1961 2812 2813
3736 2 2 2 2 2814 1912 3322
3737 2 2 2 2 163 164 2830
3738 2 2 2 2 273 274 2828
3739 2 2 2 2 2819 2821 2960
3740 2 2 2 2 3135 3136 3414
3741 2 2 2 2 3400 3398 3473
3742 2 2 2 2 1940 2876 2878
3743 2 2 2 2 2810 1961 3436
3744 2 2 2 2 2752 3149 3424
3745 2 2 2 2 135 136 3030
3746 2 2 2 2 2809 1936 2811
3747 2 2 2 2 2726 3415 3466
3748 2 2 2 2 2826 270 3434
3749 2 2 2 2 3101 1911 3102
3750 2 2 2 2 2808 284 3418
3751 2 2 2 2 1944 2851 2852
3752 2 2 2 2 1938 163 2830
3753 2 2 2 2 270 2826 3465
3754 2 2 2 2 2847 1939 3426
3755 2 2 2 2 3134 3135 3408
3756 2 2 2 2 2926 2620 2928
3757 2 2 2 2 3102 1911 3103
3758 2 2 2 2 161 3408 3414
3759 2 2 2 2 3148 2801 3422
3760 2 2 2 2 2939 3417 3458
3761 2 2 2 2 1965 2930 3420
3762 2 2 2 2 142 3401 3425
3763 2 2 2 2 182 183 2880
3764 2 2 2 2 2969 2804 3401
3765 2 2 2 2 284 2808 3497
3766 2 2 2 2 2829 2619 3040
3767 2 2 2 2 1949 2829 3040
3768 2 2 2 2 2494 2601 2929
3769 2 2 2 2 3196 3011 3437
3770 2 2 2 2 3469 3268 3478
3771 2 2 2 2 3084 2806 3365
3772 2 2 2 2 2928 2620 2929
3773 2 2 2 2 3243 2941 3395
3774 2 2 2 2 3468 2464 3471
3775 2 2 2 2 1934 2836 3429
3776 2 2 2 2 3011 3196 3435
3777 2 2 2 2 3365 1954 3449
3778 2 2 2 2 1956 3094 3411
3779 2 2 2 2 3415 2971 3466
3780 2 2 2 2 1925 3469 3478
3781 2 2 2 2 289 2833 3454
3782 2 2 2 2 2833 289 3459
3783 2 2 2 2 1966 3398 3400
3784 2 2 2 2 3023 3022 3345
3785 2 2 2 2 2974 3468 3471
3786 2 2 2 2 2417 3023 3345
3787 2 2 2 2 1912 2934 3322
3788 2 2 2 2 2991 1956 3412
3789 2 2 2 2 3221 3005 3423
3790 2 2 2 2 2620 2494 2929
3791 2 2 2 2 135 3030 3486
3792 2 2 2 2 3417 2716 3458
3793 2 2 2 2 2831 2600 3025
3794 2 2 2 2 1924 2831 3025
3795 2 2 2 2 3452 2452 3457
3796 2 2 2 2 2820 2817 2828
3797 2 2 2 2 3145 2782 3399
3798 2 2 2 2 2819 2820 2821
3799 2 2 2 2 2929 2601 2930
3800 2 2 2 2 3042 1930 3394
3801 2 2 2 2 3230 1964 3392
3802 2 2 2 2 2785 2827 3416
3803 2 2 2 2 2620 2926 3040
3804 2 2 2 2 1972 1971 3029
3805 2 2 2 2 3037 3144 3419
3806 2 2 2 2 2619 2620 3040
3807 2 2 2 2 3443 2537 3450
3808 2 2 2 2 3133 3143 3430
3809 2 2 2 2 2855 2788 3397
3810 2 2 2 2 2861 1972 3029
3811 2 2 2 2 1923 2880 3432
3812 2 2 2 2 48 3470 3479
3813 2 2 2 2 2829 1949 3042
3814 2 2 2 2 3408 3135 3414
3815 2 2 2 2 1914 2807 3418
3816 2 2 2 2 3470 2799 3479
3817 2 2 2 2 3187 1913 3389
3818 2 2 2 2 2762 3102 3103
3819 2 2 2 2 2627 2506 2943
3820 2 2 2 2 3401 2804 3425
3821 2 2 2 2 2827 2785 3453
3822 2 2 2 2 2984 2983 3297
3823 2 2 2 2 2595 2984 3297
3824 2 2 2 2 1974 1972 2861
3825 2 2 2 2 2623 3109 3356
3826 2 2 2 2 2941 3243 3508
3827 2 2 2 2 2835 2178 3077
3828 2 2 2 2 2178 2179 3077
3829 2 2 2 2 2622 2669 2848
3830 2 2 2 2 3122 1910 3427
3831 2 2 2 2 2791 3147 3396
3832 2 2 2 2 3000 3452 3457
3833 2 2 2 2 2025 2026 2868
3834 2 2 2 2 3033 1914 3482
3835 2 2 2 2 1955 3100 3424
3836 2 2 2 2 2762 3103 3104
3837 2 2 2 2 2838 2037 2882
3838 2 2 2 2 2037 2038 2882
3839 2 2 2 2 2932 1963 3423
3840 2 2 2 2 2041 2870 3173
3841 2 2 2 2 2041 2042 2870
3842 2 2 2 2 2798 3067 3402
3843 2 2 2 2 3050 2628 3385
3844 2 2 2 2 1970 3400 3473
3845 2 2 2 2 2865 296 3456
3846 2 2 2 2 2174 2175 3079
3847 2 2 2 2 2049 2840 2889
3848 2 2 2 2 2508 2884 3068
3849 2 2 2 2 2698 2977 3190
3850 2 2 2 2 3022 3025 3345
3851 2 2 2 2 3340 1953 3390
3852 2 2 2 2 1936 2810 3436
3853 2 2 2 2 2630 2631 2963
3854 2 2 2 2 2037 2838 2883
3855 2 2 2 2 3047 3341 3359
3856 2 2 2 2 2002 2000 3315
3857 2 2 2 2 3023 2417 3343
3858 2 2 2 2 296 2865 3474
3859 2 2 2 2 3386 2505 3387
3860 2 2 2 2 1996 1994 3333
3861 2 2 2 2 2856 2085 2858
3862 2 2 2 2 2005 2002 2888
3863 2 2 2 2 2011 2009 2872
3864 2 2 2 2 3230 3392 3498
3865 2 2 2 2 2057 2058 3019
3866 2 2 2 2 2032 2031 3121
3867 2 2 2 2 2015 2850 2906
3868 2 2 2 2 2888 2002 3315
3869 2 2 2 2 2019 2853 2905
3870 2 2 2 2 1940 2878 3460
3871 2 2 2 2 2020 2019 2905
3872 2 2 2 2 2862 2113 2964
3873 2 2 2 2 2497 1974 2861
3874 2 2 2 2 2717 3386 3387
3875 2 2 2 2 2515 2965 3254
3876 2 2 2 2 3232 3048 3233
3877 2 2 2 2 3146 2769 3384
3878 2 2 2 2 2845 2497 2851
3879 2 2 2 2 2219 2849 2964
3880 2 2 2 2 2635 2638 3120
3881 2 2 2 2 2040 2039 3129
3882 2 2 2 2 2638 3118 3120
3883 2 2 2 2 2831 1924 3340
3884 2 2 2 2 2026 2029 2868
3885 2 2 2 2 2029 2837 2868
3886 2 2 2 2 2639 2642 3119
3887 2 2 2 2 2852 3029 3030
3888 2 2 2 2 2061 2885 3354
3889 2 2 2 2 2646 2516 2981
3890 2 2 2 2 2849 2862 2964
3891 2 2 2 2 2182 3076 3077
3892 2 2 2 2 2514 3172 3247
3893 2 2 2 2 2849 2219 3274
3894 2 2 2 2 3076 2182 3078
3895 2 2 2 2 2179 2182 3077
3896 2 2 2 2 2842 2388 2843
3897 2 2 2 2 2038 2041 2882
3898 2 2 2 2 2648 2651 3128
3899 2 2 2 2 2882 2041 3173
3900 2 2 2 2 2889 2840 3099
3901 2 2 2 2 2042 2045 2870
3902 2 2 2 2 2012 2900 3096
3903 2 2 2 2 2048 2047 3141
3904 2 2 2 2 2045 2839 2870
3905 2 2 2 2 2634 3120 3377
3906 2 2 2 2 2901 2304 3096
3907 2 2 2 2 1971 1968 3029
3908 2 2 2 2 2900 2901 3096
3909 2 2 2 2 3025 2600 3345
3910 2 2 2 2 2839 2045 2889
3911 2 2 2 2 2859 1996 3333
3912 2 2 2 2 2657 2660 3140
3913 2 2 2 2 2033 2034 2883
3914 2 2 2 2 3147 2791 3499
3915 2 2 2 2 2921 3443 3450
3916 2 2 2 2 2829 3042 3394
3917 2 2 2 2 2852 2851 2861
3918 2 2 2 2 1998 1996 2859
3919 2 2 2 2 2507 2977 3350
3920 2 2 2 2 2016 2015 2906
3921 2 2 2 2 2869 2674 3317
3922 2 2 2 2 2840 2049 2893
3923 2 2 2 2 2858 2085 2859
3924 2 2 2 2 2943 2623 3356
3925 2 2 2 2 3292 1950 3383
3926 2 2 2 2 2626 2894 2980
3927 2 2 2 2 2303 2869 3317
3928 2 2 2 2 2178 2835 3079
3929 2 2 2 2 2679 3256 3428
3930 2 2 2 2 2848 2669 2977
3931 2 2 2 2 2497 2845 2912
3932 2 2 2 2 2622 2848 3079
3933 2 2 2 2 2868 2627 2943
3934 2 2 2 2 2506 2623 2943
3935 2 2 2 2 1912 2814 3448
3936 2 2 2 2 2061 2062 2885
3937 2 2 2 2 2843 2388 2912
3938 2 2 2 2 2304 2901 3298
3939 2 2 2 2 2701 2893 2894
3940 2 2 2 2 3071 2210 3072
3941 2 2 2 2 2866 2065 2907
3942 2 2 2 2 2015 2011 2872
3943 2 2 2 2 3298 2898 3309
3944 2 2 2 2 2034 2037 2883
3945 2 2 2 2 2219 2923 3274
3946 2 2 2 2 2850 2015 2872
3947 2 2 2 2 2065 2066 2907
3948 2 2 2 2 2853 2019 2906
3949 2 2 2 2 2388 2842 2923
3950 2 2 2 2 2023 2020 2905
3951 2 2 2 2 2874 3010 3332
3952 2 2 2 2 3216 2192 3267
3953 2 2 2 2 2894 2626 3289
3954 2 2 2 2 2965 2862 3254
3955 2 2 2 2 2809 2811 2953
3956 2 2 2 2 2626 2980 2981
3957 2 2 2 2 2072 2075 3370
3958 2 2 2 2 2983 1920 3297
3959 2 2 2 2 2841 1920 3292
3960 2 2 2 2 2516 2626 2981
3961 2 2 2 2 2079 2005 2888
3962 2 2 2 2 2854 2079 2888
3963 2 2 2 2 2634 2635 3120
3964 2 2 2 2 2195 2193 3073
3965 2 2 2 2 2565 3050 3385
3966 2 2 2 2 3104 1960 3422
3967 2 2 2 2 2556 2953 3056
3968 2 2 2 2 3118 2638 3119
3969 2 2 2 2 2638 2639 3119
3970 2 2 2 2 2884 2508 3307
3971 2 2 2 2 2586 2968 3242
3972 2 2 2 2 2085 1998 2859
3973 2 2 2 2 1982 1980 2923
3974 2 2 2 2 2113 2862 2965
3975 2 2 2 2 3172 2625 3335
3976 2 2 2 2 2848 2174 3079
3977 2 2 2 2 2175 2178 3079
3978 2 2 2 2 2837 2029 3352
3979 2 2 2 2 2025 2868 2943
3980 2 2 2 2 2851 2497 2861
3981 2 2 2 2 3127 2647 3128
3982 2 2 2 2 2623 2507 3350
3983 2 2 2 2 2647 2648 3128
3984 2 2 2 2 2963 2634 3377
3985 2 2 2 2 2884 2883 3068
3986 2 2 2 2 2977 2507 3190
3987 2 2 2 2 2698 2848 2977
3988 2 2 2 2 2839 2889 3099
3989 2 2 2 2 1920 2841 3297
3990 2 2 2 2 2631 2634 2963
3991 2 2 2 2 1921 2891 3375
3992 2 2 2 2 2701 2840 2893
3993 2 2 2 2 2905 2630 2963
3994 2 2 2 2 2304 3298 3309
3995 2 2 2 2 2079 2854 3172
3996 2 2 2 2 2984 2595 3362
3997 2 2 2 2 3139 2656 3140
3998 2 2 2 2 2656 2657 3140
3999 2 2 2 2 1922 3196 3437
4000 2 2 2 2 2655 3209 3241
4001 2 2 2 2 2981 2057 3019
4002 2 2 2 2 2766 2763 3104
4003 2 2 2 2 2763 2762 3104
4004 2 2 2 2 3065 2520 3234
4005 2 2 2 2 1978 1976 2912
4006 2 2 2 2 2035 2032 3121
4007 2 2 2 2 2031 3119 3121
4008 2 2 2 2 2062 2065 2885
4009 2 2 2 2 2033 2883 2884
4010 2 2 2 2 2058 2061 3019
4011 2 2 2 2 3321 3072 3376
4012 2 2 2 2 3109 2623 3350
4013 2 2 2 2 3209 2073 3241
4014 2 2 2 2 3187 3389 3495
4015 2 2 2 2 3019 2061 3354
4016 2 2 2 2 3210 2051 3320
4017 2 2 2 2 2668 2879 3008
4018 2 2 2 2 2065 2866 2885
4019 2 2 2 2 2701 2894 3289
4020 2 2 2 2 2019 2016 2906
4021 2 2 2 2 2043 2040 3129
4022 2 2 2 2 2039 3128 3129
4023 2 2 2 2 2056 2055 2966
4024 2 2 2 2 3307 2837 3352
4025 2 2 2 2 2000 2085 3315
4026 2 2 2 2 2821 2820 2822
4027 2 2 2 2 2069 3209 3304
4028 2 2 2 2 2066 2069 2907
4029 2 2 2 2 3048 3232 3302
4030 2 2 2 2 2073 2887 3241
4031 2 2 2 2 2030 2033 3352
4032 2 2 2 2 3341 2965 3359
4033 2 2 2 2 2625 2872 3335
4034 2 2 2 2 2782 3145 3509
4035 2 2 2 2 2892 3262 3358
4036 2 2 2 2 2080 2083 3059
4037 2 2 2 2 2514 2625 3172
4038 2 2 2 2 3172 2854 3247
4039 2 2 2 2 2884 3307 3352
4040 2 2 2 2 2968 2586 3286
4041 2 2 2 2 3064 3065 3234
4042 2 2 2 2 2085 2856 3315
4043 2 2 2 2 2047 3140 3141
4044 2 2 2 2 3119 2642 3121
4045 2 2 2 2 2879 2877 3008
4046 2 2 2 2 2210 3071 3073
4047 2 2 2 2 2051 2048 3141
4048 2 2 2 2 2090 3048 3302
4049 2 2 2 2 2846 1944 3439
4050 2 2 2 2 2877 2426 3008
4051 2 2 2 2 2907 2069 3304
4052 2 2 2 2 1994 2090 3333
4053 2 2 2 2 2664 2881 3061
4054 2 2 2 2 3048 3047 3359
4055 2 2 2 2 2193 2210 3073
4056 2 2 2 2 3128 2651 3129
4057 2 2 2 2 2845 2843 2912
4058 2 2 2 2 3306 2863 3313
4059 2 2 2 2 2051 3141 3320
4060 2 2 2 2 2646 2981 3019
4061 2 2 2 2 2647 3127 3328
4062 2 2 2 2 2881 2063 3061
4063 2 2 2 2 2872 2009 3335
4064 2 2 2 2 2898 2003 3309
4065 2 2 2 2 2003 2898 3310
4066 2 2 2 2 3310 2869 3311
4067 2 2 2 2 2670 3210 3320
4068 2 2 2 2 2875 2426 2877
4069 2 2 2 2 2834 3306 3313
4070 2 2 2 2 2670 3010 3210
4071 2 2 2 2 2656 3139 3324
4072 2 2 2 2 3140 2660 3141
4073 2 2 2 2 2863 2430 3313
4074 2 2 2 2 2893 2053 2894
4075 2 2 2 2 2003 3310 3311
4076 2 2 2 2 3209 2655 3304
4077 2 2 2 2 2426 2875 2886
4078 2 2 2 2 3072 2210 3216
4079 2 2 2 2 2564 2442 3068
4080 2 2 2 2 3054 2587 3242
4081 2 2 2 2 2430 2863 3321
4082 2 2 2 2 2035 3121 3328
4083 2 2 2 2 2090 3302 3333
4084 2 2 2 2 2831 3340 3390
4085 2 2 2 2 2043 3129 3324
4086 2 2 2 2 2875 2677 2886
4087 2 2 2 2 3127 2035 3328
4088 2 2 2 2 2587 2586 3242
4089 2 2 2 2 3139 2043 3324
4090 2 2 2 2 2869 2303 3311
4091 2 2 2 2 2212 2993 3295
4092 2 2 2 2 2674 2952 3317
4093 2 2 2 2 2091 2892 3358
4094 2 2 2 2 2930 2601 3364
4095 2 2 2 2 2219 1982 2923
4096 2 2 2 2 2995 2568 2997
4097 2 2 2 2 2711 3216 3267
4098 2 2 2 2 3010 2670 3332
4099 2 2 2 2 2556 2809 2953
4100 2 2 2 2 1980 2388 2923
4101 2 2 2 2 2997 2568 3214
4102 2 2 2 2 3065 3329 3331
4103 2 2 2 2 2953 2433 3056
4104 2 2 2 2 2952 2593 3334
4105 2 2 2 2 2210 2192 3216
4106 2 2 2 2 3233 3048 3359
4107 2 2 2 2 2923 2842 3274
4108 2 2 2 2 1976 2497 2912
4109 2 2 2 2 2961 2824 3500
4110 2 2 2 2 3329 3073 3331
4111 2 2 2 2 2965 2515 3359
4112 2 2 2 2 2388 1978 2912
4113 2 2 2 2 2841 3292 3383
4114 2 2 2 2 2033 2884 3352
4115 2 2 2 2 2897 3298 3357
4116 2 2 2 2 2995 1931 3276
4117 2 2 2 2 2813 2812 3391
4118 2 2 2 2 3009 2242 3194
4119 2 2 2 2 3317 2952 3334
4120 2 2 2 2 2195 3073 3329
4121 2 2 2 2 2075 3059 3370
4122 2 2 2 2 2874 2966 3010
4123 2 2 2 2 2593 2592 3373
4124 2 2 2 2 2059 2056 2966
4125 2 2 2 2 2045 2046 2889
4126 2 2 2 2 2935 2412 2936
4127 2 2 2 2 2046 2049 2889
4128 2 2 2 2 2491 2490 2908
4129 2 2 2 2 2966 2055 3010
4130 2 2 2 2 2568 2995 3276
4131 2 2 2 2 2788 2491 2908
4132 2 2 2 2 2873 2059 2966
4133 2 2 2 2 2490 2890 2908
4134 2 2 2 2 2059 2873 3061
4135 2 2 2 2 2475 2896 2899
4136 2 2 2 2 2890 2490 2895
4137 2 2 2 2 3054 2996 3374
4138 2 2 2 2 2075 2080 3059
4139 2 2 2 2 3196 1962 3435
4140 2 2 2 2 2596 2484 3360
4141 2 2 2 2 2676 2890 2895
4142 2 2 2 2 2083 2412 3059
4143 2 2 2 2 2642 2643 3328
4144 2 2 2 2 2894 2053 2980
4145 2 2 2 2 2896 2475 2902
4146 2 2 2 2 2182 2183 3078
4147 2 2 2 2 2936 2412 3007
4148 2 2 2 2 2767 2801 2910
4149 2 2 2 2 2183 2186 3078
4150 2 2 2 2 2873 2664 3061
4151 2 2 2 2 2049 2050 2893
4152 2 2 2 2 2050 2053 2893
4153 2 2 2 2 2505 3076 3387
4154 2 2 2 2 2430 3321 3376
4155 2 2 2 2 2676 2895 2913
4156 2 2 2 2 2520 3065 3331
4157 2 2 2 2 2680 2896 2902
4158 2 2 2 2 2772 2914 2915
4159 2 2 2 2 2968 2967 3242
4160 2 2 2 2 2886 2677 3009
4161 2 2 2 2 3063 3064 3234
4162 2 2 2 2 2063 2881 3200
4163 2 2 2 2 3044 2560 3260
4164 2 2 2 2 2937 2242 3009
4165 2 2 2 2 3044 3200 3259
4166 2 2 2 2 2993 2709 3295
4167 2 2 2 2 2682 2931 2933
4168 2 2 2 2 2858 2859 2860
4169 2 2 2 2 2651 2652 3324
4170 2 2 2 2 2838 2564 3068
4171 2 2 2 2 2442 2508 3068
4172 2 2 2 2 1943 2871 3326
4173 2 2 2 2 3200 2881 3259
4174 2 2 2 2 2680 2902 2922
4175 2 2 2 2 2904 2502 2911
4176 2 2 2 2 3063 2205 3064
4177 2 2 2 2 2682 2683 2931
4178 2 2 2 2 2892 2091 3346
4179 2 2 2 2 2883 2838 3068
4180 2 2 2 2 2904 2767 2910
4181 2 2 2 2 2906 2850 3165
4182 2 2 2 2 2853 2906 3165
4183 2 2 2 2 2945 2205 3063
4184 2 2 2 2 2212 2475 2993
4185 2 2 2 2 2502 2904 2910
4186 2 2 2 2 2835 2622 3079
4187 2 2 2 2 2717 3050 3386
4188 2 2 2 2 2914 2772 3281
4189 2 2 2 2 2628 2900 3385
4190 2 2 2 2 2720 2931 2932
4191 2 2 2 2 2783 2785 3301
4192 2 2 2 2 2242 2937 3236
4193 2 2 2 2 2073 2072 3370
4194 2 2 2 2 1931 74 2909
4195 2 2 2 2 3262 2596 3358
4196 2 2 2 2 2916 2914 3281
4197 2 2 2 2 2886 3009 3194
4198 2 2 2 2 2398 2337 2911
4199 2 2 2 2 2560 3044 3259
4200 2 2 2 2 2852 2861 3029
4201 2 2 2 2 2023 2905 2963
4202 2 2 2 2 1931 2909 3276
4203 2 2 2 2 2428 2433 3372
4204 2 2 2 2 3015 3016 3336
4205 2 2 2 2 2091 1985 3346
4206 2 2 2 2 2302 2933 2986
4207 2 2 2 2 2229 2233 2987
4208 2 2 2 2 2113 2965 3341
4209 2 2 2 2 2933 2302 3110
4210 2 2 2 2 2521 3062 3063
4211 2 2 2 2 2945 2944 3273
4212 2 2 2 2 2201 2200 3064
4213 2 2 2 2 2913 2216 2950
4214 2 2 2 2 2601 2962 3364
4215 2 2 2 2 2029 2030 3352
4216 2 2 2 2 2205 2945 3273
4217 2 2 2 2 2821 2822 2823
4218 2 2 2 2 77 1968 1971
4219 2 2 2 2 3260 2560 3270
4220 2 2 2 2 2502 2398 2911
4221 2 2 2 2 1933 3067 3404
4222 2 2 2 2 2666 3205 3325
4223 2 2 2 2 2205 2201 3064
4224 2 2 2 2 2225 2229 3045
4225 2 2 2 2 2216 2913 3158
4226 2 2 2 2 2897 2898 3298
4227 2 2 2 2 2916 2334 3051
4228 2 2 2 2 3121 2642 3328
4229 2 2 2 2 2229 2987 3045
4230 2 2 2 2 2475 2899 2993
4231 2 2 2 2 2682 2933 3110
4232 2 2 2 2 53 1970 2924
4233 2 2 2 2 33 1947 2917
4234 2 2 2 2 2124 2946 3051
4235 2 2 2 2 2977 2669 3350
4236 2 2 2 2 2913 2895 3158
4237 2 2 2 2 3203 2596 3360
4238 2 2 2 2 1988 2113 3341
4239 2 2 2 2 2334 2916 3281
4240 2 2 2 2 3039 3293 3294
4241 2 2 2 2 3016 3260 3270
4242 2 2 2 2 2950 2216 2951
4243 2 2 2 2 2524 2676 2913
4244 2 2 2 2 2938 3062 3258
4245 2 2 2 2 1967 2926 2927
4246 2 2 2 2 2946 2916 3051
4247 2 2 2 2 1969 2918 2919
4248 2 2 2 2 2899 2897 3357
4249 2 2 2 2 2899 3357 3366
4250 2 2 2 2 1924 63 3340
4251 2 2 2 2 2106 2103 2982
4252 2 2 2 2 2917 1947 2921
4253 2 2 2 2 2302 2986 2987
4254 2 2 2 2 3117 2257 3316
4255 2 2 2 2 2213 2358 3052
4256 2 2 2 2 1926 2998 3054
4257 2 2 2 2 3237 2253 3323
4258 2 2 2 2 3129 2651 3324
4259 2 2 2 2 3017 2581 3125
4260 2 2 2 2 1926 71 2998
4261 2 2 2 2 2530 2593 3252
4262 2 2 2 2 3105 2261 3300
4263 2 2 2 2 2993 2899 3366
4264 2 2 2 2 2524 2913 2950
4265 2 2 2 2 2951 2106 2982
4266 2 2 2 2 2521 3063 3234
4267 2 2 2 2 57 1949 2925
4268 2 2 2 2 2111 2106 2951
4269 2 2 2 2 3022 3024 3025
4270 2 2 2 2 3062 2521 3258
4271 2 2 2 2 2593 2952 3252
4272 2 2 2 2 2233 2302 2987
4273 2 2 2 2 3064 2200 3065
4274 2 2 2 2 2902 2903 2922
4275 2 2 2 2 2931 2683 2932
4276 2 2 2 2 2358 2922 3052
4277 2 2 2 2 2919 2918 2920
4278 2 2 2 2 2858 2860 3288
4279 2 2 2 2 74 75 2909
4280 2 2 2 2 2265 2266 3285
4281 2 2 2 2 2577 2940 2941
4282 2 2 2 2 2383 2380 2938
4283 2 2 2 2 1946 1971 1972
4284 2 2 2 2 3007 2095 3347
4285 2 2 2 2 2817 1937 3467
4286 2 2 2 2 2967 1926 3242
4287 2 2 2 2 2927 2926 2928
4288 2 2 2 2 2479 2680 2922
4289 2 2 2 2 2358 2479 2922
4290 2 2 2 2 2931 2527 2933
4291 2 2 2 2 2937 2532 3236
4292 2 2 2 2 1969 2917 2918
4293 2 2 2 2 2911 2337 3263
4294 2 2 2 2 3028 2255 3189
4295 2 2 2 2 2577 2575 2940
4296 2 2 2 2 2473 2366 2956
4297 2 2 2 2 2942 2603 2956
4298 2 2 2 2 2947 1948 2949
4299 2 2 2 2 2922 2903 3052
4300 2 2 2 2 2269 2270 3271
4301 2 2 2 2 35 1932 2939
4302 2 2 2 2 2087 2089 3007
4303 2 2 2 2 3027 3028 3189
4304 2 2 2 2 2265 3003 3126
4305 2 2 2 2 2227 2225 3045
4306 2 2 2 2 3043 3044 3260
4307 2 2 2 2 1967 2925 2926
4308 2 2 2 2 2686 2892 3346
4309 2 2 2 2 2539 2679 2959
4310 2 2 2 2 2331 2150 3223
4311 2 2 2 2 2944 2325 3273
4312 2 2 2 2 2926 2925 3040
4313 2 2 2 2 42 1919 2973
4314 2 2 2 2 3003 2756 3126
4315 2 2 2 2 2528 3017 3125
4316 2 2 2 2 1949 58 3042
4317 2 2 2 2 2273 2274 3249
4318 2 2 2 2 2684 2950 2951
4319 2 2 2 2 1969 32 2917
4320 2 2 2 2 51 1948 2947
4321 2 2 2 2 38 1927 3001
4322 2 2 2 2 2216 2111 2951
4323 2 2 2 2 2769 3146 3493
4324 2 2 2 2 3293 2359 3294
4325 2 2 2 2 2433 2953 2954
4326 2 2 2 2 2103 2105 2982
4327 2 2 2 2 77 78 1968
4328 2 2 2 2 31 32 1969
4329 2 2 2 2 2973 1919 2974
4330 2 2 2 2 1920 67 3292
4331 2 2 2 2 2231 2227 3246
4332 2 2 2 2 2960 2331 3223
4333 2 2 2 2 2643 2647 3328
4334 2 2 2 2 2380 2378 2938
4335 2 2 2 2 1946 76 1971
4336 2 2 2 2 55 56 1967
4337 2 2 2 2 2933 2527 2986
4338 2 2 2 2 2395 2614 2962
4339 2 2 2 2 3288 2860 3291
4340 2 2 2 2 2587 3054 3374
4341 2 2 2 2 1967 56 2925
4342 2 2 2 2 53 54 1970
4343 2 2 2 2 2972 2973 2974
4344 2 2 2 2 2528 3015 3017
4345 2 2 2 2 2946 2124 3184
4346 2 2 2 2 2988 2989 2990
4347 2 2 2 2 2412 2935 3059
4348 2 2 2 2 2536 2539 2959
4349 2 2 2 2 2277 2278 3222
4350 2 2 2 2 2683 2500 3322
4351 2 2 2 2 2855 3397 3504
4352 2 2 2 2 2603 2473 2956
4353 2 2 2 2 2994 1931 2995
4354 2 2 2 2 2382 2395 2962
4355 2 2 2 2 2366 2419 2956
4356 2 2 2 2 3022 3020 3024
4357 2 2 2 2 2101 2104 2957
4358 2 2 2 2 2925 1949 3040
4359 2 2 2 2 3003 2265 3285
4360 2 2 2 2 2979 2269 3271
4361 2 2 2 2 2327 2325 2944
4362 2 2 2 2 2433 2954 3372
4363 2 2 2 2 1948 52 2924
4364 2 2 2 2 2976 2273 3249
4365 2 2 2 2 2308 2958 3166
4366 2 2 2 2 2412 2087 3007
4367 2 2 2 2 1950 2967 2968
4368 2 2 2 2 71 72 2998
4369 2 2 2 2 2440 2468 2989
4370 2 2 2 2 3205 2712 3325
4371 2 2 2 2 2652 2656 3324
4372 2 2 2 2 2535 2534 2536
4373 2 2 2 2 73 1931 2994
4374 2 2 2 2 2076 2078 3014
4375 2 2 2 2 2113 1986 2964
4376 2 2 2 2 2958 2308 3074
4377 2 2 2 2 3020 61 3024
4378 2 2 2 2 2760 3105 3300
4379 2 2 2 2 2978 2277 3222
4380 2 2 2 2 2578 2786 2871
4381 2 2 2 2 2383 2938 3258
4382 2 2 2 2 1976 1974 2497
4383 2 2 2 2 3073 3071 3331
4384 2 2 2 2 2468 2519 2989
4385 2 2 2 2 2684 2522 2950
4386 2 2 2 2 3016 3270 3336
4387 2 2 2 2 1941 2947 2948
4388 2 2 2 2 2328 2240 3236
4389 2 2 2 2 2144 3004 3074
4390 2 2 2 2 2528 3014 3015
4391 2 2 2 2 1953 2983 2984
4392 2 2 2 2 2483 2596 3262
4393 2 2 2 2 2684 2951 2982
4394 2 2 2 2 3014 2078 3015
4395 2 2 2 2 1947 34 2939
4396 2 2 2 2 2079 3172 3335
4397 2 2 2 2 2522 2524 2950
4398 2 2 2 2 3137 2285 3157
4399 2 2 2 2 3004 2958 3074
4400 2 2 2 2 2736 3137 3157
4401 2 2 2 2 2575 2578 2940
4402 2 2 2 2 2536 2534 2538
4403 2 2 2 2 1973 1972 1974
4404 2 2 2 2 2533 2532 2534
4405 2 2 2 2 3291 2860 3302
4406 2 2 2 2 2844 2846 2847
4407 2 2 2 2 2240 2242 3236
4408 2 2 2 2 1946 1972 1973
4409 2 2 2 2 1927 39 2970
4410 2 2 2 2 2089 2095 3007
4411 2 2 2 2 1950 69 2967
4412 2 2 2 2 2285 2286 3198
4413 2 2 2 2 3131 3130 3215
4414 2 2 2 2 2764 3117 3316
4415 2 2 2 2 75 76 1946
4416 2 2 2 2 33 34 1947
4417 2 2 2 2 3078 2186 3330
4418 2 2 2 2 3113 3112 3201
4419 2 2 2 2 2577 2941 2942
4420 2 2 2 2 3062 2945 3063
4421 2 2 2 2 2948 2947 2949
4422 2 2 2 2 2214 2320 3046
4423 2 2 2 2 2536 2538 2539
4424 2 2 2 2 2381 2380 2382
4425 2 2 2 2 2727 2728 2969
4426 2 2 2 2 1930 3020 3021
4427 2 2 2 2 2459 2597 2975
4428 2 2 2 2 2099 2101 2957
4429 2 2 2 2 3157 2285 3198
4430 2 2 2 2 2208 2213 3052
4431 2 2 2 2 2227 3045 3246
4432 2 2 2 2 3263 2249 3305
4433 2 2 2 2 2357 2214 3046
4434 2 2 2 2 76 77 1971
4435 2 2 2 2 2768 3237 3323
4436 2 2 2 2 1926 3054 3242
4437 2 2 2 2 2477 2668 3008
4438 2 2 2 2 2918 2917 2921
4439 2 2 2 2 2578 2871 2940
4440 2 2 2 2 2996 2995 2997
4441 2 2 2 2 2378 2529 2938
4442 2 2 2 2 1953 65 2983
4443 2 2 2 2 41 42 2973
4444 2 2 2 2 3107 3106 3197
4445 2 2 2 2 1932 2999 3000
4446 2 2 2 2 2537 2536 2959
4447 2 2 2 2 1952 45 2985
4448 2 2 2 2 2932 2683 2934
4449 2 2 2 2 2382 2383 2395
4450 2 2 2 2 2379 2378 2380
4451 2 2 2 2 52 53 2924
4452 2 2 2 2 2378 2376 2529
4453 2 2 2 2 2105 2109 3111
4454 2 2 2 2 2382 2380 2383
4455 2 2 2 2 2279 3113 3201
4456 2 2 2 2 3298 2901 3357
4457 2 2 2 2 2494 2424 2601
4458 2 2 2 2 1941 50 2947
4459 2 2 2 2 1919 43 2992
4460 2 2 2 2 2601 2424 2962
4461 2 2 2 2 2391 2343 3013
4462 2 2 2 2 3124 3123 3228
4463 2 2 2 2 2275 3131 3215
4464 2 2 2 2 2424 2382 2962
4465 2 2 2 2 51 52 1948
4466 2 2 2 2 2824 2825 3500
4467 2 2 2 2 2337 2244 3263
4468 2 2 2 2 2997 3214 3348
4469 2 2 2 2 3021 3022 3023
4470 2 2 2 2 2283 3107 3197
4471 2 2 2 2 2399 2477 3008
4472 2 2 2 2 3024 1924 3025
4473 2 2 2 2 2821 2823 2824
4474 2 2 2 2 2499 2790 3031
4475 2 2 2 2 1986 1984 2964
4476 2 2 2 2 3012 2455 3013
4477 2 2 2 2 2335 3006 3193
4478 2 2 2 2 2989 2519 2990
4479 2 2 2 2 2539 2677 2678
4480 2 2 2 2 2081 2076 3014
4481 2 2 2 2 1984 2219 2964
4482 2 2 2 2 1980 1978 2388
4483 2 2 2 2 2255 3028 3207
4484 2 2 2 2 2864 2615 2865
4485 2 2 2 2 2289 2290 3183
4486 2 2 2 2 2678 2875 2876
4487 2 2 2 2 2982 2105 3111
4488 2 2 2 2 2455 2391 3013
4489 2 2 2 2 2539 2678 2679
4490 2 2 2 2 2377 2376 2378
4491 2 2 2 2 2124 2121 3184
4492 2 2 2 2 2557 3026 3060
4493 2 2 2 2 32 33 2917
4494 2 2 2 2 3016 2078 3018
4495 2 2 2 2 2535 2536 2537
4496 2 2 2 2 3142 2289 3183
4497 2 2 2 2 2994 2995 2996
4498 2 2 2 2 2534 2532 2937
4499 2 2 2 2 2970 1951 2971
4500 2 2 2 2 73 74 1931
4501 2 2 2 2 35 36 1932
4502 2 2 2 2 1932 36 2999
4503 2 2 2 2 2731 2802 2804
4504 2 2 2 2 2363 2483 3053
4505 2 2 2 2 2876 2877 2878
4506 2 2 2 2 2217 2338 2366
4507 2 2 2 2 2499 3031 3041
4508 2 2 2 2 57 58 1949
4509 2 2 2 2 2957 2104 3116
4510 2 2 2 2 2526 2720 3005
4511 2 2 2 2 3026 2251 3060
4512 2 2 2 2 2395 2383 2396
4513 2 2 2 2 2395 2396 2437
4514 2 2 2 2 3092 3091 3180
4515 2 2 2 2 3004 2144 3164
4516 2 2 2 2 2953 2811 2954
4517 2 2 2 2 2150 2308 3223
4518 2 2 2 2 2287 3092 3180
4519 2 2 2 2 3026 3027 3189
4520 2 2 2 2 2109 2117 2217
4521 2 2 2 2 2533 2534 2535
4522 2 2 2 2 2653 3124 3228
4523 2 2 2 2 2376 2327 2944
4524 2 2 2 2 2539 2538 2677
4525 2 2 2 2 1984 1982 2219
4526 2 2 2 2 2438 2440 2989
4527 2 2 2 2 2878 2879 2880
4528 2 2 2 2 2999 37 3001
4529 2 2 2 2 2419 2575 2577
4530 2 2 2 2 2381 2382 2424
4531 2 2 2 2 2421 3035 3036
4532 2 2 2 2 2530 2592 2593
4533 2 2 2 2 2053 2054 2980
4534 2 2 2 2 3021 3020 3022
4535 2 2 2 2 2421 3036 3038
4536 2 2 2 2 2472 2366 2473
4537 2 2 2 2 3027 2666 3028
4538 2 2 2 2 2430 2429 3313
4539 2 2 2 2 2054 2057 2980
4540 2 2 2 2 1930 60 3020
4541 2 2 2 2 2101 2102 2103
4542 2 2 2 2 2614 2437 2615
4543 2 2 2 2 3035 2733 3037
4544 2 2 2 2 2728 2731 2969
4545 2 2 2 2 2003 1999 3309
4546 2 2 2 2 1975 1974 1976
4547 2 2 2 2 2218 2099 2957
4548 2 2 2 2 2678 2677 2875
4549 2 2 2 2 2097 2099 2218
4550 2 2 2 2 2529 2944 2945
4551 2 2 2 2 2523 2603 3002
4552 2 2 2 2 2562 2666 3027
4553 2 2 2 2 2988 2438 2989
4554 2 2 2 2 2347 2330 2399
4555 2 2 2 2 2581 3017 3284
4556 2 2 2 2 2990 2519 2991
4557 2 2 2 2 49 50 1941
4558 2 2 2 2 72 73 2994
4559 2 2 2 2 2239 2241 3039
4560 2 2 2 2 2452 2394 2532
4561 2 2 2 2 2274 2277 3249
4562 2 2 2 2 2360 2416 2530
4563 2 2 2 2 37 38 3001
4564 2 2 2 2 70 1926 2967
4565 2 2 2 2 2844 2845 2846
4566 2 2 2 2 2426 2399 3008
4567 2 2 2 2 2399 2476 2477
4568 2 2 2 2 2270 2273 3271
4569 2 2 2 2 3015 2078 3016
4570 2 2 2 2 1979 1978 1980
4571 2 2 2 2 2104 2103 2106
4572 2 2 2 2 2934 2683 3322
4573 2 2 2 2 2522 2473 2523
4574 2 2 2 2 56 57 2925
4575 2 2 2 2 2237 2231 2330
4576 2 2 2 2 2479 2674 2675
4577 2 2 2 2 2358 2478 2479
4578 2 2 2 2 1930 3021 3394
4579 2 2 2 2 40 1951 2970
4580 2 2 2 2 62 1924 3024
4581 2 2 2 2 2477 2525 2526
4582 2 2 2 2 2529 2945 3062
4583 2 2 2 2 2099 2100 2101
4584 2 2 2 2 2131 2335 3193
4585 2 2 2 2 2278 2281 3222
4586 2 2 2 2 2366 2338 2419
4587 2 2 2 2 2266 2269 3285
4588 2 2 2 2 2876 2875 2877
4589 2 2 2 2 2421 2422 3035
4590 2 2 2 2 2437 2438 2988
4591 2 2 2 2 2379 2380 2381
4592 2 2 2 2 2457 2455 3012
4593 2 2 2 2 2101 2103 2104
4594 2 2 2 2 2530 2416 2592
4595 2 2 2 2 2692 3108 3109
4596 2 2 2 2 59 60 1930
4597 2 2 2 2 3184 2332 3235
4598 2 2 2 2 2677 2538 3009
4599 2 2 2 2 3043 2067 3044
4600 2 2 2 2 2991 2519 3093
4601 2 2 2 2 2614 2615 2864
4602 2 2 2 2 75 1946 2909
4603 2 2 2 2 2597 2457 3012
4604 2 2 2 2 1981 1980 1982
4605 2 2 2 2 2241 2386 3039
4606 2 2 2 2 2771 3251 3264
4607 2 2 2 2 2107 2106 2111
4608 2 2 2 2 2217 2366 2472
4609 2 2 2 2 2213 2357 2358
4610 2 2 2 2 2281 3137 3211
4611 2 2 2 2 2731 2804 2969
4612 2 2 2 2 2668 2526 3005
4613 2 2 2 2 1988 1986 2113
4614 2 2 2 2 34 35 2939
4615 2 2 2 2 2468 2480 2493
4616 2 2 2 2 50 51 2947
4617 2 2 2 2 1977 1976 1978
4618 2 2 2 2 2112 2111 2114
4619 2 2 2 2 2433 2367 3056
4620 2 2 2 2 2395 2437 2614
4621 2 2 2 2 46 1925 2985
4622 2 2 2 2 2440 2467 2468
4623 2 2 2 2 66 1920 2983
4624 2 2 2 2 2386 2580 3039
4625 2 2 2 2 1983 1982 1984
4626 2 2 2 2 70 71 1926
4627 2 2 2 2 1985 1984 1986
4628 2 2 2 2 2527 2525 2986
4629 2 2 2 2 2524 2523 2613
4630 2 2 2 2 2419 2577 2956
4631 2 2 2 2 38 39 1927
4632 2 2 2 2 2437 2396 2438
4633 2 2 2 2 2673 2480 3070
4634 2 2 2 2 2675 2674 2869
4635 2 2 2 2 2479 2478 2674
4636 2 2 2 2 2472 2473 2522
4637 2 2 2 2 2104 2106 2107
4638 2 2 2 2 2680 2675 2681
4639 2 2 2 2 2217 2117 2338
4640 2 2 2 2 2580 2718 2719
4641 2 2 2 2 2526 2527 2720
4642 2 2 2 2 2097 2098 2099
4643 2 2 2 2 2399 2330 2476
4644 2 2 2 2 2878 2877 2879
4645 2 2 2 2 2078 2074 3018
4646 2 2 2 2 3334 2593 3373
4647 2 2 2 2 2461 2459 2975
4648 2 2 2 2 2493 2671 2672
4649 2 2 2 2 2320 2360 3046
4650 2 2 2 2 2358 2357 2478
4651 2 2 2 2 2368 2423 3083
4652 2 2 2 2 44 1952 2992
4653 2 2 2 2 2477 2476 2525
4654 2 2 2 2 2229 2230 2233
4655 2 2 2 2 2347 2399 2426
4656 2 2 2 2 2523 2473 2603
4657 2 2 2 2 2330 2231 3246
4658 2 2 2 2 1987 1986 1988
4659 2 2 2 2 2676 2613 2777
4660 2 2 2 2 2107 2111 2112
4661 2 2 2 2 2525 2685 2986
4662 2 2 2 2 3046 2530 3252
4663 2 2 2 2 2463 2461 2598
4664 2 2 2 2 2689 2693 3041
4665 2 2 2 2 68 69 1950
4666 2 2 2 2 2613 2523 3002
4667 2 2 2 2 2658 3115 3181
4668 2 2 2 2 2615 2437 2988
4669 2 2 2 2 2480 2467 3070
4670 2 2 2 2 2463 2598 2602
4671 2 2 2 2 2468 2467 2480
4672 2 2 2 2 2233 2234 2235
4673 2 2 2 2 2971 1951 2972
4674 2 2 2 2 2221 2220 2222
4675 2 2 2 2 2068 2067 3043
4676 2 2 2 2 2104 2107 3116
4677 2 2 2 2 2281 3211 3222
4678 2 2 2 2 2225 2224 2229
4679 2 2 2 2 2896 2681 2897
4680 2 2 2 2 2017 3108 3153
4681 2 2 2 2 2223 2222 2224
4682 2 2 2 2 40 41 1951
4683 2 2 2 2 2768 2904 3305
4684 2 2 2 2 2308 3166 3223
4685 2 2 2 2 2084 2081 2220
4686 2 2 2 2 2115 2114 2118
4687 2 2 2 2 2333 3089 3160
4688 2 2 2 2 2286 2289 3198
4689 2 2 2 2 2519 2493 3093
4690 2 2 2 2 2495 2727 3011
4691 2 2 2 2 3056 2367 3058
4692 2 2 2 2 2386 2485 2580
4693 2 2 2 2 3108 2692 3153
4694 2 2 2 2 2526 2525 2527
4695 2 2 2 2 1983 1984 1985
4696 2 2 2 2 2946 3184 3235
4697 2 2 2 2 2493 2480 2671
4698 2 2 2 2 46 47 1925
4699 2 2 2 2 3232 3291 3302
4700 2 2 2 2 2897 2681 2898
4701 2 2 2 2 2103 2102 2105
4702 2 2 2 2 2598 2461 2975
4703 2 2 2 2 62 63 1924
4704 2 2 2 2 2936 3007 3347
4705 2 2 2 2 2890 2777 2891
4706 2 2 2 2 64 65 1953
4707 2 2 2 2 3031 2689 3041
4708 2 2 2 2 66 67 1920
4709 2 2 2 2 1985 1986 1987
4710 2 2 2 2 2459 2457 2597
4711 2 2 2 2 2450 2495 2733
4712 2 2 2 2 2125 2124 3051
4713 2 2 2 2 2107 2318 3116
4714 2 2 2 2 2177 2176 3152
4715 2 2 2 2 1989 1988 1990
4716 2 2 2 2 2222 2220 2528
4717 2 2 2 2 2237 2330 2347
4718 2 2 2 2 2477 2526 2668
4719 2 2 2 2 2242 2238 3194
4720 2 2 2 2 2071 2068 3043
4721 2 2 2 2 44 45 1952
4722 2 2 2 2 2119 2118 2332
4723 2 2 2 2 2422 2450 3035
4724 2 2 2 2 2672 2671 2863
4725 2 2 2 2 2392 2490 2491
4726 2 2 2 2 3093 2672 3094
4727 2 2 2 2 1979 1980 1981
4728 2 2 2 2 2332 2364 2392
4729 2 2 2 2 1987 1988 1989
4730 2 2 2 2 2773 2788 2855
4731 2 2 2 2 2522 2523 2524
4732 2 2 2 2 3112 3107 3201
4733 2 2 2 2 3130 3113 3215
4734 2 2 2 2 2233 2230 2234
4735 2 2 2 2 2101 2100 2102
4736 2 2 2 2 1981 1982 1983
4737 2 2 2 2 2229 2224 2230
4738 2 2 2 2 2344 2345 3057
4739 2 2 2 2 2112 2114 2115
4740 2 2 2 2 2375 2327 2376
4741 2 2 2 2 2492 2491 2773
4742 2 2 2 2 3137 2736 3211
4743 2 2 2 2 2222 2528 3125
4744 2 2 2 2 3089 2784 3160
4745 2 2 2 2 3098 2305 3161
4746 2 2 2 2 42 43 1919
4747 2 2 2 2 2911 3263 3305
4748 2 2 2 2 2230 2224 3125
4749 2 2 2 2 2555 2344 3057
4750 2 2 2 2 3115 3114 3181
4751 2 2 2 2 2581 2230 3125
4752 2 2 2 2 1991 1990 1992
4753 2 2 2 2 2291 3088 3170
4754 2 2 2 2 2479 2675 2680
4755 2 2 2 2 3036 3035 3037
4756 2 2 2 2 2095 2096 2097
4757 2 2 2 2 3106 3092 3197
4758 2 2 2 2 2468 2493 2519
4759 2 2 2 2 2290 2293 3183
4760 2 2 2 2 2483 2484 2596
4761 2 2 2 2 2500 2398 2501
4762 2 2 2 2 2293 3082 3167
4763 2 2 2 2 3080 2176 3156
4764 2 2 2 2 2559 2562 3027
4765 2 2 2 2 2550 3032 3083
4766 2 2 2 2 2592 2594 2686
4767 2 2 2 2 3057 2427 3188
4768 2 2 2 2 2235 2236 2243
4769 2 2 2 2 2385 2557 3060
4770 2 2 2 2 2261 3126 3300
4771 2 2 2 2 2397 2337 2398
4772 2 2 2 2 2303 1995 3311
4773 2 2 2 2 3018 2071 3043
4774 2 2 2 2 2397 2398 2500
4775 2 2 2 2 2524 2613 2676
4776 2 2 2 2 2673 3071 3072
4777 2 2 2 2 72 2994 2998
4778 2 2 2 2 2127 2125 2128
4779 2 2 2 2 2114 2111 2216
4780 2 2 2 2 2720 2527 2931
4781 2 2 2 2 3018 3043 3260
4782 2 2 2 2 1989 1990 1991
4783 2 2 2 2 3182 2408 3279
4784 2 2 2 2 2300 2301 3058
4785 2 2 2 2 2733 2495 3011
4786 2 2 2 2 2339 2418 3055
4787 2 2 2 2 2803 2843 2844
4788 2 2 2 2 3041 2693 3080
4789 2 2 2 2 2450 2733 3035
4790 2 2 2 2 2680 2681 2896
4791 2 2 2 2 2988 2990 3353
4792 2 2 2 2 2333 3049 3132
4793 2 2 2 2 3220 3124 3226
4794 2 2 2 2 3044 2067 3200
4795 2 2 2 2 2243 2397 3110
4796 2 2 2 2 2123 2121 2124
4797 2 2 2 2 2223 2224 2225
4798 2 2 2 2 1994 1992 2090
4799 2 2 2 2 2109 2217 3111
4800 2 2 2 2 2392 2364 2490
4801 2 2 2 2 1993 1992 1994
4802 2 2 2 2 3085 2017 3153
4803 2 2 2 2 2691 3098 3161
4804 2 2 2 2 1977 1978 1979
4805 2 2 2 2 3237 2768 3305
4806 2 2 2 2 2144 2141 3164
4807 2 2 2 2 2243 2337 2397
4808 2 2 2 2 61 62 3024
4809 2 2 2 2 2115 2118 2119
4810 2 2 2 2 2501 2776 2814
4811 2 2 2 2 2452 2532 2533
4812 2 2 2 2 2076 2074 2078
4813 2 2 2 2 2676 2777 2890
4814 2 2 2 2 1973 1974 1975
4815 2 2 2 2 2332 2118 2364
4816 2 2 2 2 2896 2897 2899
4817 2 2 2 2 2074 2071 3018
4818 2 2 2 2 39 40 2970
4819 2 2 2 2 2221 2222 2223
4820 2 2 2 2 2773 2491 2788
4821 2 2 2 2 1991 1992 1993
4822 2 2 2 2 3075 2835 3077
4823 2 2 2 2 60 61 3020
4824 2 2 2 2 2176 3080 3152
4825 2 2 2 2 2243 2244 2337
4826 2 2 2 2 2233 2235 2302
4827 2 2 2 2 2114 2216 3158
4828 2 2 2 2 3049 2333 3160
4829 2 2 2 2 3164 2340 3191
4830 2 2 2 2 2302 2235 3110
4831 2 2 2 2 2246 2248 2249
4832 2 2 2 2 69 70 2967
4833 2 2 2 2 2673 3070 3071
4834 2 2 2 2 2360 2361 2416
4835 2 2 2 2 2914 2774 2915
4836 2 2 2 2 2529 2376 2944
4837 2 2 2 2 2235 2234 2236
4838 2 2 2 2 2392 2491 2492
4839 2 2 2 2 2377 2378 2379
4840 2 2 2 2 2557 2559 3026
4841 2 2 2 2 36 37 2999
4842 2 2 2 2 3113 2279 3215
4843 2 2 2 2 2123 2124 2125
4844 2 2 2 2 2084 2220 2221
4845 2 2 2 2 3026 2559 3027
4846 2 2 2 2 1995 1994 1996
4847 2 2 2 2 2364 2118 3158
4848 2 2 2 2 3107 2283 3201
4849 2 2 2 2 2397 2682 3110
4850 2 2 2 2 2440 2466 2467
4851 2 2 2 2 2694 3159 3178
4852 2 2 2 2 2501 2502 2776
4853 2 2 2 2 1951 41 2973
4854 2 2 2 2 1993 1994 1995
4855 2 2 2 2 2360 2530 3046
4856 2 2 2 2 3131 2275 3220
4857 2 2 2 2 2814 2776 2836
4858 2 2 2 2 3124 2653 3226
4859 2 2 2 2 2410 2368 3083
4860 2 2 2 2 2562 2665 2666
4861 2 2 2 2 2626 2517 3289
4862 2 2 2 2 2423 2550 3083
4863 2 2 2 2 2890 2891 2908
4864 2 2 2 2 2830 164 3442
4865 2 2 2 2 2895 2364 3158
4866 2 2 2 2 2277 2978 3249
4867 2 2 2 2 2492 2773 2774
4868 2 2 2 2 2400 2421 3038
4869 2 2 2 2 65 66 2983
4870 2 2 2 2 2213 2214 2357
4871 2 2 2 2 3091 3088 3180
4872 2 2 2 2 1997 1996 1998
4873 2 2 2 2 2129 2128 2130
4874 2 2 2 2 2250 2252 2253
4875 2 2 2 2 2372 2400 2427
4876 2 2 2 2 45 46 2985
4877 2 2 2 2 3088 3087 3170
4878 2 2 2 2 2135 2133 2136
4879 2 2 2 2 3081 2180 3169
4880 2 2 2 2 2127 2128 2129
4881 2 2 2 2 2273 2976 3271
4882 2 2 2 2 3251 2335 3264
4883 2 2 2 2 2493 2672 3093
4884 2 2 2 2 2090 3047 3048
4885 2 2 2 2 3342 2686 3346
4886 2 2 2 2 2208 2209 2213
4887 2 2 2 2 2954 2811 2955
4888 2 2 2 2 2181 2180 3081
4889 2 2 2 2 2345 2372 3057
4890 2 2 2 2 1995 1996 1997
4891 2 2 2 2 2014 2017 3085
4892 2 2 2 2 2367 2300 3058
4893 2 2 2 2 2772 2771 3281
4894 2 2 2 2 43 44 2992
4895 2 2 2 2 2131 2130 2335
4896 2 2 2 2 2220 2081 3014
4897 2 2 2 2 2006 2012 3096
4898 2 2 2 2 2217 2472 3111
4899 2 2 2 2 2129 2132 3154
4900 2 2 2 2 1975 1976 1977
4901 2 2 2 2 2798 3066 3067
4902 2 2 2 2 3092 2287 3197
4903 2 2 2 2 2130 2128 2334
4904 2 2 2 2 2301 2316 3058
4905 2 2 2 2 2289 3142 3198
4906 2 2 2 2 2251 3026 3189
4907 2 2 2 2 3055 3080 3156
4908 2 2 2 2 1997 1998 1999
4909 2 2 2 2 1999 1998 2000
4910 2 2 2 2 2363 2470 2483
4911 2 2 2 2 2253 2252 2254
4912 2 2 2 2 2000 1998 2085
4913 2 2 2 2 2708 3182 3279
4914 2 2 2 2 59 1930 3042
4915 2 2 2 2 3131 3220 3226
4916 2 2 2 2 2249 2248 2250
4917 2 2 2 2 2254 2256 2257
4918 2 2 2 2 2938 2529 3062
4919 2 2 2 2 2980 2057 2981
4920 2 2 2 2 2580 2485 2718
4921 2 2 2 2 2438 2439 2440
4922 2 2 2 2 2762 2759 3102
4923 2 2 2 2 2694 3086 3138
4924 2 2 2 2 2243 2236 2244
4925 2 2 2 2 2606 2605 2832
4926 2 2 2 2 2001 2000 2002
4927 2 2 2 2 2427 2400 3038
4928 2 2 2 2 3004 3164 3191
4929 2 2 2 2 2798 2503 3066
4930 2 2 2 2 2429 2410 2605
4931 2 2 2 2 2578 2579 2786
4932 2 2 2 2 3086 2694 3178
4933 2 2 2 2 2004 2002 2005
4934 2 2 2 2 2293 2294 3082
4935 2 2 2 2 2665 2873 2874
4936 2 2 2 2 2127 2129 3154
4937 2 2 2 2 2503 2488 3066
4938 2 2 2 2 2731 2732 2802
4939 2 2 2 2 2556 2604 2809
4940 2 2 2 2 1999 2000 2001
4941 2 2 2 2 2418 2499 3055
4942 2 2 2 2 3039 2580 3293
4943 2 2 2 2 3132 3049 3163
4944 2 2 2 2 2135 2136 2137
4945 2 2 2 2 2429 2605 2606
4946 2 2 2 2 2126 2125 2127
4947 2 2 2 2 2554 2555 2556
4948 2 2 2 2 2001 2002 2004
4949 2 2 2 2 3080 2693 3152
4950 2 2 2 2 2562 2664 2665
4951 2 2 2 2 2099 2098 2100
4952 2 2 2 2 2004 2005 2006
4953 2 2 2 2 2517 2406 3098
4954 2 2 2 2 2004 2006 3096
4955 2 2 2 2 3114 2263 3212
4956 2 2 2 2 2136 3193 3206
4957 2 2 2 2 2809 2604 2810
4958 2 2 2 2 2320 2322 2360
4959 2 2 2 2 2556 2555 2604
4960 2 2 2 2 2006 2005 2007
4961 2 2 2 2 2557 2558 2559
4962 2 2 2 2 2824 2823 2825
4963 2 2 2 2 2137 2136 2138
4964 2 2 2 2 2552 2835 3075
4965 2 2 2 2 2559 2561 2562
4966 2 2 2 2 3086 2310 3138
4967 2 2 2 2 3123 3115 3228
4968 2 2 2 2 3181 3114 3212
4969 2 2 2 2 2316 2344 2554
4970 2 2 2 2 2122 2121 2123
4971 2 2 2 2 2089 2094 2095
4972 2 2 2 2 2866 2518 2867
4973 2 2 2 2 2180 3152 3169
4974 2 2 2 2 2372 2427 3057
4975 2 2 2 2 2257 2256 2258
4976 2 2 2 2 2501 2398 2502
4977 2 2 2 2 2134 2133 2135
4978 2 2 2 2 2180 2177 3152
4979 2 2 2 2 2340 2365 2420
4980 2 2 2 2 58 59 3042
4981 2 2 2 2 2129 2130 2131
4982 2 2 2 2 2420 2488 2503
4983 2 2 2 2 2184 2181 3081
4984 2 2 2 2 2776 2502 2910
4985 2 2 2 2 2120 2119 2121
4986 2 2 2 2 2258 2261 3105
4987 2 2 2 2 2420 2365 2488
4988 2 2 2 2 2682 2500 2683
4989 2 2 2 2 2293 3167 3183
4990 2 2 2 2 2356 2443 2717
4991 2 2 2 2 2986 2685 2987
4992 2 2 2 2 2516 2406 2517
4993 2 2 2 2 2606 2832 2833
4994 2 2 2 2 2254 2255 2256
4995 2 2 2 2 2139 2138 2340
4996 2 2 2 2 2617 2618 2769
4997 2 2 2 2 2006 2007 2008
4998 2 2 2 2 2434 2552 3075
4999 2 2 2 2 2013 2014 3085
5000 2 2 2 2 2504 2503 2792
5001 2 2 2 2 2168 3132 3163
5002 2 2 2 2 2488 2607 3066
5003 2 2 2 2 2499 3041 3055
5004 2 2 2 2 2665 2874 3205
5005 2 2 2 2 2258 2260 2261
5006 2 2 2 2 2008 2007 2009
5007 2 2 2 2 2554 2344 2555
5008 2 2 2 2 2340 2138 2365
5009 2 2 2 2 2132 2131 2133
5010 2 2 2 2 2867 2518 3182
5011 2 2 2 2 2443 2628 3050
5012 2 2 2 2 2007 2005 2079
5013 2 2 2 2 2250 2251 2252
5014 2 2 2 2 2010 2009 2011
5015 2 2 2 2 2339 3055 3156
5016 2 2 2 2 2294 2297 3082
5017 2 2 2 2 2632 3087 3088
5018 2 2 2 2 2012 2008 3177
5019 2 2 2 2 2246 2247 2248
5020 2 2 2 2 2008 2009 2010
5021 2 2 2 2 2145 2144 3074
5022 2 2 2 2 2257 3105 3316
5023 2 2 2 2 2140 2139 2141
5024 2 2 2 2 2385 2482 2557
5025 2 2 2 2 2767 2766 2801
5026 2 2 2 2 2346 2367 2428
5027 2 2 2 2 2632 2512 3087
5028 2 2 2 2 2010 2011 2013
5029 2 2 2 2 2721 2544 3084
5030 2 2 2 2 2297 2300 2346
5031 2 2 2 2 2257 2258 3105
5032 2 2 2 2 2196 2198 2212
5033 2 2 2 2 2517 3098 3266
5034 2 2 2 2 2793 2792 3095
5035 2 2 2 2 2212 2474 2475
5036 2 2 2 2 2832 2605 3032
5037 2 2 2 2 2653 2650 3226
5038 2 2 2 2 2554 2556 3056
5039 2 2 2 2 2428 2367 2433
5040 2 2 2 2 3108 2021 3109
5041 2 2 2 2 2695 2696 3175
5042 2 2 2 2 2346 2300 2367
5043 2 2 2 2 2261 2260 2262
5044 2 2 2 2 2758 2755 3100
5045 2 2 2 2 2462 2461 2463
5046 2 2 2 2 2758 3100 3101
5047 2 2 2 2 2636 3091 3092
5048 2 2 2 2 2540 2428 2541
5049 2 2 2 2 2137 2138 2139
5050 2 2 2 2 3076 3075 3077
5051 2 2 2 2 2346 2540 3082
5052 2 2 2 2 2636 2633 3091
5053 2 2 2 2 3159 2695 3178
5054 2 2 2 2 2258 2259 2260
5055 2 2 2 2 2368 2341 2423
5056 2 2 2 2 2874 2873 2966
5057 2 2 2 2 2792 2503 2798
5058 2 2 2 2 2791 2498 3097
5059 2 2 2 2 2696 2882 3173
5060 2 2 2 2 2394 2328 3236
5061 2 2 2 2 2140 2141 2142
5062 2 2 2 2 2420 2503 2504
5063 2 2 2 2 2696 3173 3175
5064 2 2 2 2 2316 2554 3058
5065 2 2 2 2 2018 2021 3108
5066 2 2 2 2 2309 2013 2348
5067 2 2 2 2 2142 2141 2143
5068 2 2 2 2 2215 2184 2341
5069 2 2 2 2 2695 3175 3178
5070 2 2 2 2 2157 2156 3090
5071 2 2 2 2 2516 2517 2626
5072 2 2 2 2 2434 2551 2552
5073 2 2 2 2 2375 2376 2377
5074 2 2 2 2 2262 2265 3126
5075 2 2 2 2 2504 2792 2793
5076 2 2 2 2 2013 2011 2014
5077 2 2 2 2 2505 2434 3075
5078 2 2 2 2 2423 2547 2550
5079 2 2 2 2 2121 2119 3184
5080 2 2 2 2 2755 2753 3100
5081 2 2 2 2 2204 2207 2208
5082 2 2 2 2 2423 2546 2547
5083 2 2 2 2 2253 2254 3117
5084 2 2 2 2 2495 2496 2727
5085 2 2 2 2 2472 2684 3111
5086 2 2 2 2 2143 2141 2144
5087 2 2 2 2 2542 2541 2543
5088 2 2 2 2 2512 2405 3087
5089 2 2 2 2 2434 2348 2551
5090 2 2 2 2 2543 2541 2805
5091 2 2 2 2 2552 2553 2622
5092 2 2 2 2 2632 3088 3091
5093 2 2 2 2 2235 2243 3110
5094 2 2 2 2 2297 2346 3082
5095 2 2 2 2 2143 2144 2145
5096 2 2 2 2 2771 3264 3281
5097 2 2 2 2 2261 2262 3126
5098 2 2 2 2 2450 2451 2495
5099 2 2 2 2 2640 3106 3107
5100 2 2 2 2 2141 2139 3164
5101 2 2 2 2 2640 2637 3106
5102 2 2 2 2 2735 2734 3136
5103 2 2 2 2 2745 2800 3122
5104 2 2 2 2 2244 2245 2246
5105 2 2 2 2 2215 2341 2368
5106 2 2 2 2 2162 2336 3089
5107 2 2 2 2 2543 2805 2806
5108 2 2 2 2 2372 2373 2400
5109 2 2 2 2 2265 2264 2266
5110 2 2 2 2 2415 2348 2434
5111 2 2 2 2 2006 2008 2012
5112 2 2 2 2 2633 2632 3091
5113 2 2 2 2 2549 2690 2807
5114 2 2 2 2 2607 2608 2617
5115 2 2 2 2 1992 1990 3047
5116 2 2 2 2 2346 2428 2540
5117 2 2 2 2 2795 2793 2796
5118 2 2 2 2 2149 2148 2150
5119 2 2 2 2 2498 2489 3097
5120 2 2 2 2 2552 2551 2553
5121 2 2 2 2 2665 2664 2873
5122 2 2 2 2 2547 2548 2549
5123 2 2 2 2 2090 1992 3047
5124 2 2 2 2 2765 2763 2766
5125 2 2 2 2 2262 2264 2265
5126 2 2 2 2 2262 2263 2264
5127 2 2 2 2 2014 2015 2016
5128 2 2 2 2 2797 2796 2815
5129 2 2 2 2 2671 2480 2673
5130 2 2 2 2 2017 2018 3108
5131 2 2 2 2 2540 2541 2542
5132 2 2 2 2 1997 1999 2003
5133 2 2 2 2 2014 2011 2015
5134 2 2 2 2 2505 3075 3076
5135 2 2 2 2 2018 2019 2020
5136 2 2 2 2 2266 2268 2269
5137 2 2 2 2 2775 2774 2914
5138 2 2 2 2 2017 2016 2018
5139 2 2 2 2 3088 2291 3180
5140 2 2 2 2 2840 2567 3099
5141 2 2 2 2 2150 2148 2308
5142 2 2 2 2 2622 2553 2669
5143 2 2 2 2 2807 2690 2808
5144 2 2 2 2 2549 2689 2690
5145 2 2 2 2 2271 3123 3124
5146 2 2 2 2 2423 2341 2546
5147 2 2 2 2 2644 2641 3112
5148 2 2 2 2 2001 2004 2304
5149 2 2 2 2 2418 2369 2489
5150 2 2 2 2 2097 2096 2098
5151 2 2 2 2 2151 2150 2331
5152 2 2 2 2 2418 2489 2498
5153 2 2 2 2 2866 2867 2885
5154 2 2 2 2 2021 2020 2022
5155 2 2 2 2 2815 2796 2826
5156 2 2 2 2 2552 2622 2835
5157 2 2 2 2 2339 2369 2418
5158 2 2 2 2 2018 2020 2021
5159 2 2 2 2 2688 2544 2721
5160 2 2 2 2 2644 3112 3113
5161 2 2 2 2 2554 3056 3058
5162 2 2 2 2 2147 2145 2148
5163 2 2 2 2 2163 2333 3132
5164 2 2 2 2 2636 3092 3106
5165 2 2 2 2 2528 2220 3014
5166 2 2 2 2 2271 2268 3123
5167 2 2 2 2 2562 2561 2664
5168 2 2 2 2 2509 2404 2510
5169 2 2 2 2 2018 2016 2019
5170 2 2 2 2 2339 2170 2369
5171 2 2 2 2 2631 2512 2632
5172 2 2 2 2 2134 2135 2305
5173 2 2 2 2 2176 2173 3156
5174 2 2 2 2 2734 2722 3133
5175 2 2 2 2 2800 2744 2830
5176 2 2 2 2 2761 2759 2762
5177 2 2 2 2 2147 2148 2149
5178 2 2 2 2 2010 2013 2309
5179 2 2 2 2 2143 2145 2146
5180 2 2 2 2 2083 2087 2412
5181 2 2 2 2 2305 2135 3161
5182 2 2 2 2 2146 2145 2147
5183 2 2 2 2 3205 2874 3332
5184 2 2 2 2 2268 2267 3123
5185 2 2 2 2 2825 2823 2827
5186 2 2 2 2 2269 2268 2270
5187 2 2 2 2 2631 2632 2633
5188 2 2 2 2 2769 2618 2770
5189 2 2 2 2 2266 2267 2268
5190 2 2 2 2 2415 2434 2505
5191 2 2 2 2 2635 2633 2636
5192 2 2 2 2 2132 2133 2134
5193 2 2 2 2 2589 2471 2590
5194 2 2 2 2 2333 2162 3089
5195 2 2 2 2 2544 2543 3084
5196 2 2 2 2 2262 2260 2263
5197 2 2 2 2 2014 2016 2017
5198 2 2 2 2 2224 2222 3125
5199 2 2 2 2 2162 2160 2336
5200 2 2 2 2 2022 2023 2024
5201 2 2 2 2 2025 2024 2026
5202 2 2 2 2 2722 2721 3133
5203 2 2 2 2 2488 2531 2607
5204 2 2 2 2 2751 2750 2752
5205 2 2 2 2 2489 2609 3097
5206 2 2 2 2 2405 2311 3087
5207 2 2 2 2 2637 2636 3106
5208 2 2 2 2 2790 2498 2791
5209 2 2 2 2 2630 2512 2631
5210 2 2 2 2 2146 2147 2310
5211 2 2 2 2 2511 2405 2512
5212 2 2 2 2 2742 2739 3134
5213 2 2 2 2 2445 2404 2509
5214 2 2 2 2 2559 2558 2561
5215 2 2 2 2 2137 2139 2140
5216 2 2 2 2 2304 2004 3096
5217 2 2 2 2 2717 2443 3050
5218 2 2 2 2 2489 2545 2609
5219 2 2 2 2 2547 2546 2548
5220 2 2 2 2 2542 2543 2544
5221 2 2 2 2 2026 2027 2028
5222 2 2 2 2 2297 2298 2300
5223 2 2 2 2 2022 2020 2023
5224 2 2 2 2 3134 2738 3135
5225 2 2 2 2 2701 2567 2840
5226 2 2 2 2 2795 2796 2797
5227 2 2 2 2 3193 3006 3206
5228 2 2 2 2 2282 2285 3137
5229 2 2 2 2 2022 2024 2025
5230 2 2 2 2 2747 2745 3122
5231 2 2 2 2 2258 2256 2259
5232 2 2 2 2 2739 2738 3134
5233 2 2 2 2 2105 2108 2109
5234 2 2 2 2 2404 2310 3086
5235 2 2 2 2 2029 2028 2030
5236 2 2 2 2 2266 2264 2267
5237 2 2 2 2 2745 2744 2800
5238 2 2 2 2 2340 2420 3191
5239 2 2 2 2 2270 2272 2273
5240 2 2 2 2 2149 2150 2151
5241 2 2 2 2 2635 2636 2637
5242 2 2 2 2 2724 2722 2734
5243 2 2 2 2 2757 2755 2758
5244 2 2 2 2 2351 2310 2404
5245 2 2 2 2 2348 2013 3085
5246 2 2 2 2 2611 2612 2782
5247 2 2 2 2 2171 2170 2339
5248 2 2 2 2 2161 2160 2162
5249 2 2 2 2 2030 2031 2032
5250 2 2 2 2 2026 2024 2027
5251 2 2 2 2 2509 2839 3099
5252 2 2 2 2 2163 2162 2333
5253 2 2 2 2 2026 2028 2029
5254 2 2 2 2 2033 2032 2034
5255 2 2 2 2 2750 2747 3122
5256 2 2 2 2 2634 2633 2635
5257 2 2 2 2 2499 2498 2790
5258 2 2 2 2 2609 2610 2611
5259 2 2 2 2 2538 2937 3009
5260 2 2 2 2 2254 2252 2255
5261 2 2 2 2 2639 2637 2640
5262 2 2 2 2 2400 2401 2421
5263 2 2 2 2 2274 2276 2277
5264 2 2 2 2 2281 2282 3137
5265 2 2 2 2 2640 3107 3112
5266 2 2 2 2 2273 2272 2274
5267 2 2 2 2 2641 2640 3112
5268 2 2 2 2 2169 2168 2170
5269 2 2 2 2 2549 2548 2689
5270 2 2 2 2 2467 2466 2520
5271 2 2 2 2 2030 2028 2031
5272 2 2 2 2 2577 2942 2956
5273 2 2 2 2 2509 2510 2624
5274 2 2 2 2 2179 2177 2180
5275 2 2 2 2 2688 2721 2722
5276 2 2 2 2 2797 2815 2816
5277 2 2 2 2 2030 2032 2033
5278 2 2 2 2 2133 2131 3193
5279 2 2 2 2 2759 2758 3102
5280 2 2 2 2 2810 2604 2812
5281 2 2 2 2 2743 2742 2744
5282 2 2 2 2 2160 2157 3090
5283 2 2 2 2 2737 2735 2738
5284 2 2 2 2 2034 2035 2036
5285 2 2 2 2 2686 2594 2892
5286 2 2 2 2 2543 2806 3084
5287 2 2 2 2 2738 2735 3136
5288 2 2 2 2 2152 2151 2153
5289 2 2 2 2 2123 2125 2126
5290 2 2 2 2 2309 2348 2415
5291 2 2 2 2 2690 2689 3031
5292 2 2 2 2 2310 2147 3138
5293 2 2 2 2 2037 2036 2038
5294 2 2 2 2 2511 2512 2630
5295 2 2 2 2 2038 2039 2040
5296 2 2 2 2 2165 2163 3132
5297 2 2 2 2 2741 2739 2742
5298 2 2 2 2 2126 2127 2306
5299 2 2 2 2 2839 2624 2870
5300 2 2 2 2 2155 2153 2156
5301 2 2 2 2 2034 2036 2037
5302 2 2 2 2 2509 2624 2839
5303 2 2 2 2 2341 2184 3081
5304 2 2 2 2 2031 3118 3119
5305 2 2 2 2 2034 2032 2035
5306 2 2 2 2 2278 2280 2281
5307 2 2 2 2 2639 2640 2641
5308 2 2 2 2 2796 2793 3095
5309 2 2 2 2 2638 2637 2639
5310 2 2 2 2 2649 2645 3130
5311 2 2 2 2 2038 2036 2039
5312 2 2 2 2 2406 2305 3098
5313 2 2 2 2 2168 2165 3132
5314 2 2 2 2 2728 2730 2731
5315 2 2 2 2 2525 2476 2685
5316 2 2 2 2 2460 2459 2461
5317 2 2 2 2 2643 2641 2644
5318 2 2 2 2 2254 2257 3117
5319 2 2 2 2 2270 2271 2272
5320 2 2 2 2 2489 2369 2545
5321 2 2 2 2 2413 2410 2429
5322 2 2 2 2 2267 3115 3123
5323 2 2 2 2 3087 2311 3170
5324 2 2 2 2 2316 2317 2344
5325 2 2 2 2 2277 2276 2278
5326 2 2 2 2 2592 2416 2594
5327 2 2 2 2 2674 2478 2952
5328 2 2 2 2 2282 2284 2285
5329 2 2 2 2 2606 2833 2834
5330 2 2 2 2 2649 3130 3131
5331 2 2 2 2 2749 2747 2750
5332 2 2 2 2 2038 2040 2041
5333 2 2 2 2 2159 2157 2160
5334 2 2 2 2 2642 2641 2643
5335 2 2 2 2 2758 3101 3102
5336 2 2 2 2 2644 3113 3130
5337 2 2 2 2 2609 2545 2610
5338 2 2 2 2 2107 2112 2318
5339 2 2 2 2 2724 2734 2735
5340 2 2 2 2 2155 2156 2157
5341 2 2 2 2 2782 2612 2783
5342 2 2 2 2 2397 2500 2682
5343 2 2 2 2 2794 2793 2795
5344 2 2 2 2 2557 2482 2558
5345 2 2 2 2 2115 2119 2120
5346 2 2 2 2 2631 2633 2634
5347 2 2 2 2 2152 2153 2154
5348 2 2 2 2 2118 2114 3158
5349 2 2 2 2 2175 2173 2176
5350 2 2 2 2 2041 2040 2042
5351 2 2 2 2 2645 2644 3130
5352 2 2 2 2 2028 2027 3118
5353 2 2 2 2 2336 2160 3090
5354 2 2 2 2 2042 2044 2045
5355 2 2 2 2 2611 2610 2612
5356 2 2 2 2 2345 2371 2372
5357 2 2 2 2 2605 2410 3083
5358 2 2 2 2 2042 2043 2044
5359 2 2 2 2 2737 2738 2739
5360 2 2 2 2 2170 2168 3163
5361 2 2 2 2 2643 2644 2645
5362 2 2 2 2 2281 2280 2282
5363 2 2 2 2 2042 2040 2043
5364 2 2 2 2 2647 2645 2648
5365 2 2 2 2 2628 2629 2900
5366 2 2 2 2 2161 2162 2163
5367 2 2 2 2 2270 2268 2271
5368 2 2 2 2 2031 2028 3118
5369 2 2 2 2 2441 2627 2699
5370 2 2 2 2 2146 2310 2351
5371 2 2 2 2 2159 2160 2161
5372 2 2 2 2 2467 2520 3070
5373 2 2 2 2 2418 2498 2499
5374 2 2 2 2 2743 2744 2745
5375 2 2 2 2 2269 2979 3285
5376 2 2 2 2 2625 2513 2850
5377 2 2 2 2 2167 2165 2168
5378 2 2 2 2 2267 3114 3115
5379 2 2 2 2 2635 2637 2638
5380 2 2 2 2 2274 2275 2276
5381 2 2 2 2 3135 2738 3136
5382 2 2 2 2 2128 2125 3051
5383 2 2 2 2 2129 2131 2132
5384 2 2 2 2 2551 2348 3085
5385 2 2 2 2 2185 2184 2215
5386 2 2 2 2 2741 2742 2743
5387 2 2 2 2 2169 2170 2171
5388 2 2 2 2 2648 2645 2649
5389 2 2 2 2 2696 2838 2882
5390 2 2 2 2 2643 2645 2647
5391 2 2 2 2 2617 2608 2618
5392 2 2 2 2 3118 2027 3120
5393 2 2 2 2 2264 2263 3114
5394 2 2 2 2 2154 2153 2155
5395 2 2 2 2 2639 2641 2642
5396 2 2 2 2 2039 3127 3128
5397 2 2 2 2 2036 2035 3127
5398 2 2 2 2 2751 2752 2753
5399 2 2 2 2 2669 2553 2692
5400 2 2 2 2 2179 2180 2181
5401 2 2 2 2 2648 2650 2651
5402 2 2 2 2 2695 2564 2696
5403 2 2 2 2 2148 2145 3074
5404 2 2 2 2 2850 2513 3165
5405 2 2 2 2 2510 2404 3086
5406 2 2 2 2 2687 2544 2688
5407 2 2 2 2 2039 2036 3127
5408 2 2 2 2 2651 2650 2652
5409 2 2 2 2 2149 2151 2152
5410 2 2 2 2 2183 2181 2184
5411 2 2 2 2 2443 2444 2628
5412 2 2 2 2 2545 2369 3163
5413 2 2 2 2 3152 2693 3169
5414 2 2 2 2 2234 2230 2581
5415 2 2 2 2 2274 2272 2275
5416 2 2 2 2 2290 2292 2293
5417 2 2 2 2 2350 2442 2563
5418 2 2 2 2 2152 2154 2694
5419 2 2 2 2 2696 2564 2838
5420 2 2 2 2 2045 2044 2046
5421 2 2 2 2 2826 2796 3095
5422 2 2 2 2 2446 2405 2511
5423 2 2 2 2 2648 2649 2650
5424 2 2 2 2 159 1909 3143
5425 2 2 2 2 158 159 3143
5426 2 2 2 2 174 1934 3148
5427 2 2 2 2 1954 158 3143
5428 2 2 2 2 275 276 3151
5429 2 2 2 2 290 291 1918
5430 2 2 2 2 271 272 1937
5431 2 2 2 2 274 275 1915
5432 2 2 2 2 282 283 1935
5433 2 2 2 2 147 148 1907
5434 2 2 2 2 151 152 1936
5435 2 2 2 2 159 160 1909
5436 2 2 2 2 162 163 1938
5437 2 2 2 2 170 171 1911
5438 2 2 2 2 174 175 1934
5439 2 2 2 2 177 178 1912
5440 2 2 2 2 268 269 1916
5441 2 2 2 2 279 280 1917
5442 2 2 2 2 287 288 1957
5443 2 2 2 2 265 266 1933
5444 2 2 2 2 276 277 1959
5445 2 2 2 2 149 150 1961
5446 2 2 2 2 172 173 1960
5447 2 2 2 2 276 1959 3151
5448 2 2 2 2 1915 275 3151
5449 2 2 2 2 262 263 1913
5450 2 2 2 2 285 286 1914
5451 2 2 2 2 154 155 1908
5452 2 2 2 2 157 158 1954
5453 2 2 2 2 165 166 1910
5454 2 2 2 2 168 169 1955
5455 2 2 2 2 173 174 3148
5456 2 2 2 2 1960 173 3148
5457 2 2 2 2 2563 2564 2695
5458 2 2 2 2 2351 2404 2445
5459 2 2 2 2 2292 2291 3170
5460 2 2 2 2 2226 2225 2227
5461 2 2 2 2 2046 2044 2047
5462 2 2 2 2 2285 2284 2286
5463 2 2 2 2 2853 2630 2905
5464 2 2 2 2 2563 2442 2564
5465 2 2 2 2 2352 2311 2405
5466 2 2 2 2 2757 2758 2759
5467 2 2 2 2 2445 2509 3099
5468 2 2 2 2 2167 2168 2169
5469 2 2 2 2 2723 2722 2724
5470 2 2 2 2 2438 2396 2439
5471 2 2 2 2 2044 2043 3139
5472 2 2 2 2 2749 2750 2751
5473 2 2 2 2 2278 2279 2280
5474 2 2 2 2 2652 2654 2656
5475 2 2 2 2 2699 2627 2837
5476 2 2 2 2 2158 2312 2350
5477 2 2 2 2 2350 2563 3155
5478 2 2 2 2 2047 2044 3139
5479 2 2 2 2 2846 2845 2851
5480 2 2 2 2 2350 2403 2442
5481 2 2 2 2 2152 2694 3138
5482 2 2 2 2 2250 2248 2251
5483 2 2 2 2 2707 2705 2854
5484 2 2 2 2 2158 2157 2159
5485 2 2 2 2 2158 2350 3155
5486 2 2 2 2 3049 2545 3163
5487 2 2 2 2 2155 2157 2158
5488 2 2 2 2 2652 2650 2653
5489 2 2 2 2 3082 2540 3167
5490 2 2 2 2 2551 3085 3153
5491 2 2 2 2 166 167 3150
5492 2 2 2 2 1910 166 3150
5493 2 2 2 2 2697 2312 3162
5494 2 2 2 2 2267 2264 3114
5495 2 2 2 2 2286 2288 2289
5496 2 2 2 2 2120 2121 2122
5497 2 2 2 2 2294 2296 2297
5498 2 2 2 2 278 279 3145
5499 2 2 2 2 279 1917 3145
5500 2 2 2 2 2164 2163 2165
5501 2 2 2 2 2175 2176 2177
5502 2 2 2 2 2278 2276 2279
5503 2 2 2 2 2736 2735 2737
5504 2 2 2 2 2350 2312 2403
5505 2 2 2 2 3155 2563 3159
5506 2 2 2 2 2154 2155 3155
5507 2 2 2 2 2818 2816 2819
5508 2 2 2 2 2783 2784 2785
5509 2 2 2 2 280 281 3147
5510 2 2 2 2 1917 280 3147
5511 2 2 2 2 2563 2695 3159
5512 2 2 2 2 2158 2159 2312
5513 2 2 2 2 2282 2283 2284
5514 2 2 2 2 2155 2158 3155
5515 2 2 2 2 2403 2312 2697
5516 2 2 2 2 2442 2403 2508
5517 2 2 2 2 2694 2154 3159
5518 2 2 2 2 2299 2295 2311
5519 2 2 2 2 167 168 3149
5520 2 2 2 2 168 1955 3149
5521 2 2 2 2 2308 2148 3074
5522 2 2 2 2 2154 3155 3159
5523 2 2 2 2 2684 2982 3111
5524 2 2 2 2 3055 3041 3080
5525 2 2 2 2 2546 2341 3081
5526 2 2 2 2 2490 2364 2895
5527 2 2 2 2 2301 2315 2316
5528 2 2 2 2 2504 2793 2794
5529 2 2 2 2 2740 2739 2741
5530 2 2 2 2 2765 2766 2767
5531 2 2 2 2 2295 2292 3170
5532 2 2 2 2 2746 2745 2747
5533 2 2 2 2 3006 2335 3251
5534 2 2 2 2 2538 2534 2937
5535 2 2 2 2 3028 2666 3325
5536 2 2 2 2 2149 2152 3138
5537 2 2 2 2 2282 2280 2283
5538 2 2 2 2 2123 2126 3199
5539 2 2 2 2 2488 2365 2531
5540 2 2 2 2 2542 2544 2687
5541 2 2 2 2 2688 2722 2723
5542 2 2 2 2 167 3149 3150
5543 2 2 2 2 2440 2439 2466
5544 2 2 2 2 2166 2313 2349
5545 2 2 2 2 2511 2630 2853
5546 2 2 2 2 2139 2340 3164
5547 2 2 2 2 2171 2339 3156
5548 2 2 2 2 2369 2170 3163
5549 2 2 2 2 2172 2171 2173
5550 2 2 2 2 2761 2762 2763
5551 2 2 2 2 3261 2202 3277
5552 2 2 2 2 2441 2506 2627
5553 2 2 2 2 2318 2112 3225
5554 2 2 2 2 2422 2449 2450
5555 2 2 2 2 2349 2402 2441
5556 2 2 2 2 2161 2163 2164
5557 2 2 2 2 2247 2385 3060
5558 2 2 2 2 2353 2314 2702
5559 2 2 2 2 2689 2548 2693
5560 2 2 2 2 2147 2149 3138
5561 2 2 2 2 2783 2612 2784
5562 2 2 2 2 2213 2209 2214
5563 2 2 2 2 2724 2735 2736
5564 2 2 2 2 2164 2165 2166
5565 2 2 2 2 2166 2165 2167
5566 2 2 2 2 2352 2405 2446
5567 2 2 2 2 2610 2545 3049
5568 2 2 2 2 2688 2723 3142
5569 2 2 2 2 2246 2245 2247
5570 2 2 2 2 2240 2238 2242
5571 2 2 2 2 2687 2688 3142
5572 2 2 2 2 2652 2653 2654
5573 2 2 2 2 3032 2605 3083
5574 2 2 2 2 2737 2739 2740
5575 2 2 2 2 2095 2094 2096
5576 2 2 2 2 2300 2298 2301
5577 2 2 2 2 2797 2816 2818
5578 2 2 2 2 2794 2795 2958
5579 2 2 2 2 2837 2627 2868
5580 2 2 2 2 2312 2159 3162
5581 2 2 2 2 2178 2177 2179
5582 2 2 2 2 2723 2724 3157
5583 2 2 2 2 2159 2161 3162
5584 2 2 2 2 2441 2699 3185
5585 2 2 2 2 2173 2171 3156
5586 2 2 2 2 2743 2745 2746
5587 2 2 2 2 2146 2351 3179
5588 2 2 2 2 2506 2402 2507
5589 2 2 2 2 2289 2288 2290
5590 2 2 2 2 2286 2284 2287
5591 2 2 2 2 2349 2313 2402
5592 2 2 2 2 2161 2164 3162
5593 2 2 2 2 2472 2522 2684
5594 2 2 2 2 265 1933 3146
5595 2 2 2 2 264 265 3146
5596 2 2 2 2 2724 2736 3157
5597 2 2 2 2 2573 2655 3241
5598 2 2 2 2 2142 2143 3179
5599 2 2 2 2 2625 2850 2872
5600 2 2 2 2 2306 2127 3154
5601 2 2 2 2 2166 2167 2313
5602 2 2 2 2 2607 2531 2608
5603 2 2 2 2 2441 2402 2506
5604 2 2 2 2 2748 2747 2749
5605 2 2 2 2 2060 2059 3061
5606 2 2 2 2 2169 2171 2172
5607 2 2 2 2 2740 2741 2978
5608 2 2 2 2 2818 2819 2960
5609 2 2 2 2 2754 2753 2755
5610 2 2 2 2 2553 2551 3153
5611 2 2 2 2 2446 2511 3165
5612 2 2 2 2 2612 2610 3160
5613 2 2 2 2 2172 2174 2698
5614 2 2 2 2 3010 2055 3210
5615 2 2 2 2 2174 2173 2175
5616 2 2 2 2 2297 2296 2298
5617 2 2 2 2 2299 2311 2352
5618 2 2 2 2 2082 2081 2084
5619 2 2 2 2 2624 2510 3175
5620 2 2 2 2 2166 2349 3171
5621 2 2 2 2 3171 2349 3185
5622 2 2 2 2 2458 2457 2459
5623 2 2 2 2 2293 2292 2294
5624 2 2 2 2 2870 2624 3173
5625 2 2 2 2 2555 3057 3188
5626 2 2 2 2 2697 3162 3171
5627 2 2 2 2 2506 2507 2623
5628 2 2 2 2 2311 2295 3170
5629 2 2 2 2 2172 2173 2174
5630 2 2 2 2 2702 2314 3192
5631 2 2 2 2 2692 2553 3153
5632 2 2 2 2 2130 2334 3264
5633 2 2 2 2 2063 2060 3061
5634 2 2 2 2 2697 3171 3185
5635 2 2 2 2 2286 2287 2288
5636 2 2 2 2 2167 2169 3168
5637 2 2 2 2 2244 2236 2245
5638 2 2 2 2 2746 2747 2748
5639 2 2 2 2 2334 2128 3051
5640 2 2 2 2 2183 2184 2185
5641 2 2 2 2 2958 2795 3166
5642 2 2 2 2 2290 2288 2291
5643 2 2 2 2 2492 2774 2775
5644 2 2 2 2 2511 2853 3165
5645 2 2 2 2 2784 2612 3160
5646 2 2 2 2 3173 2624 3175
5647 2 2 2 2 2453 2406 2516
5648 2 2 2 2 2075 2074 2076
5649 2 2 2 2 2119 2332 3184
5650 2 2 2 2 2610 3049 3160
5651 2 2 2 2 2746 2748 2976
5652 2 2 2 2 2072 2071 2074
5653 2 2 2 2 2175 2177 2178
5654 2 2 2 2 2256 2255 3207
5655 2 2 2 2 2290 2291 2292
5656 2 2 2 2 2513 2446 3165
5657 2 2 2 2 2164 2166 3171
5658 2 2 2 2 2698 2174 2848
5659 2 2 2 2 3162 2164 3171
5660 2 2 2 2 2741 2743 3176
5661 2 2 2 2 2447 2446 2513
5662 2 2 2 2 2795 2797 3166
5663 2 2 2 2 2008 2010 3177
5664 2 2 2 2 2354 2305 2406
5665 2 2 2 2 2659 2658 3181
5666 2 2 2 2 2228 2227 2231
5667 2 2 2 2 2510 3086 3178
5668 2 2 2 2 2663 2662 2710
5669 2 2 2 2 2179 2181 2182
5670 2 2 2 2 2252 2251 3189
5671 2 2 2 2 2546 3081 3169
5672 2 2 2 2 2540 2542 3167
5673 2 2 2 2 2138 2136 3206
5674 2 2 2 2 2567 2445 3099
5675 2 2 2 2 2313 2167 3168
5676 2 2 2 2 3175 2510 3178
5677 2 2 2 2 2998 2996 3054
5678 2 2 2 2 2169 2172 3168
5679 2 2 2 2 261 262 3187
5680 2 2 2 2 262 1913 3187
5681 2 2 2 2 2352 2446 2447
5682 2 2 2 2 2775 2914 2916
5683 2 2 2 2 2978 2741 3176
5684 2 2 2 2 2143 2146 3179
5685 2 2 2 2 2548 2546 3169
5686 2 2 2 2 2748 2749 2979
5687 2 2 2 2 2140 2142 2691
5688 2 2 2 2 2751 2753 2754
5689 2 2 2 2 2309 2415 2565
5690 2 2 2 2 2542 2687 3167
5691 2 2 2 2 2047 3139 3140
5692 2 2 2 2 2232 2231 2237
5693 2 2 2 2 2797 2818 3166
5694 2 2 2 2 2566 2445 2567
5695 2 2 2 2 2137 2140 3161
5696 2 2 2 2 2756 2755 2757
5697 2 2 2 2 2172 2698 3168
5698 2 2 2 2 2109 2116 2117
5699 2 2 2 2 2693 2548 3169
5700 2 2 2 2 2409 2368 2410
5701 2 2 2 2 2332 2392 3235
5702 2 2 2 2 2360 2322 2361
5703 2 2 2 2 2743 2746 3176
5704 2 2 2 2 2353 2702 2703
5705 2 2 2 2 2182 2181 2183
5706 2 2 2 2 2508 2403 3195
5707 2 2 2 2 2294 2292 2295
5708 2 2 2 2 2656 2654 2657
5709 2 2 2 2 2419 2574 2575
5710 2 2 2 2 2344 2317 2345
5711 2 2 2 2 2575 2576 2578
5712 2 2 2 2 2662 2659 3181
5713 2 2 2 2 2900 2629 2901
5714 2 2 2 2 2507 2402 3190
5715 2 2 2 2 2707 2854 2888
5716 2 2 2 2 147 1907 3144
5717 2 2 2 2 146 147 3144
5718 2 2 2 2 2483 2470 2484
5719 2 2 2 2 2301 2298 2314
5720 2 2 2 2 2413 2429 2430
5721 2 2 2 2 2657 2654 2658
5722 2 2 2 2 2313 3168 3190
5723 2 2 2 2 2794 2958 3004
5724 2 2 2 2 2288 2287 3180
5725 2 2 2 2 2188 2190 2356
5726 2 2 2 2 2372 2371 2373
5727 2 2 2 2 2514 2513 2625
5728 2 2 2 2 2351 2445 2566
5729 2 2 2 2 2080 2076 2081
5730 2 2 2 2 2296 2295 2299
5731 2 2 2 2 2754 2756 3003
5732 2 2 2 2 2749 2751 3174
5733 2 2 2 2 2356 2411 2443
5734 2 2 2 2 2754 2755 2756
5735 2 2 2 2 3052 2903 3277
5736 2 2 2 2 2287 2284 3197
5737 2 2 2 2 2271 3124 3220
5738 2 2 2 2 2604 2555 3188
5739 2 2 2 2 2710 2662 3212
5740 2 2 2 2 2249 2250 3237
5741 2 2 2 2 1993 1995 2303
5742 2 2 2 2 2351 2566 3179
5743 2 2 2 2 2136 2133 3193
5744 2 2 2 2 2760 2759 2761
5745 2 2 2 2 2661 2659 2662
5746 2 2 2 2 2746 2976 3176
5747 2 2 2 2 2657 2659 2660
5748 2 2 2 2 2349 2441 3185
5749 2 2 2 2 2291 2288 3180
5750 2 2 2 2 2844 2843 2845
5751 2 2 2 2 2447 2513 2514
5752 2 2 2 2 2248 2247 3060
5753 2 2 2 2 2706 2856 2857
5754 2 2 2 2 2294 2295 2296
5755 2 2 2 2 2283 2280 3201
5756 2 2 2 2 2316 2315 2317
5757 2 2 2 2 2010 2309 3177
5758 2 2 2 2 2420 2504 3191
5759 2 2 2 2 3185 2699 3195
5760 2 2 2 2 2655 2572 3290
5761 2 2 2 2 2135 2137 3161
5762 2 2 2 2 2657 2658 2659
5763 2 2 2 2 2403 2697 3195
5764 2 2 2 2 2628 2444 2629
5765 2 2 2 2 3168 2698 3190
5766 2 2 2 2 2126 2355 3199
5767 2 2 2 2 2757 2759 2760
5768 2 2 2 2 2183 2185 2186
5769 2 2 2 2 2275 2272 3220
5770 2 2 2 2 2402 2313 3190
5771 2 2 2 2 2979 2749 3174
5772 2 2 2 2 2186 2185 2187
5773 2 2 2 2 3142 2723 3198
5774 2 2 2 2 2279 2276 3215
5775 2 2 2 2 2301 2314 2315
5776 2 2 2 2 2667 2518 2866
5777 2 2 2 2 2704 2703 2705
5778 2 2 2 2 2687 3142 3183
5779 2 2 2 2 2208 2207 2209
5780 2 2 2 2 2456 2455 2457
5781 2 2 2 2 2867 3182 3299
5782 2 2 2 2 2212 2198 2474
5783 2 2 2 2 2764 2763 2765
5784 2 2 2 2 2751 2754 3174
5785 2 2 2 2 2347 2426 2886
5786 2 2 2 2 2284 2283 3197
5787 2 2 2 2 2465 2408 2518
5788 2 2 2 2 2140 2691 3161
5789 2 2 2 2 2736 2737 3211
5790 2 2 2 2 2353 2703 2704
5791 2 2 2 2 2355 2306 2408
5792 2 2 2 2 2972 1951 2973
5793 2 2 2 2 2723 3157 3198
5794 2 2 2 2 2069 2070 3209
5795 2 2 2 2 2315 2314 2353
5796 2 2 2 2 2462 2463 2464
5797 2 2 2 2 2208 3052 3277
5798 2 2 2 2 2244 2246 3263
5799 2 2 2 2 2475 2474 2902
5800 2 2 2 2 2215 2368 2409
5801 2 2 2 2 2518 2408 3182
5802 2 2 2 2 2400 2373 2401
5803 2 2 2 2 3115 2658 3228
5804 2 2 2 2 2573 2572 2655
5805 2 2 2 2 2259 2256 3207
5806 2 2 2 2 2454 2391 2455
5807 2 2 2 2 2309 2565 3177
5808 2 2 2 2 2768 2767 2904
5809 2 2 2 2 260 261 1958
5810 2 2 2 2 2666 2665 3205
5811 2 2 2 2 2650 2649 3226
5812 2 2 2 2 2186 2187 2188
5813 2 2 2 2 2234 2581 3217
5814 2 2 2 2 2314 2298 3192
5815 2 2 2 2 2386 2387 2485
5816 2 2 2 2 3167 2687 3183
5817 2 2 2 2 2070 2073 3209
5818 2 2 2 2 2052 2051 3210
5819 2 2 2 2 2697 3185 3195
5820 2 2 2 2 2714 2585 2887
5821 2 2 2 2 2342 2390 3239
5822 2 2 2 2 2754 3003 3174
5823 2 2 2 2 3344 2936 3347
5824 2 2 2 2 2361 2363 3053
5825 2 2 2 2 2066 2064 2067
5826 2 2 2 2 2432 2424 2494
5827 2 2 2 2 2070 2068 2071
5828 2 2 2 2 2571 2570 2572
5829 2 2 2 2 3208 2447 3224
5830 2 2 2 2 2812 2604 3188
5831 2 2 2 2 2691 2142 3219
5832 2 2 2 2 2062 2060 2063
5833 2 2 2 2 2134 2305 2354
5834 2 2 2 2 2504 2794 3191
5835 2 2 2 2 2531 2365 3206
5836 2 2 2 2 2241 2329 2386
5837 2 2 2 2 2255 2252 3189
5838 2 2 2 2 2296 2299 3192
5839 2 2 2 2 2663 2710 2712
5840 2 2 2 2 2298 2296 3192
5841 2 2 2 2 2122 2123 3199
5842 2 2 2 2 2770 2771 2772
5843 2 2 2 2 2070 2072 2073
5844 2 2 2 2 2706 2705 2707
5845 2 2 2 2 2702 3192 3208
5846 2 2 2 2 2566 2567 2700
5847 2 2 2 2 2704 2705 2706
5848 2 2 2 2 2421 2401 2422
5849 2 2 2 2 2365 2138 3206
5850 2 2 2 2 2066 2068 2069
5851 2 2 2 2 2352 2447 3208
5852 2 2 2 2 2046 2048 2049
5853 2 2 2 2 2700 2567 2701
5854 2 2 2 2 2385 2481 2482
5855 2 2 2 2 2263 2260 3248
5856 2 2 2 2 2761 2763 2764
5857 2 2 2 2 2062 2064 2065
5858 2 2 2 2 2058 2060 2061
5859 2 2 2 2 2443 2411 2444
5860 2 2 2 2 2770 2618 2771
5861 2 2 2 2 2660 2659 2661
5862 2 2 2 2 2345 2317 2370
5863 2 2 2 2 2280 2279 3201
5864 2 2 2 2 2664 2561 2881
5865 2 2 2 2 3016 3018 3260
5866 2 2 2 2 2661 2662 2663
5867 2 2 2 2 2903 3261 3277
5868 2 2 2 2 145 146 1962
5869 2 2 2 2 2054 2056 2057
5870 2 2 2 2 2727 2496 2728
5871 2 2 2 2 2058 2056 2059
5872 2 2 2 2 179 180 1963
5873 2 2 2 2 3192 2299 3208
5874 2 2 2 2 2193 2192 2210
5875 2 2 2 2 2857 2856 2858
5876 2 2 2 2 1989 1991 2077
5877 2 2 2 2 2345 2370 2371
5878 2 2 2 2 2354 2406 2453
5879 2 2 2 2 2854 2705 3247
5880 2 2 2 2 2453 2516 2646
5881 2 2 2 2 2247 2384 2385
5882 2 2 2 2 2706 2707 2856
5883 2 2 2 2 2794 3004 3191
5884 2 2 2 2 2203 2201 2205
5885 2 2 2 2 2602 2598 3369
5886 2 2 2 2 2409 2410 2413
5887 2 2 2 2 2495 2451 2496
5888 2 2 2 2 1983 1985 2091
5889 2 2 2 2 2765 2767 2768
5890 2 2 2 2 2450 2449 2451
5891 2 2 2 2 2569 2122 2570
5892 2 2 2 2 2046 2047 2048
5893 2 2 2 2 2055 2052 3210
5894 2 2 2 2 2251 2248 3060
5895 2 2 2 2 2608 2531 3006
5896 2 2 2 2 2054 2052 2055
5897 2 2 2 2 2661 2663 2670
5898 2 2 2 2 2299 2352 3208
5899 2 2 2 2 2050 2048 2051
5900 2 2 2 2 2658 2654 3228
5901 2 2 2 2 2460 2461 2462
5902 2 2 2 2 2050 2052 2053
5903 2 2 2 2 2558 2482 2560
5904 2 2 2 2 2185 2215 3218
5905 2 2 2 2 1958 261 3187
5906 2 2 2 2 3166 2818 3223
5907 2 2 2 2 2276 2275 3215
5908 2 2 2 2 2204 2208 3277
5909 2 2 2 2 2849 2729 2862
5910 2 2 2 2 2253 3117 3323
5911 2 2 2 2 2994 2996 2998
5912 2 2 2 2 2737 2740 3211
5913 2 2 2 2 2572 2570 3272
5914 2 2 2 2 2585 2573 3241
5915 2 2 2 2 2126 2306 2355
5916 2 2 2 2 2532 2394 3236
5917 2 2 2 2 2702 3208 3224
5918 2 2 2 2 3126 2756 3300
5919 2 2 2 2 2570 2122 3199
5920 2 2 2 2 2353 2704 3204
5921 2 2 2 2 2802 2732 2803
5922 2 2 2 2 2272 2271 3220
5923 2 2 2 2 2223 2225 2226
5924 2 2 2 2 2142 3179 3219
5925 2 2 2 2 2354 2453 2708
5926 2 2 2 2 2188 2187 2189
5927 2 2 2 2 2247 2245 2384
5928 2 2 2 2 2197 2195 3329
5929 2 2 2 2 3204 2704 3244
5930 2 2 2 2 292 293 1956
5931 2 2 2 2 2492 2775 3235
5932 2 2 2 2 2199 2197 2200
5933 2 2 2 2 2590 2471 3238
5934 2 2 2 2 2355 2408 2465
5935 2 2 2 2 3006 2531 3206
5936 2 2 2 2 2667 2866 2907
5937 2 2 2 2 2373 2371 2407
5938 2 2 2 2 2409 2413 2711
5939 2 2 2 2 2465 2518 2667
5940 2 2 2 2 2589 2590 2595
5941 2 2 2 2 2649 3131 3226
5942 2 2 2 2 2132 2134 3229
5943 2 2 2 2 2067 2064 3200
5944 2 2 2 2 3212 2263 3248
5945 2 2 2 2 1962 146 3144
5946 2 2 2 2 144 145 3196
5947 2 2 2 2 2191 2189 2192
5948 2 2 2 2 2315 2353 3204
5949 2 2 2 2 2675 2869 3310
5950 2 2 2 2 180 181 3221
5951 2 2 2 2 3154 2132 3229
5952 2 2 2 2 3029 1968 3030
5953 2 2 2 2 2188 2189 2190
5954 2 2 2 2 1991 1993 3186
5955 2 2 2 2 2740 2978 3222
5956 2 2 2 2 2818 2960 3223
5957 2 2 2 2 2731 2730 2732
5958 2 2 2 2 3211 2740 3222
5959 2 2 2 2 2187 2185 3218
5960 2 2 2 2 2062 2063 2064
5961 2 2 2 2 2718 2485 3069
5962 2 2 2 2 2458 2459 2460
5963 2 2 2 2 2120 2122 2569
5964 2 2 2 2 2066 2067 2068
5965 2 2 2 2 2571 2572 2573
5966 2 2 2 2 2084 2221 2582
5967 2 2 2 2 2775 2916 2946
5968 2 2 2 2 3179 2566 3219
5969 2 2 2 2 2065 2064 2066
5970 2 2 2 2 2356 2190 2411
5971 2 2 2 2 2105 2102 2108
5972 2 2 2 2 2070 2071 2072
5973 2 2 2 2 2061 2060 2062
5974 2 2 2 2 2069 2068 2070
5975 2 2 2 2 2215 2409 3218
5976 2 2 2 2 2654 2653 3228
5977 2 2 2 2 2058 2059 2060
5978 2 2 2 2 2236 2234 3217
5979 2 2 2 2 2057 2056 2058
5980 2 2 2 2 2422 2401 2448
5981 2 2 2 2 2317 2315 3204
5982 2 2 2 2 2370 2317 3204
5983 2 2 2 2 2898 2681 3310
5984 2 2 2 2 2370 3204 3244
5985 2 2 2 2 2706 2857 3244
5986 2 2 2 2 1979 1981 2307
5987 2 2 2 2 2392 2492 3235
5988 2 2 2 2 2662 3181 3212
5989 2 2 2 2 2703 2702 3224
5990 2 2 2 2 2569 2570 2571
5991 2 2 2 2 2050 2051 2052
5992 2 2 2 2 2478 2357 3252
5993 2 2 2 2 2054 2055 2056
5994 2 2 2 2 2987 2685 3045
5995 2 2 2 2 2414 3303 3312
5996 2 2 2 2 2416 2361 3053
5997 2 2 2 2 2053 2052 2054
5998 2 2 2 2 2112 2115 3225
5999 2 2 2 2 2447 2514 3224
6000 2 2 2 2 2422 2448 2449
6001 2 2 2 2 2049 2048 2050
6002 2 2 2 2 3053 2483 3262
6003 2 2 2 2 2714 2887 2935
6004 2 2 2 2 2385 2384 2481
6005 2 2 2 2 2978 3176 3249
6006 2 2 2 2 2250 2253 3237
6007 2 2 2 2 2672 2863 3306
6008 2 2 2 2 2245 2236 3217
6009 2 2 2 2 2239 3039 3294
6010 2 2 2 2 2691 3219 3266
6011 2 2 2 2 2072 2074 2075
6012 2 2 2 2 2566 2700 3219
6013 2 2 2 2 2976 2748 3271
6014 2 2 2 2 2260 2259 3248
6015 2 2 2 2 2100 2098 2324
6016 2 2 2 2 257 258 1921
6017 2 2 2 2 2485 2487 3069
6018 2 2 2 2 3224 2514 3247
6019 2 2 2 2 2444 2411 2709
6020 2 2 2 2 2064 2063 3200
6021 2 2 2 2 2485 2387 2487
6022 2 2 2 2 143 144 1922
6023 2 2 2 2 2571 2573 2584
6024 2 2 2 2 181 182 1923
6025 2 2 2 2 2134 2354 3229
6026 2 2 2 2 2456 2457 2458
6027 2 2 2 2 2092 2088 2093
6028 2 2 2 2 2703 3224 3247
6029 2 2 2 2 2425 2394 2452
6030 2 2 2 2 3229 2708 3279
6031 2 2 2 2 2775 2946 3235
6032 2 2 2 2 2089 2092 2094
6033 2 2 2 2 2619 2494 2620
6034 2 2 2 2 3154 3229 3279
6035 2 2 2 2 2618 2608 3251
6036 2 2 2 2 2075 2076 2080
6037 2 2 2 2 2393 2328 2394
6038 2 2 2 2 2087 2088 2089
6039 2 2 2 2 2771 2618 3251
6040 2 2 2 2 2357 3046 3252
6041 2 2 2 2 2083 2086 2087
6042 2 2 2 2 2476 2330 3246
6043 2 2 2 2 1993 2303 3186
6044 2 2 2 2 2887 2585 3241
6045 2 2 2 2 2409 2711 3218
6046 2 2 2 2 2451 2449 2515
6047 2 2 2 2 2214 2319 2320
6048 2 2 2 2 2710 3212 3248
6049 2 2 2 2 2082 2084 3227
6050 2 2 2 2 2080 2081 2082
6051 2 2 2 2 2584 2573 2585
6052 2 2 2 2 2728 2496 2729
6053 2 2 2 2 2115 2120 3225
6054 2 2 2 2 2196 2212 3295
6055 2 2 2 2 2466 2439 2521
6056 2 2 2 2 2608 3006 3251
6057 2 2 2 2 1985 1987 3346
6058 2 2 2 2 2520 2466 3234
6059 2 2 2 2 2904 2911 3305
6060 2 2 2 2 3017 3015 3336
6061 2 2 2 2 2386 2329 2387
6062 2 2 2 2 2705 2703 3247
6063 2 2 2 2 2354 2708 3229
6064 2 2 2 2 2561 2558 3259
6065 2 2 2 2 2211 2206 2325
6066 2 2 2 2 2199 2201 2202
6067 2 2 2 2 2454 2455 2456
6068 2 2 2 2 1981 1983 3202
6069 2 2 2 2 2202 2203 2204
6070 2 2 2 2 2191 2193 2194
6071 2 2 2 2 2194 2195 2196
6072 2 2 2 2 2560 2482 3270
6073 2 2 2 2 2361 2362 2363
6074 2 2 2 2 2326 2325 2327
6075 2 2 2 2 2196 2197 2198
6076 2 2 2 2 2704 2706 3244
6077 2 2 2 2 255 256 1964
6078 2 2 2 2 2080 2082 2083
6079 2 2 2 2 2881 2561 3259
6080 2 2 2 2 145 1962 3196
6081 2 2 2 2 2408 2306 3279
6082 2 2 2 2 2384 2245 3217
6083 2 2 2 2 2584 2585 2713
6084 2 2 2 2 2713 2585 2714
6085 2 2 2 2 2714 2935 2936
6086 2 2 2 2 1963 180 3221
6087 2 2 2 2 3098 2691 3266
6088 2 2 2 2 2218 2957 3337
6089 2 2 2 2 2096 2094 2110
6090 2 2 2 2 2558 2560 3259
6091 2 2 2 2 3176 2976 3249
6092 2 2 2 2 2952 2478 3252
6093 2 2 2 2 2320 2321 2322
6094 2 2 2 2 2419 2338 2574
6095 2 2 2 2 2187 3218 3267
6096 2 2 2 2 2862 2729 3254
6097 2 2 2 2 2199 2200 2201
6098 2 2 2 2 2226 2227 2228
6099 2 2 2 2 2374 2327 2375
6100 2 2 2 2 67 68 3292
6101 2 2 2 2 2401 2373 3231
6102 2 2 2 2 3219 2700 3266
6103 2 2 2 2 2902 2474 2903
6104 2 2 2 2 2342 2389 2390
6105 2 2 2 2 2204 2206 2207
6106 2 2 2 2 2077 1991 3186
6107 2 2 2 2 2728 2729 2730
6108 2 2 2 2 3199 2355 3272
6109 2 2 2 2 2599 2435 2600
6110 2 2 2 2 2246 2249 3263
6111 2 2 2 2 2373 2407 3231
6112 2 2 2 2 2190 2189 2191
6113 2 2 2 2 2083 2082 2086
6114 2 2 2 2 254 255 3230
6115 2 2 2 2 2335 2130 3264
6116 2 2 2 2 3013 2343 3296
6117 2 2 2 2 2092 2093 2323
6118 2 2 2 2 2396 2383 3258
6119 2 2 2 2 2192 2189 3267
6120 2 2 2 2 2237 2347 3194
6121 2 2 2 2 2484 2586 2587
6122 2 2 2 2 2191 2192 2193
6123 2 2 2 2 294 295 1928
6124 2 2 2 2 2460 2462 2778
6125 2 2 2 2 2975 2597 3363
6126 2 2 2 2 2087 2086 2088
6127 2 2 2 2 252 253 3243
6128 2 2 2 2 3303 2715 3312
6129 2 2 2 2 2407 3275 3288
6130 2 2 2 2 2363 2469 2470
6131 2 2 2 2 2089 2088 2092
6132 2 2 2 2 2414 2435 2436
6133 2 2 2 2 2448 3231 3232
6134 2 2 2 2 2102 2100 3213
6135 2 2 2 2 2594 2416 3053
6136 2 2 2 2 2448 2401 3231
6137 2 2 2 2 2355 2465 3272
6138 2 2 2 2 2517 3266 3289
6139 2 2 2 2 2326 2374 2414
6140 2 2 2 2 2431 2780 2781
6141 2 2 2 2 253 254 1929
6142 2 2 2 2 2214 2209 2319
6143 2 2 2 2 3248 2259 3283
6144 2 2 2 2 2120 2569 3225
6145 2 2 2 2 2347 2886 3194
6146 2 2 2 2 2449 2448 3233
6147 2 2 2 2 2487 2583 2725
6148 2 2 2 2 2482 2481 3270
6149 2 2 2 2 2228 2231 2232
6150 2 2 2 2 2199 2202 3261
6151 2 2 2 2 2448 3232 3233
6152 2 2 2 2 2375 2377 2417
6153 2 2 2 2 2109 2108 2116
6154 2 2 2 2 3264 2334 3281
6155 2 2 2 2 2202 2201 2203
6156 2 2 2 2 2407 2371 3275
6157 2 2 2 2 2655 3290 3304
6158 2 2 2 2 2194 2193 2195
6159 2 2 2 2 2232 2237 2238
6160 2 2 2 2 2487 2387 2583
6161 2 2 2 2 2748 2979 3271
6162 2 2 2 2 2321 2319 2715
6163 2 2 2 2 2456 2458 2779
6164 2 2 2 2 2221 2223 3278
6165 2 2 2 2 2699 2837 3307
6166 2 2 2 2 2979 3174 3285
6167 2 2 2 2 2084 2582 3227
6168 2 2 2 2 185 186 3255
6169 2 2 2 2 2203 2205 3273
6170 2 2 2 2 2730 2729 2849
6171 2 2 2 2 2710 3248 3283
6172 2 2 2 2 1977 1979 3214
6173 2 2 2 2 2361 2322 2362
6174 2 2 2 2 3105 2760 3316
6175 2 2 2 2 2685 2476 3246
6176 2 2 2 2 1975 1977 2568
6177 2 2 2 2 3218 2711 3267
6178 2 2 2 2 1983 2091 3202
6179 2 2 2 2 2249 3237 3305
6180 2 2 2 2 2588 2471 2589
6181 2 2 2 2 2100 2324 3213
6182 2 2 2 2 2093 2088 3240
6183 2 2 2 2 2709 3250 3295
6184 2 2 2 2 1922 144 3196
6185 2 2 2 2 2486 2616 2789
6186 2 2 2 2 2198 2197 2199
6187 2 2 2 2 2196 2195 2197
6188 2 2 2 2 181 1923 3221
6189 2 2 2 2 2086 2082 3227
6190 2 2 2 2 2469 2362 2471
6191 2 2 2 2 2211 2325 2326
6192 2 2 2 2 2086 3227 3240
6193 2 2 2 2 2393 2425 2486
6194 2 2 2 2 2393 2394 2425
6195 2 2 2 2 2515 2449 3233
6196 2 2 2 2 2411 2190 3250
6197 2 2 2 2 2725 2583 2726
6198 2 2 2 2 2189 2187 3267
6199 2 2 2 2 2712 2710 3283
6200 2 2 2 2 2803 2842 2843
6201 2 2 2 2 2381 2424 2432
6202 2 2 2 2 1946 1973 2909
6203 2 2 2 2 140 141 1939
6204 2 2 2 2 2204 2203 2206
6205 2 2 2 2 184 185 1940
6206 2 2 2 2 2892 2594 3262
6207 2 2 2 2 2238 2237 3194
6208 2 2 2 2 2431 2391 2454
6209 2 2 2 2 2756 2757 3300
6210 2 2 2 2 3021 3023 3393
6211 2 2 2 2 2786 2579 2787
6212 2 2 2 2 2241 2328 2329
6213 2 2 2 2 2496 2451 3254
6214 2 2 2 2 3244 2857 3275
6215 2 2 2 2 2371 2370 3275
6216 2 2 2 2 2098 2096 3245
6217 2 2 2 2 2863 2671 3321
6218 2 2 2 2 2466 2521 3234
6219 2 2 2 2 3275 2857 3288
6220 2 2 2 2 2207 2206 2211
6221 2 2 2 2 2320 2319 2321
6222 2 2 2 2 2414 2374 2435
6223 2 2 2 2 186 187 3256
6224 2 2 2 2 2326 2327 2374
6225 2 2 2 2 2117 2116 2342
6226 2 2 2 2 2370 3244 3275
6227 2 2 2 2 2223 2226 3278
6228 2 2 2 2 2307 1981 3202
6229 2 2 2 2 2484 2470 2586
6230 2 2 2 2 3217 2581 3284
6231 2 2 2 2 2209 2207 3253
6232 2 2 2 2 2570 3199 3272
6233 2 2 2 2 2599 2600 2831
6234 2 2 2 2 2108 2102 3213
6235 2 2 2 2 2582 2221 3278
6236 2 2 2 2 2374 2375 3280
6237 2 2 2 2 3045 2685 3246
6238 2 2 2 2 2322 2321 3238
6239 2 2 2 2 2226 2228 2359
6240 2 2 2 2 2436 2435 2599
6241 2 2 2 2 3250 2194 3295
6242 2 2 2 2 2451 2515 3254
6243 2 2 2 2 2324 2098 3245
6244 2 2 2 2 2307 3202 3203
6245 2 2 2 2 1999 2001 3309
6246 2 2 2 2 2329 2328 2393
6247 2 2 2 2 2439 2396 3258
6248 2 2 2 2 2318 3225 3287
6249 2 2 2 2 1950 2968 3383
6250 2 2 2 2 2474 2198 3261
6251 2 2 2 2 2363 2362 2469
6252 2 2 2 2 2110 2094 3265
6253 2 2 2 2 2306 3154 3279
6254 2 2 2 2 2094 2092 3265
6255 2 2 2 2 2729 2496 3254
6256 2 2 2 2 2088 2086 3240
6257 2 2 2 2 2486 2425 2616
6258 2 2 2 2 2338 2117 3239
6259 2 2 2 2 2239 2240 2241
6260 2 2 2 2 2572 3272 3290
6261 2 2 2 2 2598 2975 3368
6262 2 2 2 2 1979 2307 3214
6263 2 2 2 2 2709 2411 3250
6264 2 2 2 2 2232 2238 2239
6265 2 2 2 2 2325 2206 3273
6266 2 2 2 2 1995 1997 3311
6267 2 2 2 2 2190 2191 3250
6268 2 2 2 2 2202 2204 3277
6269 2 2 2 2 2239 2238 2240
6270 2 2 2 2 137 138 1944
6271 2 2 2 2 187 188 1945
6272 2 2 2 2 3071 3070 3331
6273 2 2 2 2 297 298 1942
6274 2 2 2 2 2469 2471 2588
6275 2 2 2 2 2803 2732 2842
6276 2 2 2 2 2429 2606 3313
6277 2 2 2 2 2096 2110 3245
6278 2 2 2 2 2389 2343 2391
6279 2 2 2 2 2588 2589 2841
6280 2 2 2 2 250 251 1943
6281 2 2 2 2 2191 2194 3250
6282 2 2 2 2 3182 2708 3299
6283 2 2 2 2 2571 2584 3287
6284 2 2 2 2 2781 2780 2799
6285 2 2 2 2 2384 3217 3284
6286 2 2 2 2 2431 2454 2780
6287 2 2 2 2 2241 2240 2328
6288 2 2 2 2 2533 2535 2716
6289 2 2 2 2 3141 2660 3320
6290 2 2 2 2 2389 2391 2431
6291 2 2 2 2 2458 2460 3269
6292 2 2 2 2 2708 2453 3299
6293 2 2 2 2 2387 2329 3257
6294 2 2 2 2 2259 3207 3283
6295 2 2 2 2 2575 2574 2576
6296 2 2 2 2 2508 3195 3307
6297 2 2 2 2 2580 2719 3293
6298 2 2 2 2 2500 2501 3322
6299 2 2 2 2 2198 2199 3261
6300 2 2 2 2 2578 2576 2579
6301 2 2 2 2 2092 2323 3265
6302 2 2 2 2 3012 3013 3339
6303 2 2 2 2 3174 3003 3285
6304 2 2 2 2 2362 2322 3238
6305 2 2 2 2 2454 2456 3268
6306 2 2 2 2 2760 2761 3316
6307 2 2 2 2 68 1950 3292
6308 2 2 2 2 2375 2417 3280
6309 2 2 2 2 2481 2384 3284
6310 2 2 2 2 2885 2867 3354
6311 2 2 2 2 2903 2474 3261
6312 2 2 2 2 2207 2211 3253
6313 2 2 2 2 2521 2439 3258
6314 2 2 2 2 2700 2701 3289
6315 2 2 2 2 2435 2374 3280
6316 2 2 2 2 2319 2209 3253
6317 2 2 2 2 255 1964 3230
6318 2 2 2 2 2600 2435 3280
6319 2 2 2 2 2569 2571 3287
6320 2 2 2 2 3225 2569 3287
6321 2 2 2 2 2484 2587 3360
6322 2 2 2 2 2460 2778 3269
6323 2 2 2 2 2857 2858 3288
6324 2 2 2 2 2342 2116 2343
6325 2 2 2 2 2856 2707 3315
6326 2 2 2 2 3266 2700 3289
6327 2 2 2 2 2226 2359 3278
6328 2 2 2 2 2342 2343 2389
6329 2 2 2 2 2673 3072 3321
6330 2 2 2 2 2329 2393 3257
6331 2 2 2 2 2117 2342 3239
6332 2 2 2 2 2594 3053 3262
6333 2 2 2 2 2779 2458 3269
6334 2 2 2 2 2465 2667 3290
6335 2 2 2 2 2393 2486 3257
6336 2 2 2 2 2732 2730 3274
6337 2 2 2 2 2660 2661 3320
6338 2 2 2 2 2715 2319 3253
6339 2 2 2 2 1929 254 3230
6340 2 2 2 2 2390 2389 3282
6341 2 2 2 2 2431 2781 3282
6342 2 2 2 2 3272 2465 3290
6343 2 2 2 2 2583 2387 3257
6344 2 2 2 2 253 1929 3243
6345 2 2 2 2 2471 2362 3238
6346 2 2 2 2 2432 2494 2619
6347 2 2 2 2 3117 2764 3323
6348 2 2 2 2 2456 2779 3268
6349 2 2 2 2 2206 2203 3273
6350 2 2 2 2 3232 3231 3291
6351 2 2 2 2 2730 2849 3274
6352 2 2 2 2 2780 2454 3268
6353 2 2 2 2 3231 2407 3291
6354 2 2 2 2 299 300 1965
6355 2 2 2 2 2568 1977 3214
6356 2 2 2 2 2764 2765 3323
6357 2 2 2 2 2574 2338 3239
6358 2 2 2 2 2356 2717 3330
6359 2 2 2 2 2589 2595 3297
6360 2 2 2 2 3287 2584 3318
6361 2 2 2 2 2470 2469 3286
6362 2 2 2 2 2194 2196 3295
6363 2 2 2 2 1973 1975 3276
6364 2 2 2 2 3151 1959 3301
6365 2 2 2 2 2586 2470 3286
6366 2 2 2 2 2453 2646 3299
6367 2 2 2 2 248 249 1966
6368 2 2 2 2 2841 2589 3297
6369 2 2 2 2 2597 3012 3351
6370 2 2 2 2 2887 2073 3370
6371 2 2 2 2 2009 2007 3335
6372 2 2 2 2 2757 2760 3300
6373 2 2 2 2 3094 2672 3306
6374 2 2 2 2 1940 185 3255
6375 2 2 2 2 2186 2188 3330
6376 2 2 2 2 3255 186 3256
6377 2 2 2 2 2842 2732 3274
6378 2 2 2 2 2326 2414 3312
6379 2 2 2 2 2579 2576 2591
6380 2 2 2 2 3290 2667 3304
6381 2 2 2 2 2407 3288 3291
6382 2 2 2 2 3253 2211 3312
6383 2 2 2 2 2389 2431 3282
6384 2 2 2 2 2432 2619 2621
6385 2 2 2 2 1997 2003 3311
6386 2 2 2 2 3195 2699 3307
6387 2 2 2 2 2001 2304 3309
6388 2 2 2 2 2681 2675 3310
6389 2 2 2 2 2667 2907 3304
6390 2 2 2 2 2318 3287 3318
6391 2 2 2 2 2469 2588 3286
6392 2 2 2 2 2379 2381 3308
6393 2 2 2 2 1990 1988 3341
6394 2 2 2 2 2232 2239 3294
6395 2 2 2 2 2591 3319 3338
6396 2 2 2 2 2359 2228 3294
6397 2 2 2 2 2621 2619 2829
6398 2 2 2 2 1975 2568 3276
6399 2 2 2 2 187 1945 3256
6400 2 2 2 2 2228 2232 3294
6401 2 2 2 2 2606 2834 3313
6402 2 2 2 2 2414 2436 3303
6403 2 2 2 2 2663 2712 3332
6404 2 2 2 2 2583 3257 3314
6405 2 2 2 2 2486 2789 3314
6406 2 2 2 2 2712 3205 3332
6407 2 2 2 2 2865 2615 3353
6408 2 2 2 2 3257 2486 3314
6409 2 2 2 2 3116 2318 3318
6410 2 2 2 2 2692 3109 3350
6411 2 2 2 2 2715 3253 3312
6412 2 2 2 2 3319 2390 3338
6413 2 2 2 2 2095 2097 3347
6414 2 2 2 2 2381 2432 3308
6415 2 2 2 2 3186 2303 3317
6416 2 2 2 2 2707 2888 3315
6417 2 2 2 2 2108 3213 3296
6418 2 2 2 2 2909 1973 3276
6419 2 2 2 2 2975 3363 3368
6420 2 2 2 2 63 64 3340
6421 2 2 2 2 2761 2764 3316
6422 2 2 2 2 2584 2713 3318
6423 2 2 2 2 2116 2108 3296
6424 2 2 2 2 2860 2859 3333
6425 2 2 2 2 2025 2943 3356
6426 2 2 2 2 2218 3344 3347
6427 2 2 2 2 2343 2116 3296
6428 2 2 2 2 1987 1989 3342
6429 2 2 2 2 2211 2326 3312
6430 2 2 2 2 2321 2715 3327
6431 2 2 2 2 2726 2583 3314
6432 2 2 2 2 3012 3339 3351
6433 2 2 2 2 3293 2719 3349
6434 2 2 2 2 2671 2673 3321
6435 2 2 2 2 2661 2670 3320
6436 2 2 2 2 2200 2197 3329
6437 2 2 2 2 2501 2814 3322
6438 2 2 2 2 2432 2621 3308
6439 2 2 2 2 249 250 3326
6440 2 2 2 2 3284 3017 3336
6441 2 2 2 2 3065 2200 3329
6442 2 2 2 2 2598 3368 3369
6443 2 2 2 2 3021 3393 3394
6444 2 2 2 2 2481 3284 3336
6445 2 2 2 2 2077 3186 3334
6446 2 2 2 2 2765 2768 3323
6447 2 2 2 2 2218 3337 3344
6448 2 2 2 2 2590 3238 3327
6449 2 2 2 2 2714 2936 3344
6450 2 2 2 2 250 1943 3326
6451 2 2 2 2 2715 3303 3327
6452 2 2 2 2 3207 3028 3325
6453 2 2 2 2 3239 2390 3319
6454 2 2 2 2 3349 2719 3361
6455 2 2 2 2 3109 2021 3356
6456 2 2 2 2 2417 2377 3343
6457 2 2 2 2 2022 2025 3356
6458 2 2 2 2 3283 3207 3325
6459 2 2 2 2 2712 3283 3325
6460 2 2 2 2 2188 2356 3330
6461 2 2 2 2 3240 3361 3367
6462 2 2 2 2 3318 2713 3337
6463 2 2 2 2 2591 2576 3319
6464 2 2 2 2 1966 249 3326
6465 2 2 2 2 3238 2321 3327
6466 2 2 2 2 3070 2520 3331
6467 2 2 2 2 2670 2663 3332
6468 2 2 2 2 2576 2574 3319
6469 2 2 2 2 3072 3216 3376
6470 2 2 2 2 2574 3239 3319
6471 2 2 2 2 2007 2079 3335
6472 2 2 2 2 3116 3318 3337
6473 2 2 2 2 3214 2307 3348
6474 2 2 2 2 2962 2614 3364
6475 2 2 2 2 2596 3203 3358
6476 2 2 2 2 3013 3296 3339
6477 2 2 2 2 2597 3351 3363
6478 2 2 2 2 2379 3308 3343
6479 2 2 2 2 3302 2860 3333
6480 2 2 2 2 156 157 3365
6481 2 2 2 2 3371 3069 3378
6482 2 2 2 2 3296 3213 3339
6483 2 2 2 2 2957 3116 3337
6484 2 2 2 2 3270 2481 3336
6485 2 2 2 2 2592 2686 3373
6486 2 2 2 2 2595 2590 3355
6487 2 2 2 2 2709 2993 3366
6488 2 2 2 2 1953 2984 3390
6489 2 2 2 2 3203 3202 3358
6490 2 2 2 2 64 1953 3340
6491 2 2 2 2 3240 3227 3361
6492 2 2 2 2 2600 3280 3345
6493 2 2 2 2 2377 2379 3343
6494 2 2 2 2 3047 1990 3341
6495 2 2 2 2 3186 3317 3334
6496 2 2 2 2 1911 3101 3441
6497 2 2 2 2 1989 2077 3342
6498 2 2 2 2 3213 2324 3339
6499 2 2 2 2 2444 2709 3366
6500 2 2 2 2 2713 2714 3344
6501 2 2 2 2 2646 3019 3354
6502 2 2 2 2 2359 3293 3349
6503 2 2 2 2 3278 2359 3349
6504 2 2 2 2 2996 2997 3374
6505 2 2 2 2 2541 2428 3372
6506 2 2 2 2 1987 3342 3346
6507 2 2 2 2 2390 3282 3338
6508 2 2 2 2 2595 3355 3362
6509 2 2 2 2 3280 2417 3345
6510 2 2 2 2 2097 2218 3347
6511 2 2 2 2 3050 2565 3386
6512 2 2 2 2 3339 2324 3351
6513 2 2 2 2 2590 3327 3355
6514 2 2 2 2 2900 2012 3385
6515 2 2 2 2 2515 3233 3359
6516 2 2 2 2 3327 3303 3355
6517 2 2 2 2 2876 1940 3446
6518 2 2 2 2 1957 3033 3482
6519 2 2 2 2 2307 3203 3348
6520 2 2 2 2 2669 2692 3350
6521 2 2 2 2 2867 3299 3354
6522 2 2 2 2 3337 2713 3344
6523 2 2 2 2 3299 2646 3354
6524 2 2 2 2 2582 3278 3349
6525 2 2 2 2 2615 2988 3353
6526 2 2 2 2 3391 3038 3403
6527 2 2 2 2 2324 3245 3351
6528 2 2 2 2 2021 2022 3356
6529 2 2 2 2 2901 2629 3357
6530 2 2 2 2 2828 1915 3447
6531 2 2 2 2 3361 2719 3367
6532 2 2 2 2 3202 2091 3358
6533 2 2 2 2 2582 3349 3361
6534 2 2 2 2 257 1921 3375
6535 2 2 2 2 1964 256 3375
6536 2 2 2 2 3355 2436 3362
6537 2 2 2 2 2711 2413 3376
6538 2 2 2 2 3216 2711 3376
6539 2 2 2 2 2023 2963 3377
6540 2 2 2 2 3342 2077 3373
6541 2 2 2 2 3227 2582 3361
6542 2 2 2 2 3303 2436 3355
6543 2 2 2 2 2614 2864 3364
6544 2 2 2 2 3357 2629 3366
6545 2 2 2 2 2093 3240 3367
6546 2 2 2 2 3351 3245 3363
6547 2 2 2 2 1937 2815 3434
6548 2 2 2 2 2436 2599 3362
6549 2 2 2 2 3245 2110 3363
6550 2 2 2 2 3120 2027 3377
6551 2 2 2 2 2024 2023 3377
6552 2 2 2 2 157 1954 3365
6553 2 2 2 2 2855 1958 3405
6554 2 2 2 2 2093 3367 3371
6555 2 2 2 2 2686 3342 3373
6556 2 2 2 2 3453 2336 3505
6557 2 2 2 2 3363 2110 3368
6558 2 2 2 2 2935 2887 3370
6559 2 2 2 2 3059 2935 3370
6560 2 2 2 2 2629 2444 3366
6561 2 2 2 2 2719 2718 3367
6562 2 2 2 2 2323 2093 3371
6563 2 2 2 2 2110 3265 3368
6564 2 2 2 2 2997 3348 3374
6565 2 2 2 2 3379 2725 3380
6566 2 2 2 2 3367 2718 3371
6567 2 2 2 2 3348 3360 3374
6568 2 2 2 2 2770 2772 3389
6569 2 2 2 2 3031 2790 3382
6570 2 2 2 2 3348 3203 3360
6571 2 2 2 2 3368 3265 3369
6572 2 2 2 2 3265 2323 3369
6573 2 2 2 2 2487 2725 3379
6574 2 2 2 2 2464 2463 3380
6575 2 2 2 2 2718 3069 3371
6576 2 2 2 2 2805 2541 3372
6577 2 2 2 2 2808 2690 3382
6578 2 2 2 2 2012 3177 3385
6579 2 2 2 2 1913 263 3384
6580 2 2 2 2 264 3146 3384
6581 2 2 2 2 2565 2415 3386
6582 2 2 2 2 1915 3151 3388
6583 2 2 2 2 2323 3371 3378
6584 2 2 2 2 3378 3069 3379
6585 2 2 2 2 3286 2588 3383
6586 2 2 2 2 2464 3380 3381
6587 2 2 2 2 2968 3286 3383
6588 2 2 2 2 2077 3334 3373
6589 2 2 2 2 256 257 3375
6590 2 2 2 2 2413 2430 3376
6591 2 2 2 2 2602 3369 3378
6592 2 2 2 2 3402 3067 3507
6593 2 2 2 2 3076 3078 3387
6594 2 2 2 2 2027 2024 3377
6595 2 2 2 2 2427 3038 3391
6596 2 2 2 2 3360 2587 3374
6597 2 2 2 2 2777 2613 3392
6598 2 2 2 2 2812 3188 3391
6599 2 2 2 2 2602 3379 3380
6600 2 2 2 2 2772 2915 3389
6601 2 2 2 2 2920 1945 3444
6602 2 2 2 2 3069 2487 3379
6603 2 2 2 2 3078 3330 3387
6604 2 2 2 2 2984 3362 3390
6605 2 2 2 2 2463 2602 3380
6606 2 2 2 2 1938 2830 3433
6607 2 2 2 2 2928 1965 3445
6608 2 2 2 2 2602 3378 3379
6609 2 2 2 2 2690 3031 3382
6610 2 2 2 2 3362 2599 3390
6611 2 2 2 2 2725 2726 3381
6612 2 2 2 2 263 264 3384
6613 2 2 2 2 3177 2565 3385
6614 2 2 2 2 2588 2841 3383
6615 2 2 2 2 2415 2505 3386
6616 2 2 2 2 3330 2717 3387
6617 2 2 2 2 3380 2725 3381
6618 2 2 2 2 3369 2323 3378
6619 2 2 2 2 1961 2813 3421
6620 2 2 2 2 3151 3301 3388
6621 2 2 2 2 2813 3391 3403
6622 2 2 2 2 3343 3308 3393
6623 2 2 2 2 282 1935 3396
6624 2 2 2 2 3147 281 3396
6625 2 2 2 2 252 3243 3395
6626 2 2 2 2 1921 258 3397
6627 2 2 2 2 1943 251 3395
6628 2 2 2 2 1959 277 3399
6629 2 2 2 2 278 3145 3399
6630 2 2 2 2 142 143 3401
6631 2 2 2 2 3023 3343 3393
6632 2 2 2 2 247 248 3400
6633 2 2 2 2 268 1916 3402
6634 2 2 2 2 1937 2817 3510
6635 2 2 2 2 2817 2816 3510
6636 2 2 2 2 3067 3066 3404
6637 2 2 2 2 3002 2603 3406
6638 2 2 2 2 2773 2855 3405
6639 2 2 2 2 2607 2617 3404
6640 2 2 2 2 2915 2774 3405
6641 2 2 2 2 1927 3461 3464
6642 2 2 2 2 3461 2789 3464
6643 2 2 2 2 2791 3097 3499
6644 2 2 2 2 2805 3413 3506
6645 2 2 2 2 3188 2427 3391
6646 2 2 2 2 3097 2609 3407
6647 2 2 2 2 2599 2831 3390
6648 2 2 2 2 2613 3002 3392
6649 2 2 2 2 161 162 3408
6650 2 2 2 2 2834 1918 3503
6651 2 2 2 2 2822 3388 3416
6652 2 2 2 2 2891 1921 3494
6653 2 2 2 2 2617 2769 3493
6654 2 2 2 2 2827 3453 3505
6655 2 2 2 2 1918 291 3411
6656 2 2 2 2 3338 3282 3409
6657 2 2 2 2 292 1956 3411
6658 2 2 2 2 1956 293 3412
6659 2 2 2 2 294 1928 3412
6660 2 2 2 2 2939 1932 3417
6661 2 2 2 2 1944 2852 3451
6662 2 2 2 2 160 161 3414
6663 2 2 2 2 1916 3095 3496
6664 2 2 2 2 3067 1933 3507
6665 2 2 2 2 3103 1911 3462
6666 2 2 2 2 3393 2621 3394
6667 2 2 2 2 2621 2829 3394
6668 2 2 2 2 2910 2801 3429
6669 2 2 2 2 3308 2621 3393
6670 2 2 2 2 284 285 3418
6671 2 2 2 2 3095 1916 3465
6672 2 2 2 2 2827 2823 3416
6673 2 2 2 2 251 252 3395
6674 2 2 2 2 149 1961 3421
6675 2 2 2 2 1907 148 3421
6676 2 2 2 2 2726 3314 3415
6677 2 2 2 2 281 282 3396
6678 2 2 2 2 258 259 3397
6679 2 2 2 2 2880 2879 3432
6680 2 2 2 2 2753 2752 3424
6681 2 2 2 2 2815 1937 3510
6682 2 2 2 2 2844 2847 3426
6683 2 2 2 2 1942 298 3420
6684 2 2 2 2 299 1965 3420
6685 2 2 2 2 2802 2803 3426
6686 2 2 2 2 141 142 3425
6687 2 2 2 2 2786 2787 3398
6688 2 2 2 2 277 278 3399
6689 2 2 2 2 3389 2915 3495
6690 2 2 2 2 248 1966 3400
6691 2 2 2 2 2752 2750 3427
6692 2 2 2 2 2954 2955 3413
6693 2 2 2 2 143 1922 3401
6694 2 2 2 2 3143 1909 3430
6695 2 2 2 2 3413 1908 3506
6696 2 2 2 2 267 268 3402
6697 2 2 2 2 156 3365 3431
6698 2 2 2 2 2801 2766 3422
6699 2 2 2 2 3038 3036 3403
6700 2 2 2 2 2836 2776 3429
6701 2 2 2 2 2668 3005 3432
6702 2 2 2 2 3136 2734 3430
6703 2 2 2 2 2783 3301 3490
6704 2 2 2 2 1958 2855 3504
6705 2 2 2 2 3066 2607 3404
6706 2 2 2 2 2774 2773 3405
6707 2 2 2 2 1908 155 3431
6708 2 2 2 2 3365 2806 3431
6709 2 2 2 2 3392 3002 3498
6710 2 2 2 2 3306 2834 3503
6711 2 2 2 2 2603 2942 3406
6712 2 2 2 2 2934 1912 3438
6713 2 2 2 2 3037 2733 3435
6714 2 2 2 2 2871 1943 3492
6715 2 2 2 2 2727 2969 3437
6716 2 2 2 2 2742 3134 3433
6717 2 2 2 2 2830 2744 3433
6718 2 2 2 2 2805 3372 3413
6719 2 2 2 2 270 271 3434
6720 2 2 2 2 2832 1957 3454
6721 2 2 2 2 151 1936 3436
6722 2 2 2 2 1961 150 3436
6723 2 2 2 2 1912 178 3438
6724 2 2 2 2 2679 2678 3446
6725 2 2 2 2 179 1963 3438
6726 2 2 2 2 170 1911 3441
6727 2 2 2 2 1955 169 3441
6728 2 2 2 2 165 1910 3442
6729 2 2 2 2 78 3 3486
6730 2 2 2 2 2 31 3487
6731 2 2 2 2 6 55 3488
6732 2 2 2 2 54 5 3489
6733 2 2 2 2 3 135 3486
6734 2 2 2 2 190 2 3487
6735 2 2 2 2 302 6 3488
6736 2 2 2 2 5 247 3489
6737 2 2 2 2 3301 1959 3490
6738 2 2 2 2 1944 138 3439
6739 2 2 2 2 2535 2537 3443
6740 2 2 2 2 2808 3382 3497
6741 2 2 2 2 3133 2721 3449
6742 2 2 2 2 177 1912 3448
6743 2 2 2 2 3477 2591 3480
6744 2 2 2 2 3005 2720 3423
6745 2 2 2 2 3089 2336 3453
6746 2 2 2 2 3353 2990 3502
6747 2 2 2 2 1967 2927 3488
6748 2 2 2 2 1969 2919 3487
6749 2 2 2 2 2908 2891 3494
6750 2 2 2 2 288 289 3454
6751 2 2 2 2 2785 2784 3453
6752 2 2 2 2 2970 2971 3461
6753 2 2 2 2 2425 2452 3452
6754 2 2 2 2 2949 1948 3481
6755 2 2 2 2 296 297 3456
6756 2 2 2 2 137 1944 3451
6757 2 2 2 2 289 290 3459
6758 2 2 2 2 172 1960 3462
6759 2 2 2 2 1911 171 3462
6760 2 2 2 2 2533 2716 3457
6761 2 2 2 2 184 1940 3460
6762 2 2 2 2 273 2828 3467
6763 2 2 2 2 269 270 3465
6764 2 2 2 2 1937 272 3467
6765 2 2 2 2 2974 1919 3472
6766 2 2 2 2 1928 3353 3502
6767 2 2 2 2 49 1941 3470
6768 2 2 2 2 2811 1936 3455
6769 2 2 2 2 2940 2871 3492
6770 2 2 2 2 2462 2464 3468
6771 2 2 2 2 3403 3419 3501
6772 2 2 2 2 295 296 3474
6773 2 2 2 2 2800 2830 3442
6774 2 2 2 2 287 1957 3482
6775 2 2 2 2 1914 286 3482
6776 2 2 2 2 2609 2611 3407
6777 2 2 2 2 3477 2949 3481
6778 2 2 2 2 2780 3268 3469
6779 2 2 2 2 1940 3255 3446
6780 2 2 2 2 1918 2834 3459
6781 2 2 2 2 3382 2790 3484
6782 2 2 2 2 3382 1935 3497
6783 2 2 2 2 2579 2591 3477
6784 2 2 2 2 3095 2792 3496
6785 2 2 2 2 1933 266 3507
6786 2 2 2 2 283 284 3497
6787 2 2 2 2 260 1958 3504
6788 2 2 2 2 3473 2787 3481
6789 2 2 2 2 162 1938 3408
6790 2 2 2 2 2826 3095 3465
6791 2 2 2 2 3403 3036 3419
6792 2 2 2 2 1910 3150 3427
6793 2 2 2 2 3409 2781 3410
6794 2 2 2 2 3282 2781 3409
6795 2 2 2 2 2942 2941 3508
6796 2 2 2 2 2781 2799 3410
6797 2 2 2 2 1945 188 3444
6798 2 2 2 2 1965 300 3445
6799 2 2 2 2 1935 3382 3484
6800 2 2 2 2 2611 2782 3509
6801 2 2 2 2 2815 2826 3434
6802 2 2 2 2 2720 2932 3423
6803 2 2 2 2 2959 2679 3428
6804 2 2 2 2 2871 2786 3491
6805 2 2 2 2 291 292 3411
6806 2 2 2 2 3468 2974 3472
6807 2 2 2 2 293 294 3412
6808 2 2 2 2 3149 1955 3424
6809 2 2 2 2 3144 1907 3419
6810 2 2 2 2 2591 3338 3480
6811 2 2 2 2 3326 2871 3491
6812 2 2 2 2 3030 1968 3486
6813 2 2 2 2 2807 2808 3418
6814 2 2 2 2 1960 3148 3422
6815 2 2 2 2 1936 152 3455
6816 2 2 2 2 47 48 3479
6817 2 2 2 2 2985 1925 3478
6818 2 2 2 2 1952 2985 3476
6819 2 2 2 2 1915 3388 3447
6820 2 2 2 2 1909 160 3414
6821 2 2 2 2 2823 2822 3416
6822 2 2 2 2 2992 1952 3475
6823 2 2 2 2 3476 2985 3478
6824 2 2 2 2 3398 2787 3473
6825 2 2 2 2 2833 2832 3454
6826 2 2 2 2 2828 2817 3467
6827 2 2 2 2 3372 2954 3413
6828 2 2 2 2 2972 2974 3471
6829 2 2 2 2 3314 2789 3415
6830 2 2 2 2 2834 2833 3459
6831 2 2 2 2 3475 1952 3476
6832 2 2 2 2 1932 3000 3417
6833 2 2 2 2 2766 3104 3422
6834 2 2 2 2 139 2847 3439
6835 2 2 2 2 285 1914 3418
6836 2 2 2 2 3036 3037 3419
6837 2 2 2 2 189 2919 3444
6838 2 2 2 2 2836 176 3448
6839 2 2 2 2 2852 3030 3451
6840 2 2 2 2 301 2927 3445
6841 2 2 2 2 2820 2828 3447
6842 2 2 2 2 3243 1929 3508
6843 2 2 2 2 1941 3410 3470
6844 2 2 2 2 3397 259 3504
6845 2 2 2 2 1942 2864 3456
6846 2 2 2 2 298 299 3420
6847 2 2 2 2 148 149 3421
6848 2 2 2 2 3388 2822 3447
6849 2 2 2 2 2920 2918 3450
6850 2 2 2 2 267 3402 3507
6851 2 2 2 2 1963 3221 3423
6852 2 2 2 2 3100 2753 3424
6853 2 2 2 2 3419 1907 3501
6854 2 2 2 2 153 2955 3455
6855 2 2 2 2 2880 183 3460
6856 2 2 2 2 2891 2777 3485
6857 2 2 2 2 2971 3415 3461
6858 2 2 2 2 2803 2844 3426
6859 2 2 2 2 1939 141 3425
6860 2 2 2 2 3001 1927 3464
6861 2 2 2 2 2921 1947 3458
6862 2 2 2 2 2716 3417 3457
6863 2 2 2 2 2999 3001 3463
6864 2 2 2 2 2750 3122 3427
6865 2 2 2 2 1947 2939 3458
6866 2 2 2 2 3375 2891 3485
6867 2 2 2 2 2918 2921 3450
6868 2 2 2 2 3463 3001 3464
6869 2 2 2 2 2865 3353 3474
6870 2 2 2 2 2770 3389 3483
6871 2 2 2 2 3256 1945 3428
6872 2 2 2 2 3145 1917 3509
6873 2 2 2 2 2776 2910 3429
6874 2 2 2 2 2879 2668 3432
6875 2 2 2 2 3353 1928 3474
6876 2 2 2 2 3381 2726 3466
6877 2 2 2 2 3000 2999 3463
6878 2 2 2 2 2864 2865 3456
6879 2 2 2 2 2734 3133 3430
6880 2 2 2 2 2878 2880 3460
6881 2 2 2 2 155 156 3431
6882 2 2 2 2 2769 2770 3483
6883 2 2 2 2 1929 3406 3508
6884 2 2 2 2 2814 2836 3448
6885 2 2 2 2 3410 2799 3470
6886 2 2 2 2 188 189 3444
6887 2 2 2 2 300 301 3445
6888 2 2 2 2 152 153 3455
6889 2 2 2 2 2816 2815 3510
6890 2 2 2 2 2744 2742 3433
6891 2 2 2 2 3389 1913 3483
6892 2 2 2 2 271 1937 3434
6893 2 2 2 2 2825 3090 3500
6894 2 2 2 2 2847 2846 3439
6895 2 2 2 2 2733 3011 3435
6896 2 2 2 2 3011 2727 3437
6897 2 2 2 2 150 151 3436
6898 2 2 2 2 178 179 3438
6899 2 2 2 2 2537 2959 3440
6900 2 2 2 2 138 139 3439
6901 2 2 2 2 2777 3392 3485
6902 2 2 2 2 169 170 3441
6903 2 2 2 2 2822 2820 3447
6904 2 2 2 2 164 165 3442
6905 2 2 2 2 2919 2920 3444
6906 2 2 2 2 2927 2928 3445
6907 2 2 2 2 3384 2769 3483
6908 2 2 2 2 3030 136 3451
6909 2 2 2 2 2716 2535 3443
6910 2 2 2 2 2678 2876 3446
6911 2 2 2 2 3402 1916 3496
6912 2 2 2 2 176 177 3448
6913 2 2 2 2 2721 3084 3449
6914 2 2 2 2 1929 3230 3498
6915 2 2 2 2 3090 2156 3500
6916 2 2 2 2 1918 3411 3503
6917 2 2 2 2 1917 3147 3499
6918 2 2 2 2 136 137 3451
6919 2 2 2 2 2616 2425 3452
6920 2 2 2 2 1921 3397 3494
6921 2 2 2 2 2784 3089 3453
6922 2 2 2 2 1957 288 3454
6923 2 2 2 2 2955 2811 3455
6924 2 2 2 2 2452 2533 3457
6925 2 2 2 2 297 1942 3456
6926 2 2 2 2 3412 1928 3502
6927 2 2 2 2 1927 2970 3461
6928 2 2 2 2 1958 3187 3495
6929 2 2 2 2 290 1918 3459
6930 2 2 2 2 1917 3407 3509
6931 2 2 2 2 183 184 3460
6932 2 2 2 2 171 172 3462
6933 2 2 2 2 1925 47 3479
6934 2 2 2 2 2949 3477 3480
6935 2 2 2 2 2789 2616 3464
6936 2 2 2 2 3146 1933 3493
6937 2 2 2 2 1943 3395 3492
6938 2 2 2 2 1916 269 3465
6939 2 2 2 2 2616 3463 3464
6940 2 2 2 2 2971 2972 3466
6941 2 2 2 2 2156 2961 3500
6942 2 2 2 2 3392 1964 3485
6943 2 2 2 2 272 273 3467
6944 2 2 2 2 2778 2462 3468
6945 2 2 2 2 2924 1970 3473
6946 2 2 2 2 1959 3399 3490
6947 2 2 2 2 3090 2825 3505
6948 2 2 2 2 3415 2789 3461
6949 2 2 2 2 2924 3473 3481
6950 2 2 2 2 48 49 3470
6951 2 2 2 2 2959 3428 3440
6952 2 2 2 2 1919 2992 3472
6953 2 2 2 2 2799 2780 3469
6954 2 2 2 2 2790 2791 3484
6955 2 2 2 2 247 3400 3489
6956 2 2 2 2 1928 295 3474
6957 2 2 2 2 1948 2924 3481
6958 2 2 2 2 3269 2778 3475
6959 2 2 2 2 2948 2949 3480
6960 2 2 2 2 2779 3269 3476
6961 2 2 2 2 2779 3476 3478
6962 2 2 2 2 3269 3475 3476
6963 2 2 2 2 2787 2579 3477
6964 2 2 2 2 3268 2779 3478
6965 2 2 2 2 3417 3000 3457
6966 2 2 2 2 286 287 3482
6967 2 2 2 2 3396 1935 3484
6968 2 2 2 2 1968 78 3486
6969 2 2 2 2 31 1969 3487
6970 2 2 2 2 1913 3384 3483
6971 2 2 2 2 55 1967 3488
6972 2 2 2 2 1970 54 3489
6973 2 2 2 2 2782 2783 3490
6974 2 2 2 2 1964 3375 3485
6975 2 2 2 2 2788 2908 3494
6976 2 2 2 2 2941 2940 3492
6977 2 2 2 2 1908 3431 3506
6978 2 2 2 2 1966 3326 3491
6979 2 2 2 2 2787 3477 3481
6980 2 2 2 2 3404 2617 3493
6981 2 2 2 2 2336 3090 3505
6982 2 2 2 2 1907 3421 3501
6983 2 2 2 2 2915 3405 3495
6984 2 2 2 2 2798 3402 3496
6985 2 2 2 2 3002 3406 3498
6986 2 2 2 2 2464 3381 3471
6987 2 2 2 2 3406 1929 3498
6988 2 2 2 2 3397 2788 3494
6989 2 2 2 2 2792 2798 3496
6990 2 2 2 2 3440 2920 3450
6991 2 2 2 2 1935 283 3497
6992 2 2 2 2 3097 3407 3499
6993 2 2 2 2 2990 2991 3502
6994 2 2 2 2 3405 1958 3495
6995 2 2 2 2 3395 2941 3492
6996 2 2 2 2 3407 1917 3499
6997 2 2 2 2 259 260 3504
6998 2 2 2 2 3443 2921 3458
6999 2 2 2 2 2825 2827 3505
7000 2 2 2 2 2806 2805 3506
7001 2 2 2 2 266 267 3507
7002 2 2 2 2 3094 3306 3503
7003 2 2 2 2 1933 3404 3493
7004 2 2 2 2 2778 3468 3472
7005 2 2 2 2 2791 3396 3484
7006 2 2 2 2 3399 2782 3490
7007 2 2 2 2 3398 1966 3491
7008 2 2 2 2 3411 3094 3503
7009 2 2 2 2 2786 3398 3491
7010 2 2 2 2 3400 1970 3489
7011 2 2 2 2 3452 3000 3463
7012 2 2 2 2 2991 3412 3502
7013 2 2 2 2 2813 3403 3501
7014 2 2 2 2 2537 3440 3450
7015 2 2 2 2 2716 3443 3458
7016 2 2 2 2 3406 2942 3508
7017 2 2 2 2 3381 3466 3471
7018 2 2 2 2 3466 2972 3471
7019 2 2 2 2 2616 3452 3463
7020 2 2 2 2 3407 2611 3509
7021 2 2 2 2 2778 3472 3475
7022 2 2 2 2 3472 2992 3475
7023 2 2 2 2 3469 1925 3479
7024 2 2 2 2 3421 2813 3501
7025 2 2 2 2 2799 3469 3479
7026 2 2 2 2 3431 2806 3506
$EndElements
