$MeshFormat
2.2 0 8
$EndMeshFormat
$Nodes
1372
1 0 0 0
2 4.5 0 0
3 9 0 0
4 0 2 0
5 4.5 2 0
6 9 2 0
7 0 1.874999999999479 0
8 0 1.749999999999002 0
9 0 1.624999999999825 0
10 0 1.500000000000693 0
11 0 1.37500000000156 0
12 0 1.250000000002427 0
13 0 1.125000000003294 0
14 0 1.000000000004118 0
15 0 0.8750000000036413 0
16 0 0.7500000000031211 0
17 0 0.625000000002601 0
18 0 0.5000000000020806 0
19 0 0.3750000000015605 0
20 0 0.2500000000010403 0
21 0 0.1250000000005203 0
22 4.5 0.1249999999997466 0
23 4.5 0.2499999999995478 0
24 4.5 0.3749999999991891 0
25 4.5 0.499999999998825 0
26 4.5 0.6249999999984605 0
27 4.5 0.7499999999980959 0
28 4.5 0.8749999999977314 0
29 4.5 0.9999999999973884 0
30 4.5 1.124999999997696 0
31 4.5 1.249999999998025 0
32 4.5 1.374999999998354 0
33 4.5 1.499999999998683 0
34 4.5 1.624999999999013 0
35 4.5 1.749999999999342 0
36 4.5 1.874999999999671 0
37 9 1.874999999999479 0
38 9 1.749999999999002 0
39 9 1.624999999999825 0
40 9 1.500000000000693 0
41 9 1.37500000000156 0
42 9 1.250000000002427 0
43 9 1.125000000003294 0
44 9 1.000000000004118 0
45 9 0.8750000000036413 0
46 9 0.7500000000031211 0
47 9 0.625000000002601 0
48 9 0.5000000000020806 0
49 9 0.3750000000015605 0
50 9 0.2500000000010403 0
51 9 0.1250000000005203 0
52 0.1285714285711119 0 0
53 0.2571428571421899 0 0
54 0.3857142857133807 0 0
55 0.5142857142846048 0 0
56 0.6428571428556306 0 0
57 0.7714285714265374 0 0
58 0.8999999999974444 0 0
59 1.028571428568351 0 0
60 1.157142857139258 0 0
61 1.285714285710164 0 0
62 1.414285714281071 0 0
63 1.542857142851977 0 0
64 1.671428571422884 0 0
65 1.79999999999379 0 0
66 1.928571428564697 0 0
67 2.057142857135603 0 0
68 2.18571428570651 0 0
69 2.314285714278051 0 0
70 2.442857142850226 0 0
71 2.571428571422401 0 0
72 2.699999999994576 0 0
73 2.828571428566751 0 0
74 2.957142857138925 0 0
75 3.085714285711101 0 0
76 3.214285714283276 0 0
77 3.342857142855451 0 0
78 3.471428571427625 0 0
79 3.5999999999998 0 0
80 3.728571428571976 0 0
81 3.85714285714415 0 0
82 3.985714285716261 0 0
83 4.114285714287276 0 0
84 4.242857142858184 0 0
85 4.371428571429092 0 0
86 8.871428571428572 0 0
87 8.742857142857142 0 0
88 8.614285714285714 0 0
89 8.485714285714284 0 0
90 8.357142857142856 0 0
91 8.228571428571428 0 0
92 8.099999999999998 0 0
93 7.97142857142857 0 0
94 7.842857142857142 0 0
95 7.714285714285714 0 0
96 7.585714285714285 0 0
97 7.457142857142856 0 0
98 7.328571428571428 0 0
99 7.199999999999999 0 0
100 7.071428571428571 0 0
101 6.942857142857143 0 0
102 6.814285714285715 0 0
103 6.685714285714286 0 0
104 6.557142857142858 0 0
105 6.428571428571429 0 0
106 6.300000000000001 0 0
107 6.171428571428573 0 0
108 6.042857142857144 0 0
109 5.914285714285716 0 0
110 5.785714285714287 0 0
111 5.657142857142859 0 0
112 5.528571428571431 0 0
113 5.400000000000002 0 0
114 5.271428571428574 0 0
115 5.142857142857146 0 0
116 5.014285714285718 0 0
117 4.885714285714289 0 0
118 4.75714285714286 0 0
119 4.628571428571429 0 0
120 4.371428571429062 2 0
121 4.242857142858123 2 0
122 4.114285714287186 2 0
123 3.985714285716247 2 0
124 3.857142857145309 2 0
125 3.728571428574371 2 0
126 3.600000000003432 2 0
127 3.471428571432495 2 0
128 3.342857142861556 2 0
129 3.214285714290619 2 0
130 3.085714285719681 2 0
131 2.957142857148743 2 0
132 2.828571428577805 2 0
133 2.700000000006868 2 0
134 2.57142857143593 2 0
135 2.442857142864992 2 0
136 2.314285714294054 2 0
137 2.185714285722481 2 0
138 2.057142857150275 2 0
139 1.928571428578069 2 0
140 1.800000000005863 2 0
141 1.671428571433657 2 0
142 1.54285714286145 2 0
143 1.414285714289244 2 0
144 1.285714285717038 2 0
145 1.157142857144831 2 0
146 1.028571428572625 2 0
147 0.9000000000004191 2 0
148 0.771428571428213 2 0
149 0.6428571428560064 2 0
150 0.5142857142838646 2 0
151 0.3857142857128171 2 0
152 0.2571428571418783 2 0
153 0.1285714285709396 2 0
154 4.628571428571429 2 0
155 4.757142857142858 2 0
156 4.885714285714286 2 0
157 5.014285714285715 2 0
158 5.142857142857144 2 0
159 5.271428571428572 2 0
160 5.400000000000001 2 0
161 5.52857142857143 2 0
162 5.657142857142858 2 0
163 5.785714285714286 2 0
164 5.914285714285715 2 0
165 6.042857142857144 2 0
166 6.171428571428572 2 0
167 6.300000000000001 2 0
168 6.428571428571429 2 0
169 6.557142857142857 2 0
170 6.685714285714285 2 0
171 6.814285714285714 2 0
172 6.942857142857142 2 0
173 7.071428571428571 2 0
174 7.199999999999999 2 0
175 7.328571428571427 2 0
176 7.457142857142856 2 0
177 7.585714285714284 2 0
178 7.714285714285713 2 0
179 7.842857142857141 2 0
180 7.971428571428569 2 0
181 8.099999999999998 2 0
182 8.228571428571426 2 0
183 8.357142857142854 2 0
184 8.485714285714282 2 0
185 8.61428571428571 2 0
186 8.74285714285714 2 0
187 8.87142857142857 2 0
188 1.092716852437748 0.1114518774285345 0
189 3.405623668826859 1.886601838809052 0
190 1.607142857137431 0.1111921387474335 0
191 2.892857142863273 1.888926018406297 0
192 2.12142857142111 0.1110481072414093 0
193 2.378571428579471 1.889049285978578 0
194 3.146335076589816 0.1106497634706567 0
195 1.35000000000314 1.889270504735113 0
196 2.635714285708488 0.1109166967775474 0
197 1.864285714291966 1.889164551407275 0
198 0.1220490906178998 1.07921324207015 0
199 4.402317175062625 0.9319318089389841 0
200 0.8354875011928936 1.888644022454229 0
201 3.664402162839305 0.1112693682593633 0
202 0.1229067914923301 0.6754543729491155 0
203 4.382270980828048 1.317851853051655 0
204 0.7068715620131174 0.1113811115079104 0
205 3.789306523442405 1.886639501849662 0
206 0.1019778122051139 1.431034737047357 0
207 4.395391640957195 0.5728606089079029 0
208 0.4497591511570327 1.888790962115303 0
209 4.049961135015889 0.1107814434118173 0
210 0.4497961183976826 0.1112280320439403 0
211 4.048340667439737 1.887396350400883 0
212 1.092057093405548 1.888946436085878 0
213 3.403410654303391 0.1111186277921508 0
214 2.121428571436264 1.889108141742527 0
215 2.378571428564253 0.1109815198061775 0
216 2.891939296872936 0.1113525415321434 0
217 1.607142857147553 1.889218035408926 0
218 2.635714285721399 1.888988711479062 0
219 3.150000000005147 1.888862203030403 0
220 1.34992977604208 0.111314627657965 0
221 1.864285714279244 0.1111177927583659 0
222 0.1153078046129613 0.4398002268744048 0
223 4.382163385626972 1.550651422171742 0
224 0.08562274422042726 1.683408201889605 0
225 4.391746824527258 0.3124999999993684 0
226 0.1981921890129618 0.1081796018540631 0
227 4.316085853135932 1.887872883930097 0
228 0.1940928211942288 1.896733448733299 0
229 4.305907178805883 0.103266551266513 0
230 0.3216327036682489 1.890281241155007 0
231 0.3856182487452516 1.778380815715425 0
232 0.5133348239832712 1.777912540337885 0
233 0.4463698259201561 1.665657479181816 0
234 0.5762638293013249 1.666995001614683 0
235 0.5092773597265542 1.554836603334162 0
236 0.6394817904067083 1.55646814648932 0
237 0.5749800468932491 1.446022579690921 0
238 0.7032326518875476 1.446334126455023 0
239 0.6387950365441404 1.335928231142314 0
240 0.766752492955818 1.336002754322936 0
241 0.7028431725553368 1.225817294709952 0
242 0.8303834708165007 1.225649394218876 0
243 0.7664648523905927 1.115463570845491 0
244 0.893960818769191 1.115082209810736 0
245 0.8299061672528604 1.004662460470328 0
246 0.9576168607687913 1.004395721981504 0
247 1.021516432986423 1.114955245413171 0
248 1.085416512471485 1.004090095743225 0
249 1.149441116675022 1.114835013263585 0
250 1.213379321442669 1.003742901179998 0
251 1.277657035934137 1.114523142145434 0
252 1.341513120164833 1.003411106260763 0
253 1.405844258331006 1.114289380081595 0
254 1.469725874733326 1.003098171018546 0
255 1.534087871132769 1.114041525845379 0
256 1.598002619452131 1.002802032926319 0
257 1.662402991057617 1.113795517831105 0
258 1.726347345312686 1.002507444413013 0
259 1.790778139753435 1.113553231628964 0
260 1.854745775268996 1.002210990510929 0
261 1.919195199551276 1.113297744648117 0
262 1.983180578901907 1.001923569633681 0
263 2.047642610219549 1.113034745892402 0
264 2.111641825641472 1.001642326062444 0
265 2.176118506790469 1.11277204102125 0
266 2.240129011664566 1.001361591840352 0
267 2.304617073268096 1.112510632632815 0
268 2.368636261450384 1.001080149974771 0
269 2.433131245097422 1.112244327653713 0
270 2.497157011185676 1.000802039122886 0
271 2.561657370135821 1.111976460625459 0
272 2.625689027617289 1.000525786856246 0
273 2.690192372352205 1.111706431803646 0
274 2.754227455520323 1.000253270363431 0
275 2.818731497859473 1.111434746645084 0
276 2.882764095604786 1.000078927861959 0
277 2.947263016191693 1.111173886614187 0
278 3.011470056141216 0.9999383940429235 0
279 3.07580566025091 1.110918272674086 0
280 3.140004554548184 0.9996184614921311 0
281 3.204293728797968 1.11061503696968 0
282 3.268259217867442 0.9992077614184597 0
283 3.332660923205145 1.110279225398371 0
284 3.396550624697568 0.9990175999389224 0
285 3.460836832046782 1.10985011479205 0
286 3.524562630938038 0.9989026943433174 0
287 3.588706237327595 1.109400965107496 0
288 0.8934398384584654 0.8939953761786115 0
289 3.652385672327874 0.9989784921818228 0
290 1.277157813218438 0.892609621512012 0
291 3.588350597365582 0.8883357798771347 0
292 1.790280217135693 0.8911526327951101 0
293 2.304135275045145 0.8899264704918549 0
294 2.818660068916332 0.889197122340979 0
295 3.204417505788966 0.8883940106234071 0
296 3.716025051219223 0.8888223215603587 0
297 3.716396579457257 1.109433300388224 0
298 0.7658008826817493 0.8942454199490848 0
299 3.652838267612673 1.219714850850717 0
300 0.8293090525642823 0.7836269217145453 0
301 3.268754827801681 1.221534372878219 0
302 2.754696069712997 1.222892029883185 0
303 1.213453240207634 1.225706259796873 0
304 2.24059085722149 1.223929320741838 0
305 1.726792255342634 1.224802111603399 0
306 3.652075391866223 0.7780562544706404 0
307 3.779478633858752 0.7782518714685742 0
308 3.780299165029892 1.219480283441653 0
309 0.7018151243601529 0.7840019652532171 0
310 3.716921898704755 1.329874559518819 0
311 3.844240873074032 1.329381274714501 0
312 0.7654089476044446 0.6733985683854817 0
313 0.8928646706858667 0.6729197933749564 0
314 0.637685011001294 0.6736851663642665 0
315 3.907497985451527 1.219156273633613 0
316 0.636522328563948 0.8910602576051208 0
317 0.8307895756285681 1.446300130925238 0
318 3.715631685254292 0.6677119645898411 0
319 3.588203565718459 0.667502125471754 0
320 3.84295406368382 0.6674616036527091 0
321 3.01179372974747 1.222215396144041 0
322 2.561178863540444 0.8893500057244716 0
323 2.497621594890167 1.223419959162371 0
324 2.047155367689156 0.890523029883723 0
325 1.983632088511257 1.224415491339443 0
326 1.533577359513717 0.8918365465035663 0
327 1.470153505135559 1.225210799107644 0
328 3.906765614272953 0.7778277107737086 0
329 0.5752022725125567 1.22417078950231 0
330 0.8288833049090767 0.5625814062932806 0
331 0.9565758503801556 0.5620922766088182 0
332 3.779151674516559 0.557359607656486 0
333 3.906317993336066 0.5572161381957353 0
334 3.971267337585937 1.328873770384804 0
335 3.908217630756442 1.439126404103846 0
336 4.034317528877038 1.21878998793761 0
337 0.8928055911614883 0.4518122607788615 0
338 0.7667704551806419 0.4496984958070827 0
339 1.020292371466428 0.4510889105364616 0
340 3.589422289842697 1.33031933346515 0
341 3.653546401759598 1.440655447209951 0
342 3.525837262972274 1.441156078816085 0
343 1.08456967479557 0.5617527566832715 0
344 1.148313185234202 0.450611898959588 0
345 1.212726674459361 0.5614299975195202 0
346 1.276519352014371 0.4501797942308611 0
347 1.340981509941924 0.5610880880009 0
348 1.404821926292617 0.4497750923406049 0
349 1.469323622028965 0.5607447544438549 0
350 1.53319152040093 0.4494722090779523 0
351 1.597718156675956 0.5604111669442884 0
352 1.661609224959401 0.4491041508031013 0
353 1.726152745316556 0.5600637180898033 0
354 1.790063102107939 0.4488106235158192 0
355 1.854620293915891 0.5597229060299818 0
356 1.918543585045397 0.448451051054978 0
357 1.983110264222975 0.5593694275987755 0
358 2.047044305432488 0.4481552048979588 0
359 2.111618845643732 0.5590235600139619 0
360 2.175560905374169 0.4477985837398562 0
361 2.240140962073648 0.5586673048337032 0
362 2.304089568154966 0.4475011967338642 0
363 2.368673936050709 0.5583176609862963 0
364 2.432626495737736 0.4471466328492538 0
365 2.497213708333363 0.5579584640357191 0
366 2.561169376116093 0.4468482618522633 0
367 2.625758620848219 0.5576059973441704 0
368 2.689715779647269 0.4464954759347564 0
369 2.754304904376074 0.5572421559316156 0
370 2.818260689068347 0.446196618261896 0
371 2.882846899889455 0.5568821302972743 0
372 2.946796883114304 0.4458475793353452 0
373 3.011376780525868 0.5565072165725138 0
374 3.590117641539516 1.551647386362858 0
375 3.462193595266454 1.552046725959462 0
376 3.075306836947616 0.4450347090348739 0
377 3.139873309885033 0.5560320263920915 0
378 3.203769143902911 0.4446137462465505 0
379 3.842604285923692 0.4472910259699093 0
380 3.715583958892063 0.4471610148539304 0
381 3.969915006561467 0.4471996420379314 0
382 4.033338480843938 0.5569150939030699 0
383 4.035134673109316 1.438568545010636 0
384 0.4436776409684914 1.437789684972177 0
385 3.972208890246116 1.548766928141824 0
386 3.970687130824918 1.109278190900554 0
387 4.097438299030516 1.108026573561727 0
388 3.268269904202843 0.5556354229809441 0
389 3.332126190883152 0.4442861554687424 0
390 4.096786933387139 0.4471702668585033 0
391 4.102492848870295 1.546356544997902 0
392 3.907471595074369 0.3365382998152696 0
393 0.9582964804907778 0.3390641731342583 0
394 4.034087781364979 0.9979597821717742 0
395 0.7041576685893831 1.667012128011491 0
396 2.947440607311535 0.6677351550167933 0
397 3.71782366209893 1.550868344525472 0
398 3.654458134628854 1.662113228823578 0
399 3.781937549531124 1.660881040061861 0
400 1.148784333166671 0.6723648112926762 0
401 1.212867385566702 0.3388256402012839 0
402 3.397808189112445 1.441630257540374 0
403 3.334003973140875 1.552532864850687 0
404 1.405226144203671 0.6717674965227612 0
405 2.69015315190986 0.6683111287386849 0
406 1.661940231645875 0.6711389228880573 0
407 2.432872168441948 0.6691197472790794 0
408 1.918833757979387 0.670476224230788 0
409 2.175821700802099 0.6698046099408466 0
410 1.468649589165522 0.3383758586936689 0
411 4.162045148111437 1.438175594985812 0
412 3.269460098351809 1.441771649759938 0
413 3.205593793379932 1.5527747373377 0
414 3.141076994937944 1.441983750777204 0
415 3.077167675501863 1.553120083303893 0
416 3.270122745290212 1.663945126730432 0
417 3.012631756628617 1.442321748278562 0
418 2.94869843287455 1.553423741614753 0
419 2.884142960125528 1.442667575669535 0
420 2.820193706612911 1.553785256110287 0
421 2.755621814714115 1.443016754709278 0
422 2.691665563692546 1.554087413090342 0
423 2.627019767276257 1.443707706981101 0
424 2.563115457560801 1.554497449172688 0
425 2.498491010138612 1.443860211018963 0
426 2.434572994666405 1.554773944221084 0
427 2.369964303627524 1.444170547530529 0
428 2.306033708679942 1.555112850983707 0
429 2.241425319435617 1.444527019924489 0
430 2.177496900636118 1.555412151492588 0
431 2.112869542623852 1.444941746710866 0
432 2.048964330532622 1.555770338338454 0
433 1.984365931982013 1.445275504280656 0
434 1.92044872871144 1.556071371740827 0
435 1.855882869185556 1.445568751098782 0
436 1.791948829061291 1.556407772463495 0
437 1.727382219161749 1.445940221074378 0
438 1.66346350445539 1.556714886989874 0
439 1.598905897752833 1.446318884527549 0
440 1.535005401012963 1.55706127011887 0
441 1.470461563050589 1.44670262148494 0
442 1.406585201655167 1.557382031751498 0
443 1.342062119608541 1.447094840396963 0
444 1.278219153759005 1.557714851366843 0
445 1.213724062074931 1.447492954261786 0
446 1.149941122245615 1.558072338606224 0
447 1.085675742054318 1.447723990488185 0
448 1.022338708035986 1.557270335969272 0
449 1.725495567695932 0.3375374140424406 0
450 3.013274241678039 1.664840108761478 0
451 1.982463376049523 0.3367478339585878 0
452 2.758819163105708 1.665298257001774 0
453 2.239500016658755 0.3359811218297111 0
454 2.501717316049331 1.66571689895627 0
455 2.244615543031643 1.666108572971174 0
456 2.500208513601461 0.3353334092805442 0
457 1.98752909200206 1.666510491660519 0
458 2.757316746715937 0.3349363817936961 0
459 1.730479130409112 1.666908156768945 0
460 1.215962042434653 1.667395704123159 0
461 1.473490543919115 1.667316859181174 0
462 3.01164712734126 0.3348985651821955 0
463 3.267676912804705 0.3337638441503306 0
464 3.395982850420837 0.3336220881242942 0
465 3.460251604603873 0.4441194999699356 0
466 3.526458433553998 0.3346351253347493 0
467 4.160856956573904 1.218306596980537 0
468 4.22352109879284 1.107860353459222 0
469 4.158314684070731 0.555554375744818 0
470 4.096683200288073 0.6660878256816513 0
471 4.215165530226194 0.6598129896672174 0
472 4.159129583094914 0.7741471136456162 0
473 4.036634618754982 1.658233259236854 0
474 4.16717889119929 1.655762158794371 0
475 0.3220904202768435 1.667714058705128 0
476 3.907134690441287 0.9992402695956717 0
477 3.204460290585367 0.6669750313168648 0
478 3.332786062162131 0.6665909840927901 0
479 4.226765674368104 0.4450788082227395 0
480 4.159891884551683 0.3375013269549922 0
481 4.288905105696061 0.7607742906117926 0
482 4.218820511080438 0.880734995282247 0
483 4.28934387603561 1.215079377719544 0
484 4.351402884588958 1.114272087702827 0
485 3.719640708905226 1.773053884672612 0
486 3.590909663669466 1.773232371138104 0
487 3.334807652800059 0.2228111103530463 0
488 4.096386342502349 0.8851308745947044 0
489 4.159229388781155 0.9967822706630201 0
490 4.100033460329917 1.768423753260735 0
491 3.972647288373072 1.768948683021347 0
492 4.229140895182347 1.76865276054925 0
493 4.290333878305749 1.65751331237464 0
494 4.356507083425013 1.764941280347746 0
495 3.970425082811112 0.8879981121617011 0
496 4.178571428572655 1.886956024663147 0
497 0.2572157899190677 1.785441762292966 0
498 3.918910334391415 1.886309149420581 0
499 4.227095405884096 1.326397148720291 0
500 4.30727711254924 1.432697116603752 0
501 4.242267051713412 1.540012798935769 0
502 0.5778758263250645 1.888698332712521 0
503 0.706315960357357 1.888168234232417 0
504 0.7703143095509333 1.777546653342357 0
505 0.8990424582662492 1.777875545953979 0
506 0.8333905316644451 1.666952598172531 0
507 4.178320310994167 0.1092942574060531 0
508 4.260381901180993 0.2310993374447156 0
509 0.3223137984002248 0.1105628005236272 0
510 0.3857468084306255 0.2218606188390405 0
511 0.5135713905956673 0.2222788474733757 0
512 0.449621785769694 0.3325453994748487 0
513 0.3219849582961471 0.3325419772070723 0
514 0.3856490962936752 0.4426474243921024 0
515 0.5127869221405049 0.442990633252529 0
516 0.4489176132220191 0.5527671613587748 0
517 0.3221243223007754 0.5524952770553125 0
518 0.3852295711881768 0.66231868382489 0
519 0.2587224560407583 0.6621551280957332 0
520 0.3240829774054802 0.770362088481588 0
521 0.4479138847538736 0.7732219663673252 0
522 0.3840967650536506 0.8817488763737954 0
523 0.2373968535625446 0.8789379239741942 0
524 0.3210555106853843 0.990396172375096 0
525 0.4472999670429779 0.9909396393402883 0
526 0.3836798648996356 1.099989594053385 0
527 0.257579123934066 1.098884080433669 0
528 0.3200760373367891 1.208814200800291 0
529 0.1930437652248189 1.204486759748058 0
530 0.254968397255524 1.315065787872913 0
531 0.3820954209393777 1.322205040712671 0
532 0.1957232793799961 0.552646238167546 0
533 0.5100184547726174 1.104265403274747 0
534 0.3112859413184066 1.429078177295704 0
535 0.5758374408608045 0.5540806950155016 0
536 0.3791231159211171 1.553914323698284 0
537 0.2503920422616859 1.563079499289941 0
538 0.5093037299347369 1.332719679777277 0
539 0.2587824514622366 0.2213396822566637 0
540 0.1946520358623639 0.3327078283309968 0
541 0.1194669808207832 0.2072675399721851 0
542 0.5783725431468694 0.1112305586533908 0
543 0.6427107337680168 0.2224050617330536 0
544 0.7703557696088186 0.2240469204389119 0
545 0.7046178330876431 0.335975511805176 0
546 0.2559069161243198 0.4421398286712391 0
547 0.5769918990993639 0.3333663320507532 0
548 3.843412577808754 0.8890494496941661 0
549 3.970105433862957 0.6668482499932146 0
550 0.7010563205180305 1.002515637051862 0
551 0.6378143121258716 1.112324426808421 0
552 0.8352462265438413 0.1116204331500996 0
553 0.8978635355721349 0.2253721403079267 0
554 0.9638484423691056 1.888807108582625 0
555 1.025819476451912 1.778234339808027 0
556 1.149401132504216 1.336801699532455 0
557 1.021640339064554 1.336583371342195 0
558 3.921376301828709 0.110758762091384 0
559 3.985714285716289 0.2222428425904627 0
560 3.792845051073107 0.1107686085732771 0
561 3.728571297452793 0.2223215945919115 0
562 3.59495668484 0.2239030123806195 0
563 3.532347133576021 0.1118955346207964 0
564 3.396443003444696 0.5552129503332635 0
565 3.524736788087479 0.5547494940402395 0
566 0.9635120073497343 0.1117949133701475 0
567 1.026416388082985 0.2244279390574329 0
568 1.156256414761974 0.2232254956569767 0
569 3.33262797979408 0.8880781047561996 0
570 3.460589076914773 0.8881016027571031 0
571 3.397140347304705 1.220866355874651 0
572 3.780964362172467 1.439899787011283 0
573 3.65864999721717 1.88530415273943 0
574 1.220624748714861 1.889079838114495 0
575 1.282778863937284 1.778574561072619 0
576 3.075975601222997 0.6672606291176388 0
577 3.011793270231131 0.7781190090465611 0
578 0.5742380367250037 0.7822573718510144 0
579 4.098452841690287 1.328185274003282 0
580 3.140297375205699 1.221859182163704 0
581 1.221245880567721 0.1114492604669588 0
582 1.284856407173728 0.223135330598779 0
583 3.139401746757772 0.334318877069496 0
584 3.078961274338248 0.2231985931888656 0
585 2.818864663020744 0.6678072806455334 0
586 2.883265056984294 1.222507260477342 0
587 1.276905271223838 0.6719773184399485 0
588 2.689985244850217 0.8895080159510035 0
589 1.790256491404404 0.6707077414104085 0
590 1.533473527948149 0.6713489279233775 0
591 2.561313808145247 0.6686735654786504 0
592 2.304212618681155 0.6693726119526474 0
593 2.047201545155787 0.6700407654092904 0
594 1.992857142864187 1.889325374713786 0
595 2.054940490993298 1.778321374975337 0
596 2.507142857136298 0.1108491814555423 0
597 2.56850860202454 0.2224919290568974 0
598 2.250000000008147 1.889249754144294 0
599 2.31206310395112 1.778054568049226 0
600 2.249999999992402 0.1109376706349894 0
601 2.314285714278285 0.222692246687727 0
602 1.478571428575342 1.889460655599299 0
603 1.540741368530099 1.778836521585052 0
604 1.735714285719764 1.889397174326417 0
605 1.79783065201923 1.778582829803881 0
606 2.764132739950674 0.1108461953810678 0
607 2.825692828990016 0.2231442394291289 0
608 2.507142857150451 1.889170993336148 0
609 2.56919018467678 1.77778489515429 0
610 2.764285714292336 1.889089874241045 0
611 2.826313275148904 1.777504679549311 0
612 3.278390572823687 1.88858319174816 0
613 3.340913305246342 1.776303827067659 0
614 3.021428571434211 1.88900609642684 0
615 3.085714285719674 1.777307753313368 0
616 1.735714285708337 0.1111284195506465 0
617 1.79999999999379 0.2226922466865855 0
618 1.478495630953046 0.1112780536396263 0
619 1.542857142851978 0.222692246686585 0
620 1.992857142850159 0.1110300683105749 0
621 2.057142857135601 0.222692246686584 0
622 2.626190786166934 1.222952976317114 0
623 2.432657064856059 0.8896362597836107 0
624 2.175635431781072 0.8902386981715139 0
625 2.369106230015906 1.223676638260137 0
626 2.112099988749205 1.224155882987487 0
627 1.085323963877522 1.225834121825707 0
628 1.918717779276609 0.8908324719862389 0
629 1.661902010810846 0.8915323693330053 0
630 1.855209098608177 1.2245729826275 0
631 1.149102841289006 0.8931215138156747 0
632 1.598441945870376 1.224935963422511 0
633 1.02070921151188 0.6725881154306049 0
634 1.405367542736094 0.892208612474773 0
635 1.341809464016906 1.225389437884847 0
636 1.340297510115787 0.3388891317718672 0
637 0.1082531754727174 0.9375000000038798 0
638 1.02117279883846 0.893666960390487 0
639 0.1082531754734802 0.8125000000033813 0
640 3.843721780642568 1.109455013946299 0
641 1.085009489371925 0.3391895023699971 0
642 4.399353866851318 0.6929937842103917 0
643 4.366822551360624 0.4425980424153059 0
644 0.1194717563139616 1.562458116659424 0
645 0.1169126956125084 1.305300731845164 0
646 3.527256610114552 1.662232031778573 0
647 0.9570151777560898 0.7833204341990416 0
648 1.277774873133089 1.336425383593811 0
649 3.525205770761527 1.220080461312173 0
650 0.7673771314010986 1.556597254930408 0
651 0.4467292967326189 1.21536078468678 0
652 3.651939332326825 0.5574876638495132 0
653 0.6413770696845555 1.777722148375226 0
654 3.4604874707287 0.66589614544693 0
655 3.396704280314174 0.7773174842695081 0
656 1.41390115255374 0.2224693087457744 0
657 1.406126366712847 1.336104004076238 0
658 0.5116944338159891 0.6637062542882102 0
659 4.033627506980871 0.7761231658876654 0
660 3.845331770348358 1.549269822104452 0
661 3.779846058649494 0.999163141227757 0
662 3.588600364353276 0.4455136030018743 0
663 3.524401730484652 0.7775348987155116 0
664 1.534471923294003 1.335800325979334 0
665 2.947431214885646 0.8890968999311869 0
666 1.66286401877017 1.33550469281143 0
667 3.268705517526388 0.77737348931626 0
668 0.9576412075153554 1.225272010185663 0
669 1.597960535009337 0.3380196261003912 0
670 0.8941499959445105 1.336005004348741 0
671 1.084834244765188 0.783010997999114 0
672 0.9579900327238469 1.446511168185566 0
673 3.90920212014436 1.65913137944637 0
674 1.791291609391434 1.335216833484537 0
675 3.461640656556069 1.330903035668263 0
676 1.919709118874877 1.334931442760995 0
677 1.671428571422883 0.2217683391114941 0
678 1.212905859362087 0.7826332232880961 0
679 3.399039646524025 1.662881932653484 0
680 2.048170221705905 1.334640327732981 0
681 3.140392130420455 0.7777050898872365 0
682 2.883189009929362 0.7783853296787091 0
683 3.333320421898654 1.331473953143395 0
684 2.17665671902599 1.334327244557401 0
685 1.854896313848394 0.337641932841553 0
686 1.341062084010182 0.7822991251681367 0
687 2.305176599919105 1.334014898486944 0
688 3.845805338884984 1.771519554412233 0
689 3.212041674359408 1.776974114759646 0
690 3.075918122002599 0.8888119775039076 0
691 0.7021242898311844 0.5636575122102881 0
692 3.20495112903469 1.331831066327757 0
693 2.433699284660666 1.333709421813285 0
694 1.469304134609647 0.7819653043635588 0
695 2.562345093917197 1.333479048116657 0
696 3.076499865270526 1.332163228143223 0
697 2.690949133998857 1.333177768554826 0
698 2.947986178945002 1.332463719398142 0
699 1.927713141773108 0.2219291518944524 0
700 1.597608842647532 0.781655970164618 0
701 2.819443535746799 1.332787518115384 0
702 3.14231233512229 1.663506613096127 0
703 2.75434399282044 0.7787623794474335 0
704 1.725958660749568 0.7813393562918924 0
705 2.62541398942975 0.7792032696959035 0
706 2.496740362246054 0.7795896055201793 0
707 1.854388119073742 0.7810083968957041 0
708 2.368206697624591 0.7799136513477501 0
709 1.98279258867306 0.7807580657933857 0
710 2.111263931292888 0.7804537336666008 0
711 2.23971363848429 0.7801882583979254 0
712 4.114283080552157 0.2198866828657864 0
713 2.112287982472356 0.3369920931741703 0
714 2.956019506045013 1.778175151623152 0
715 3.781652292873466 0.3367001925527816 0
716 3.85700625860171 0.2202619264970037 0
717 4.035580659251959 0.3372027327290327 0
718 2.184862185353976 0.2215513884564973 0
719 2.887219720910854 1.665504532443459 0
720 0.6398548067000237 0.4466281966902217 0
721 4.297849225229895 0.9906701892541034 0
722 2.369578787310545 0.3365866117603923 0
723 2.697005354868793 1.777083702181059 0
724 2.43971598381923 0.2231558163412134 0
725 2.63025217332566 1.665744769259403 0
726 2.439884185651229 1.777330480599707 0
727 2.629486503016645 0.3343701908677038 0
728 2.373147808671611 1.666182885963528 0
729 2.696808617734384 0.2227842722176735 0
730 0.8954396431864151 1.556998043836208 0
731 2.182765022462906 1.777570251327487 0
732 2.885225009414905 0.3351394181081811 0
733 2.116051896609775 1.666615530127593 0
734 1.925657978975587 1.777811201871558 0
735 3.019996355724378 0.1100861606151016 0
736 3.20762568197666 0.2221291027900451 0
737 1.85898240186312 1.667048637384871 0
738 3.274886987134775 0.1111181007343165 0
739 3.463296042476752 0.2235931877271433 0
740 0.9605492057123507 1.66782071490388 0
741 1.66857289827357 1.778050991873778 0
742 1.087955087530348 1.667951314386263 0
743 1.601958807766708 1.667481447752948 0
744 3.654734028786288 0.3376191316848306 0
745 1.41137715214087 1.778213054764788 0
746 1.1541995520791 1.77836369893174 0
747 1.344735492974349 1.667766177043347 0
748 0.8317849441835841 0.3376615837120361 0
749 3.531943937597324 1.884980733997764 0
750 3.466197283538114 1.773543100619775 0
751 0.5079197958746069 0.8851301341758162 0
752 0.5721070544029975 0.9967076101568437 0
753 2.95224364878029 0.222969919675936 0
754 0.1131937500639372 1.801267155891123 0
755 4.394353966491807 0.1893127850938766 0
756 4.401863110366747 0.8135469016708036 0
757 4.278944931110791 0.3465453144844293 0
758 4.276156974390688 0.5503358477046615 0
759 0.2072338289391432 0.9967590522576357 0
760 0.2100568809773297 0.7608811431774549 0
761 0.1926908363404947 1.47193367370668 0
762 4.404603548290523 1.20444066369395 0
763 0.08640111029104543 1.192800146733819 0
764 0.08678757509705751 0.5585801675991495 0
765 4.405800869471547 1.669621202978497 0
766 0.2027711223773749 1.674851832964503 0
767 0.08704389459937444 0.3206423355519017 0
768 4.415738546700783 1.435885770260175 0
769 4.409035898234806 1.850954418744446 0
770 0.09463841184564557 1.906280082509522 0
771 4.405361588154587 0.09371991749005093 0
772 0.09470196895816371 0.09378529052044943 0
773 4.320602514590479 0.8705815262678264 0
774 4.410313856976296 1.0323748171782 0
775 0.1842938586076536 1.378303756429382 0
776 4.313296734096781 0.6395682520393682 0
777 4.430237082228571 1.932130269874109 0
778 7.65 0.1113461233437131 0
779 6.749999999999998 0.1113461233437131 0
780 5.847479272976715 0.1105302610160426 0
781 7.135713074462108 1.888988603231093 0
782 6.23570140330919 1.888765899339493 0
783 8.033310056280779 1.886599397429542 0
784 5.460593191350867 1.883334091457824 0
785 8.90189290815669 0.9333536109478741 0
786 4.591720666492049 0.9299694860232213 0
787 8.162153970972946 0.1148924723294424 0
788 5.335714285714287 0.1113461233437131 0
789 7.649999974787949 1.889111290572916 0
790 7.135714285714283 0.1113461233437131 0
791 5.850000000000002 1.888653876656287 0
792 6.235714285714288 0.1113461233437131 0
793 6.749998079150441 1.888653869624914 0
794 8.899867495087591 1.307168801268516 0
795 4.614310252669236 1.316588607136097 0
796 4.600816570514674 0.5689378461466432 0
797 8.895437193936512 0.551009488252256 0
798 8.415869171302663 1.887060420502765 0
799 5.078571428571427 1.888653876656286 0
800 4.949759157392577 0.1112090368762207 0
801 8.543599752604072 0.1153555105437015 0
802 5.590107004401865 0.1105502659350265 0
803 7.392857142857138 0.1113461233437131 0
804 6.492857142857146 1.888828686868404 0
805 7.392861322987912 1.889051949377633 0
806 6.490172206624482 0.1112274595440935 0
807 7.905685607988328 0.1121236800846513 0
808 4.622123957520657 1.552221181930415 0
809 8.899387323988286 1.57269609386658 0
810 4.614007165414547 0.3033976515830894 0
811 8.891746824526495 0.3125000000013004 0
812 8.673113573906377 1.887299085240765 0
813 4.821512861378625 1.884095400238147 0
814 8.904336410319949 1.810767419951024 0
815 4.609119572716513 1.812575305342885 0
816 8.806088927310714 0.1260291576772914 0
817 4.694092820346493 0.103266551945475 0
818 4.821632704142973 0.109718760104253 0
819 4.885618239516655 0.221619201276846 0
820 5.013334873695296 0.2220874640092704 0
821 4.949383455881232 0.3323009441025021 0
822 5.076788056571531 0.3327227842149724 0
823 5.012883471358451 0.4427318060962321 0
824 5.140063234305829 0.4431355473228048 0
825 5.076145113455015 0.5530834945512539 0
826 5.203401544638492 0.5534917896639585 0
827 5.139476178677507 0.6634464009229286 0
828 5.266890656650608 0.663803564544627 0
829 5.203010177286754 0.773905842910255 0
830 5.330396783901085 0.7742374909216945 0
831 5.266380464886494 0.8845470241073883 0
832 5.393944445108039 0.8847783415112233 0
833 5.329883784999348 0.9951026128321143 0
834 5.45754112991628 0.9954486914826433 0
835 5.521656073530862 0.8850010448605967 0
836 5.585322578735007 0.9957978938634036 0
837 5.64949526020102 0.8852027086148652 0
838 5.713186427322452 0.9960118989347203 0
839 5.777268828555449 0.8855339623288933 0
840 5.841189392588612 0.996074473845739 0
841 5.905330925942605 0.8859477793617061 0
842 5.969385214838359 0.9965267349496957 0
843 6.033746541743416 0.8861024576687729 0
844 6.09764598358547 0.9969080581269815 0
845 6.162071214694834 0.8861531909136802 0
846 6.225981554899348 0.997021106568966 0
847 6.290432973642918 0.8863321135934632 0
848 6.354382728772707 0.9973199231690938 0
849 6.418832767600833 0.8865855270205177 0
850 6.482803920018495 0.9979401661653742 0
851 6.547267771994822 0.8869049812318857 0
852 6.611253298389571 0.9982949392815845 0
853 6.675729050794775 0.8875629375353753 0
854 6.739726672021232 0.99866034404103 0
855 6.80454373376296 0.888103192870215 0
856 6.868275413409821 0.9990051308678902 0
857 6.933110708730243 0.8880577056389716 0
858 6.996622537375437 0.9991426927211806 0
859 7.061280531039383 0.8880646222377356 0
860 7.125247864550629 0.9994610870912741 0
861 7.189764660811609 0.8883037828102693 0
862 7.254078704257446 0.9995693172719162 0
863 7.318329783304522 0.8885490276050225 0
864 7.382351756733133 0.9999831971288389 0
865 7.446798115410485 0.8888615236967878 0
866 7.510801672849396 1.000284728715369 0
867 7.575273581735559 0.8891704666302301 0
868 7.639258949392763 1.000549133306786 0
869 7.703703182121001 0.8894784269850613 0
870 7.767644498568719 1.000779833661925 0
871 7.832073992447778 0.889770279764496 0
872 7.895928309607293 1.000941527499789 0
873 7.960192854845548 0.8901635768290533 0
874 8.023983170604044 1.001049218557477 0
875 8.088076003049359 0.8906182078803875 0
876 5.649000542592209 1.106213392087235 0
877 8.151682366440067 1.001178966484977 0
878 6.033301440971407 1.10684683997825 0
879 6.932257013605456 1.109657784937681 0
880 7.831832277515272 1.111548213332761 0
881 6.418278692606787 1.1085048970356 0
882 7.318615509542178 1.110572694304634 0
883 8.215603771456305 0.891049171486459 0
884 8.278998359874974 1.001393470027285 0
885 8.215263315136832 1.111485844809135 0
886 6.997325500146165 0.7768471643691169 0
887 8.024585699893905 0.7797160818855535 0
888 6.098012722047587 0.7755350198964307 0
889 7.51129433417563 0.7777513602366143 0
890 5.713043186155424 0.7747951328872708 0
891 5.202312346778975 0.9948232364464402 0
892 5.265771399783735 1.105316671321052 0
893 6.611962996063466 0.7767609249367806 0
894 8.342779374288188 0.8914217194722625 0
895 8.342391236680022 1.111650417586852 0
896 8.278706871485808 1.221670840078835 0
897 5.138356020132389 1.105004874744585 0
898 5.201772070092286 1.21546229267167 0
899 5.330398939180797 0.5536222940469733 0
900 8.279564749332701 0.7811684768950988 0
901 7.768446376733685 0.7787116986444163 0
902 7.575246157834473 1.111334933356484 0
903 7.254259871175108 0.777127117518974 0
904 6.675232622499434 1.109725834754306 0
905 6.354849361846393 0.7753239287916234 0
906 8.406556320502494 0.7815742090454219 0
907 8.343434477550517 0.6714337628166238 0
908 8.405787652559475 1.221713001207645 0
909 8.342195098661026 1.331782803587259 0
910 8.214873931646927 1.331755054823096 0
911 5.075318807033852 0.7734572861349794 0
912 5.074495055397089 1.215011588974555 0
913 5.13778322935749 1.325505196736669 0
914 5.265239219140631 1.325974541155883 0
915 8.278455994585583 1.442197011451917 0
916 8.150933607249144 1.442052407659536 0
917 8.40587997197766 1.44145834203318 0
918 5.201130166006389 1.436278142767369 0
919 5.328830457030794 1.436656692203871 0
920 5.073503283048571 1.434944969574956 0
921 8.469265963747876 1.111784546340145 0
922 8.470299879777293 0.671911829924806 0
923 8.407297667189065 0.5617128270987665 0
924 8.280174495037791 0.5612008366366775 0
925 5.011226987582747 1.104830399647235 0
926 5.264565749147844 1.547137495190963 0
927 5.392393479470659 1.547551002332105 0
928 5.456681571491844 1.436968638909176 0
929 5.520316235858308 1.547936742932857 0
930 8.344217506876326 0.4512715003208126 0
931 8.216913344454666 0.4505612074808577 0
932 8.47142007762821 0.4518659919576229 0
933 5.584657211218628 1.437267143575224 0
934 5.648375490280974 1.548337288822723 0
935 5.712747486006758 1.437583783071699 0
936 5.778160445937111 1.549797451914996 0
937 5.841223761512127 1.438073121616732 0
938 5.907522129521118 1.549933845557553 0
939 5.969736707165506 1.438382542864002 0
940 6.033068131236088 1.549535736772544 0
941 6.097655958784473 1.438580598654723 0
942 6.161449388096229 1.549917326794229 0
943 6.225991210181274 1.438892312877615 0
944 6.289888161511684 1.550249761259855 0
945 6.354422914328143 1.439223966415401 0
946 6.418350386490633 1.550524440037507 0
947 6.482897160631843 1.439547729694847 0
948 6.546837984095982 1.550868111961511 0
949 6.611395611559978 1.439885869153001 0
950 6.675345017994816 1.551152199552488 0
951 6.739909846102439 1.440218743657297 0
952 6.803863728526509 1.551616511682226 0
953 6.868434875071365 1.440582397242628 0
954 6.93239592550332 1.551836934497344 0
955 6.996968632369038 1.440912590399803 0
956 7.060932184313002 1.552100251811985 0
957 7.125505377465197 1.441247513355458 0
958 7.18946905297342 1.552432342827733 0
959 7.254039212218062 1.441600421944898 0
960 7.317995909423957 1.552718797195767 0
961 7.382557454393934 1.44195547001152 0
962 7.446499607236063 1.553048305802695 0
963 7.511039863706533 1.442317120427472 0
964 7.574963764234596 1.553332093305297 0
965 7.639478219972625 1.44269278458214 0
966 7.703368916049003 1.553642979680639 0
967 7.767826141321663 1.443055585762716 0
968 7.83194907844381 1.553387022021844 0
969 8.214619969193073 1.552679324515935 0
970 8.533249348366542 0.7819874200434783 0
971 8.532579030675475 1.221736130719043 0
972 4.948939249021478 0.5525198145228691 0
973 4.94754200127861 1.214504772781409 0
974 8.595856964808338 1.112147339754406 0
975 8.087506494543463 1.331598614736011 0
976 4.884343347281473 1.103735112286462 0
977 8.597074717226741 0.6722637725603791 0
978 8.40834195978336 0.3412647785527759 0
979 8.65968369879031 0.7821240527100399 0
980 5.328068816358485 1.658074153587424 0
981 5.713568430235501 1.660322681659571 0
982 6.099993249987604 1.661812079861689 0
983 6.996355144675682 1.663595509801633 0
984 8.535878882036059 0.3415049629541712 0
985 5.200120187938713 1.658167062239619 0
986 4.94774667998705 0.9935201589289397 0
987 5.204262588281857 0.3331235547746594 0
988 8.598603483791807 0.4522995175130474 0
989 8.087083426497987 1.552675092589729 0
990 5.777173478862235 1.32691520710686 0
991 7.061541822657139 1.330158868463744 0
992 6.162074094115906 1.327750212952026 0
993 5.520804447807812 1.326523678275385 0
994 8.152823506712016 0.5607446263669716 0
995 8.089281708780343 0.449994978963789 0
996 7.7040216748982 1.331860176575095 0
997 7.832005658657668 1.332244410585162 0
998 7.447129723908561 1.330961610576205 0
999 8.025253854421202 0.5603307056759275 0
1000 7.961575804226116 0.4496010904582045 0
1001 8.025643031518305 0.3392605115119846 0
1002 7.899253041844333 0.3377902102483422 0
1003 7.833755172031876 0.4488540127345285 0
1004 7.769784683619659 0.3380684350592558 0
1005 7.70510686918835 0.4487535483062287 0
1006 7.641186615000146 0.33780509270327 0
1007 7.576618590962436 0.4488289408523536 0
1008 7.512702810697595 0.3375621679845479 0
1009 7.448143750499465 0.4485839525854785 0
1010 7.384211075726256 0.3372200950436681 0
1011 7.3196387047655 0.4482500741173993 0
1012 7.255696735976501 0.3369206039272844 0
1013 7.19111572798222 0.4479082329646991 0
1014 7.127168568042274 0.3364783427969114 0
1015 7.062579909599936 0.4475363506524073 0
1016 6.998627748962713 0.3362154784295941 0
1017 6.934038902064518 0.4471871186054086 0
1018 6.870086520423397 0.3359292820880982 0
1019 6.805500283990655 0.4468359580609043 0
1020 6.741547754471025 0.3355805799164077 0
1021 6.676965987489041 0.4464740619610392 0
1022 6.613014418198919 0.3352772506636004 0
1023 6.548436211943426 0.4461134679623962 0
1024 6.484490105907527 0.3349258347327776 0
1025 6.419917599996471 0.4457441859084244 0
1026 6.355977789142625 0.3346180590345714 0
1027 6.291411280361206 0.4453778470524486 0
1028 6.227476922729379 0.3340442476744648 0
1029 6.162923522781534 0.4449663313605644 0
1030 6.099000658686355 0.3338877292763391 0
1031 6.034455783742832 0.4446089794545437 0
1032 6.226832042298141 0.556365150047452 0
1033 6.483846931542312 0.5569755081619663 0
1034 6.741227639145195 0.5577514096844142 0
1035 7.640729529878963 0.5592901404307488 0
1036 6.353792007043849 1.6617456379092 0
1037 5.970549117019506 0.3336064940574776 0
1038 5.906012298845757 0.444227446396021 0
1039 5.842133956878353 0.3332704057785233 0
1040 5.777624682122982 0.4438234004605142 0
1041 5.969782627286076 0.5553537661957813 0
1042 6.547035199283773 1.328921423934807 0
1043 6.804039796752126 1.32957746805951 0
1044 5.713785254335468 0.3329459690388699 0
1045 5.649288743265108 0.4433502052469672 0
1046 5.58553823182807 0.3326105934580159 0
1047 7.126527248148303 0.5588059887179406 0
1048 7.383575804005034 0.5594883704963438 0
1049 6.610774509219602 1.662504187001284 0
1050 8.151735789558789 1.662775384105087 0
1051 8.27853980901094 1.663395968817741 0
1052 8.024769556115777 1.663292935990372 0
1053 7.253434136738806 1.664290940008381 0
1054 7.514200265196728 1.66477284813881 0
1055 7.771410611800662 1.664831156043316 0
1056 8.658932515910561 1.221776972842161 0
1057 8.595804010354378 1.331157825462861 0
1058 8.722095822939691 1.112667727975742 0
1059 8.661717813161555 0.3431269946793549 0
1060 4.82091958568559 1.214109878125072 0
1061 4.883793647213992 1.323771929404979 0
1062 4.758127233995565 1.104541423551361 0
1063 5.264177293416155 1.769633204310581 0
1064 4.825045421335879 0.3339652154486673 0
1065 8.215157931831468 1.773751231235469 0
1066 8.659136363817822 1.002328885328453 0
1067 6.934674390552722 0.2245076038967269 0
1068 6.037573817540155 0.2227619021541575 0
1069 5.52137016613468 0.4430571740709486 0
1070 5.585219231710965 0.553900890823773 0
1071 5.458073234775913 0.3325248581763491 0
1072 8.728806570037808 0.6761880573786249 0
1073 8.715220230525063 0.4604369107487938 0
1074 8.786836200648912 0.7872130276539485 0
1075 8.715693711678458 1.334793157028437 0
1076 8.657865182055268 1.441034208349895 0
1077 8.769434747830804 1.440524055795826 0
1078 8.712799357449985 1.546119897000635 0
1079 8.594147632544464 1.54941100506195 0
1080 8.657254047746253 1.658830112198838 0
1081 8.532065593639903 1.659934845148267 0
1082 8.787056099731526 1.651675840652258 0
1083 4.753924869348637 1.322214664658142 0
1084 4.819579051449097 1.432603998768948 0
1085 4.694015954823048 1.432308693755842 0
1086 4.756641176114467 1.541681948948515 0
1087 4.882777823252821 1.542372810314371 0
1088 4.82182348527904 1.65015596688334 0
1089 4.94591991595925 1.652337792235598 0
1090 8.599193845877499 1.771782600345951 0
1091 8.473909968757443 0.2297287407775883 0
1092 8.34493708673325 0.2305559179969816 0
1093 4.883821295679682 1.766534226773369 0
1094 4.736183220335819 1.762154851549702 0
1095 5.010926180502249 1.770798557815934 0
1096 5.393174668649351 1.770121465744593 0
1097 8.343651387863922 1.773742993028204 0
1098 7.838441110118865 0.22483319776615 0
1099 7.577263527736777 0.2264739999696914 0
1100 7.320284861468029 0.2256378859611251 0
1101 4.694551559158847 1.209152724792074 0
1102 4.638710265694417 1.110054258532465 0
1103 6.680196633985741 0.2237868034182956 0
1104 6.422669838681792 0.2233640238030819 0
1105 5.33202504703497 1.883850107806733 0
1106 5.522956979787341 1.771279624272924 0
1107 5.591838500512631 1.886167416152592 0
1108 5.780229156716587 0.2222248714122415 0
1109 8.717576522298508 0.8903179863992029 0
1110 8.413602302563756 0.1174591337401003 0
1111 8.601979134235513 0.2293856624828099 0
1112 8.724876485347986 0.2349129147280451 0
1113 5.523123441487508 0.2216717955498471 0
1114 4.736973397821814 0.2297174886238639 0
1115 5.077875868824623 0.111301652375655 0
1116 5.206315996971377 0.1118317511836712 0
1117 5.269623821891562 0.2225489379741954 0
1118 8.672281192773521 0.1176138742386413 0
1119 4.886259350666555 0.4427107090352175 0
1120 4.825436357575594 0.5504201172280629 0
1121 4.88562149736968 0.6616233044072569 0
1122 4.769595969991988 0.6532174172212784 0
1123 4.823322216135217 0.7694834717800836 0
1124 4.698866951135521 0.7558901355062445 0
1125 4.766379788892188 0.8771505395924033 0
1126 4.886135536998785 0.8809043356484676 0
1127 4.824624110815046 0.9935488517217897 0
1128 5.011589469830288 0.8839670451196504 0
1129 5.012165892480976 0.6626126915304824 0
1130 4.762119111342521 0.4415157696141257 0
1131 4.949138627688663 1.885013676913956 0
1132 5.074999150958684 0.9944452440022037 0
1133 8.405976429320063 1.00162186448336 0
1134 8.46957411671684 0.8917563473984728 0
1135 7.959939844953883 1.111572637346829 0
1136 5.138935069462507 0.8841909464534862 0
1137 8.793881930863868 1.235426937724443 0
1138 8.850789369841781 1.117663350534779 0
1139 8.660901741139769 0.5631426680865915 0
1140 8.532661814973331 1.00198447251851 0
1141 8.595313644160559 0.8917498607330261 0
1142 8.035645224162014 0.1113062506379353 0
1143 8.098706085316515 0.2234996199893034 0
1144 7.969412625401491 0.2236565677635693 0
1145 8.155655879550384 0.3395378920471994 0
1146 5.721819091919518 1.887675383225376 0
1147 5.785797504882018 1.777349599665019 0
1148 5.913420930821799 1.776008113532025 0
1149 5.845308929352658 1.661860866917391 0
1150 7.895916298764244 1.442732621834972 0
1151 7.896519291043679 0.7793737219739085 0
1152 7.833273201246101 0.6691064875401685 0
1153 8.534266261125483 0.5621994345235356 0
1154 7.776155709378423 0.1125655752801211 0
1155 5.713090064691545 0.5545898770309675 0
1156 7.703784335982307 1.111434715587273 0
1157 5.841440248810644 0.5547985292102784 0
1158 5.905247496384516 0.6652735609808809 0
1159 7.640160083188572 0.7787326613585913 0
1160 7.907142857142842 1.888653876656287 0
1161 5.010563008527505 1.324508820973673 0
1162 8.542766053366062 1.886332986820447 0
1163 8.087802791886011 1.111341363062642 0
1164 6.098262771075559 0.5554480576526082 0
1165 7.778569298816508 1.889198071878 0
1166 7.84284454163632 1.777414701238314 0
1167 7.575580020658899 1.33148836277583 0
1168 8.152286381480343 0.7805157607616235 0
1169 8.46917825205287 1.331383058555109 0
1170 7.446981991391689 1.110888742920735 0
1171 6.355354373229108 0.5566001322390446 0
1172 7.318617305888829 1.330563013451327 0
1173 5.136524514668579 1.5455775439454 0
1174 8.342170857456779 1.552128990019218 0
1175 7.190082889405893 1.330562454152447 0
1176 7.125765368582489 1.220355607063292 0
1177 6.612726259752808 0.5569699692657482 0
1178 7.512085221143654 0.5594868997800297 0
1179 7.382790048123379 0.7776270384286357 0
1180 7.521431342901988 1.889196350197286 0
1181 7.582663153634751 1.777590055936918 0
1182 6.86946546024541 0.5578908448596955 0
1183 6.80549079713261 0.6678154134319718 0
1184 6.9979710645605 0.5582027518490502 0
1185 6.033527474544209 1.327674911570038 0
1186 5.978391995818201 1.888453505471649 0
1187 6.107075503985637 1.888656247819161 0
1188 6.17032424594653 1.776824214951133 0
1189 6.418391393535837 1.32861446072348 0
1190 6.041863170875049 1.776484561727127 0
1191 7.264286209098811 1.889113077069529 0
1192 7.324949859250698 1.777320288829568 0
1193 6.932710185477841 1.330171809035573 0
1194 7.125756360141536 0.7770727998437724 0
1195 7.255041822665767 0.5591450384434726 0
1196 6.290101329888093 1.328113277649071 0
1197 6.226009331921353 1.217214753946316 0
1198 6.67538835855412 1.329397605063991 0
1199 6.104947991752988 0.111272415601447 0
1200 6.621428251286975 1.888857820731862 0
1201 6.68571428571427 1.777307753312576 0
1202 6.814279988275233 1.77731105922623 0
1203 6.878568097857777 1.888926737007646 0
1204 7.007141010367086 1.88902790551595 0
1205 7.071427837038593 1.777307552236979 0
1206 6.364283567218196 1.888805406045087 0
1207 6.428571428571445 1.777307753312573 0
1208 7.00714285714286 0.1113461233437111 0
1209 5.905220993604418 1.327280358321995 0
1210 5.841074793536469 1.216426963534064 0
1211 6.803725902094905 1.10973413695264 0
1212 8.796799172363308 0.9949766454115915 0
1213 6.483302085257328 0.7761565990820685 0
1214 6.546768397466574 1.109190032220654 0
1215 5.648857276460589 1.326867479435005 0
1216 6.226479104378065 0.775363628201738 0
1217 5.393385013370768 1.105650979810236 0
1218 5.58532253340044 0.7745860539091703 0
1219 5.392966045388734 1.326260949614232 0
1220 5.457795240705154 0.7744782368776468 0
1221 5.521114215690847 1.105908795190902 0
1222 5.456814278392096 1.658972795677901 0
1223 7.706809212102304 0.2263949767984647 0
1224 8.722876878545902 1.769558461883319 0
1225 8.869673809114703 0.681813303742818 0
1226 8.89661085599672 0.4287831318886209 0
1227 4.629237601468015 0.4390499776165246 0
1228 4.612728923991483 1.690584828272418 0
1229 5.394037279704336 0.4435221677199426 0
1230 4.948588124075806 0.7718759727816161 0
1231 5.587075469636589 1.660121756707389 0
1232 5.329343036642862 1.21578573978753 0
1233 5.141366867706041 0.2222693574220707 0
1234 6.22635553079899 1.661579010529247 0
1235 7.521428571428571 0.1109958802196161 0
1236 5.394094823918573 0.6641032503928813 0
1237 8.216332884527228 0.6709742442913567 0
1238 8.532161997496356 1.440773179383793 0
1239 8.1514008476891 1.221517312009458 0
1240 5.137477552060437 1.771478000368813 0
1241 4.946399393713172 1.43350483609257 0
1242 8.282046379661971 0.3410527067923286 0
1243 7.4494846061692 0.2261109376908287 0
1244 8.023541791156665 1.442225057723462 0
1245 7.959843836430025 1.331931827644085 0
1246 6.299999999999979 1.777930096750054 0
1247 5.457020719391803 1.216070492071346 0
1248 7.263568516747371 0.1110798014040926 0
1249 8.405575171049616 1.662494022707123 0
1250 5.521450339256298 0.6642175788747919 0
1251 6.483221897717296 1.661907951512161 0
1252 7.191755450723527 0.2261550552046113 0
1253 5.712981754862978 1.216544620258675 0
1254 5.45776179665094 0.5537372259882184 0
1255 8.023873683925046 1.221488694303544 0
1256 6.55714285714286 1.778356614585277 0
1257 8.088857920249138 0.6704655766662788 0
1258 5.266997405049755 0.4434603415143692 0
1259 5.584963159467706 1.216354742886425 0
1260 5.777082276533203 1.106223617688035 0
1261 7.06390028081199 0.2255438106255374 0
1262 7.895994730919318 1.221844372984693 0
1263 5.6488273038666 0.6641736577524158 0
1264 6.740250401673881 1.662160419576747 0
1265 7.767981621086894 1.221841269039148 0
1266 7.060110804512013 1.109941443240318 0
1267 5.969313059852766 0.7756699636294574 0
1268 6.877579037920707 0.1108151060479892 0
1269 6.097421232506006 1.217256007208604 0
1270 6.161715043841128 1.107004913931387 0
1271 7.960061546161969 1.552678851463133 0
1272 6.869224450889361 1.662699423881932 0
1273 5.776931858685197 0.6646018707066641 0
1274 6.807601333298695 0.2246075468520684 0
1275 6.033634653572583 0.6655637511401523 0
1276 7.961173798412329 0.669873541714792 0
1277 8.468666870694129 1.551033397392255 0
1278 5.840977442843281 0.7753321056783125 0
1279 5.00940675708333 1.543732029334741 0
1280 5.905050893685558 1.106285468633356 0
1281 7.63986673885196 1.221755691095513 0
1282 6.941978807050347 1.778302488000868 0
1283 6.618714216061129 0.1119295307824786 0
1284 7.970103904960478 1.778087463452733 0
1285 7.897314033693455 0.5593713531347523 0
1286 5.969266138141343 1.216961758207717 0
1287 7.511544717206023 1.221565563274535 0
1288 8.284019641415997 1.885266319723855 0
1289 6.551542903243264 0.2234184838240545 0
1290 7.126249081412649 1.663123589053563 0
1291 6.162346544956671 0.665696437189965 0
1292 7.383066837232818 1.221189634421513 0
1293 6.2908579763681 0.6659030162014093 0
1294 6.361526943803831 0.111794247016845 0
1295 7.768852371823106 0.5584622806848932 0
1296 6.419316253411111 0.6662491237735207 0
1297 6.289928449277008 1.107272416464558 0
1298 7.197964302551149 1.777978134425167 0
1299 7.254575794542717 1.220688013278317 0
1300 6.353692589188702 1.217887967529952 0
1301 6.482295771281257 1.218436209607109 0
1302 7.704588036870175 0.6688799731657042 0
1303 7.190725598394501 1.109934659953832 0
1304 6.610720581475832 1.218733870638663 0
1305 6.997117293878649 1.22018704806437 0
1306 6.73929148170515 1.219145205137529 0
1307 6.54822475370008 0.666846989146624 0
1308 6.868051609688985 1.219634061669679 0
1309 6.676638097187501 0.6674071233567989 0
1310 6.292033903230999 0.2248278754101815 0
1311 7.385705851347765 1.665304861997839 0
1312 6.740841031914691 0.7775187685828242 0
1313 6.166124596609027 0.2230233822433839 0
1314 8.470851944113297 1.772724265475512 0
1315 6.869538981518208 0.7775920065140512 0
1316 7.576067316813242 0.6688006924729424 0
1317 7.453635299219973 1.777206059079675 0
1318 5.073395851368758 1.657015164323351 0
1319 6.933295802515211 0.6675596191839234 0
1320 5.975630013137857 0.111461529484709 0
1321 7.061851499338986 0.6677759614362221 0
1322 7.447515938207308 0.6686483376349742 0
1323 7.64348204551747 1.665696282650911 0
1324 7.190233020522204 0.6681674446535298 0
1325 5.331597057527825 0.3329250492758516 0
1326 7.318832098982883 0.6684242410552468 0
1327 5.462105856241896 0.1104757603241153 0
1328 5.908932555711528 0.2223092439838586 0
1329 7.71286177418391 1.7786301768751 0
1330 5.652368610033013 0.2214444560114859 0
1331 5.718840197830888 0.1107916423957994 0
1332 7.897911069764984 1.662590321806118 0
1333 4.594520500002046 0.6894865978595215 0
1334 5.653842662828933 1.773819410280479 0
1335 5.396631115855766 0.2222046138040557 0
1336 5.203616497091021 1.882864255835735 0
1337 5.973529423632386 1.662605867394721 0
1338 8.221939373689619 0.2308561798004619 0
1339 8.287630920165798 0.1175995987874197 0
1340 8.805772368315044 1.875294865140801 0
1341 4.693325509505836 1.894089126331345 0
1342 8.092641073656786 1.771477495317836 0
1343 4.606205513678239 0.1866555758751582 0
1344 8.904038232438289 0.1930094681797264 0
1345 8.158392323829633 1.884750965699777 0
1346 8.897962134461812 0.8147310658406819 0
1347 8.901013914374282 1.691720520623824 0
1348 8.884017805595938 1.439372217453458 0
1349 8.786516895484521 0.3564085568046099 0
1350 4.690378180674126 0.9865914193206328 0
1351 8.776748504845802 0.5707825529057939 0
1352 4.591988377524963 0.81113493458773 0
1353 4.709900152648293 1.639359755516878 0
1354 4.713476539476555 0.3495292205772542 0
1355 4.714475645453606 0.5412790475107925 0
1356 8.908907759158648 1.207051817906692 0
1357 4.586090033002588 1.435223696563878 0
1358 4.5895144155045 1.202159118091272 0
1359 8.905361588153978 0.09371991749073935 0
1360 4.594638411845399 0.09371991748990306 0
1361 8.909896290072355 1.034198721380331 0
1362 8.908128520570475 1.909126070137659 0
1363 4.591871479429486 1.909126070137741 0
1364 8.819659786557716 0.8811867314406255 0
1365 8.824211134257341 1.759803421650245 0
1366 8.822653473021601 0.2445720194781947 0
1367 8.812381009720289 0.48527437659838 0
1368 4.666822147520167 0.8664633881415664 0
1369 4.675655127419566 0.641762208848896 0
1370 8.811491089505154 1.352259631187119 0
1371 4.584161822572119 1.030323032774281 0
1372 8.809077366828674 1.527120901165395 0
$EndNodes
$Elements
2750
1 15 2 1 1 1
2 15 2 1 2 2
3 15 2 2 2 2
4 15 2 2 3 3
5 15 2 1 4 4
6 15 2 1 5 5
7 15 2 2 5 5
8 15 2 2 6 6
9 1 2 1 1 4 7
10 1 2 1 1 7 8
11 1 2 1 1 8 9
12 1 2 1 1 9 10
13 1 2 1 1 10 11
14 1 2 1 1 11 12
15 1 2 1 1 12 13
16 1 2 1 1 13 14
17 1 2 1 1 14 15
18 1 2 1 1 15 16
19 1 2 1 1 16 17
20 1 2 1 1 17 18
21 1 2 1 1 18 19
22 1 2 1 1 19 20
23 1 2 1 1 20 21
24 1 2 1 1 21 1
25 1 2 2 3 6 37
26 1 2 2 3 37 38
27 1 2 2 3 38 39
28 1 2 2 3 39 40
29 1 2 2 3 40 41
30 1 2 2 3 41 42
31 1 2 2 3 42 43
32 1 2 2 3 43 44
33 1 2 2 3 44 45
34 1 2 2 3 45 46
35 1 2 2 3 46 47
36 1 2 2 3 47 48
37 1 2 2 3 48 49
38 1 2 2 3 49 50
39 1 2 2 3 50 51
40 1 2 2 3 51 3
41 1 2 1 4 1 52
42 1 2 1 4 52 53
43 1 2 1 4 53 54
44 1 2 1 4 54 55
45 1 2 1 4 55 56
46 1 2 1 4 56 57
47 1 2 1 4 57 58
48 1 2 1 4 58 59
49 1 2 1 4 59 60
50 1 2 1 4 60 61
51 1 2 1 4 61 62
52 1 2 1 4 62 63
53 1 2 1 4 63 64
54 1 2 1 4 64 65
55 1 2 1 4 65 66
56 1 2 1 4 66 67
57 1 2 1 4 67 68
58 1 2 1 4 68 69
59 1 2 1 4 69 70
60 1 2 1 4 70 71
61 1 2 1 4 71 72
62 1 2 1 4 72 73
63 1 2 1 4 73 74
64 1 2 1 4 74 75
65 1 2 1 4 75 76
66 1 2 1 4 76 77
67 1 2 1 4 77 78
68 1 2 1 4 78 79
69 1 2 1 4 79 80
70 1 2 1 4 80 81
71 1 2 1 4 81 82
72 1 2 1 4 82 83
73 1 2 1 4 83 84
74 1 2 1 4 84 85
75 1 2 1 4 85 2
76 1 2 2 5 3 86
77 1 2 2 5 86 87
78 1 2 2 5 87 88
79 1 2 2 5 88 89
80 1 2 2 5 89 90
81 1 2 2 5 90 91
82 1 2 2 5 91 92
83 1 2 2 5 92 93
84 1 2 2 5 93 94
85 1 2 2 5 94 95
86 1 2 2 5 95 96
87 1 2 2 5 96 97
88 1 2 2 5 97 98
89 1 2 2 5 98 99
90 1 2 2 5 99 100
91 1 2 2 5 100 101
92 1 2 2 5 101 102
93 1 2 2 5 102 103
94 1 2 2 5 103 104
95 1 2 2 5 104 105
96 1 2 2 5 105 106
97 1 2 2 5 106 107
98 1 2 2 5 107 108
99 1 2 2 5 108 109
100 1 2 2 5 109 110
101 1 2 2 5 110 111
102 1 2 2 5 111 112
103 1 2 2 5 112 113
104 1 2 2 5 113 114
105 1 2 2 5 114 115
106 1 2 2 5 115 116
107 1 2 2 5 116 117
108 1 2 2 5 117 118
109 1 2 2 5 118 119
110 1 2 2 5 119 2
111 1 2 1 6 5 120
112 1 2 1 6 120 121
113 1 2 1 6 121 122
114 1 2 1 6 122 123
115 1 2 1 6 123 124
116 1 2 1 6 124 125
117 1 2 1 6 125 126
118 1 2 1 6 126 127
119 1 2 1 6 127 128
120 1 2 1 6 128 129
121 1 2 1 6 129 130
122 1 2 1 6 130 131
123 1 2 1 6 131 132
124 1 2 1 6 132 133
125 1 2 1 6 133 134
126 1 2 1 6 134 135
127 1 2 1 6 135 136
128 1 2 1 6 136 137
129 1 2 1 6 137 138
130 1 2 1 6 138 139
131 1 2 1 6 139 140
132 1 2 1 6 140 141
133 1 2 1 6 141 142
134 1 2 1 6 142 143
135 1 2 1 6 143 144
136 1 2 1 6 144 145
137 1 2 1 6 145 146
138 1 2 1 6 146 147
139 1 2 1 6 147 148
140 1 2 1 6 148 149
141 1 2 1 6 149 150
142 1 2 1 6 150 151
143 1 2 1 6 151 152
144 1 2 1 6 152 153
145 1 2 1 6 153 4
146 1 2 2 7 5 154
147 1 2 2 7 154 155
148 1 2 2 7 155 156
149 1 2 2 7 156 157
150 1 2 2 7 157 158
151 1 2 2 7 158 159
152 1 2 2 7 159 160
153 1 2 2 7 160 161
154 1 2 2 7 161 162
155 1 2 2 7 162 163
156 1 2 2 7 163 164
157 1 2 2 7 164 165
158 1 2 2 7 165 166
159 1 2 2 7 166 167
160 1 2 2 7 167 168
161 1 2 2 7 168 169
162 1 2 2 7 169 170
163 1 2 2 7 170 171
164 1 2 2 7 171 172
165 1 2 2 7 172 173
166 1 2 2 7 173 174
167 1 2 2 7 174 175
168 1 2 2 7 175 176
169 1 2 2 7 176 177
170 1 2 2 7 177 178
171 1 2 2 7 178 179
172 1 2 2 7 179 180
173 1 2 2 7 180 181
174 1 2 2 7 181 182
175 1 2 2 7 182 183
176 1 2 2 7 183 184
177 1 2 2 7 184 185
178 1 2 2 7 185 186
179 1 2 2 7 186 187
180 1 2 2 7 187 6
181 2 2 1 1 225 508 755
182 2 2 1 1 479 643 758
183 2 2 1 1 198 527 529
184 2 2 1 1 523 637 639
185 2 2 1 1 497 754 766
186 2 2 1 1 754 224 766
187 2 2 1 1 508 225 757
188 2 2 1 1 499 203 500
189 2 2 1 1 643 479 757
190 2 2 1 1 483 203 499
191 2 2 1 1 519 202 532
192 2 2 1 1 198 529 763
193 2 2 1 1 500 223 501
194 2 2 1 1 20 21 541
195 2 2 1 1 523 639 760
196 2 2 1 1 534 536 537
197 2 2 1 1 411 499 500
198 2 2 1 1 532 222 546
199 2 2 1 1 643 207 758
200 2 2 1 1 474 391 501
201 2 2 1 1 541 21 772
202 2 2 1 1 637 523 759
203 2 2 1 1 411 500 501
204 2 2 1 1 532 202 764
205 2 2 1 1 235 233 536
206 2 2 1 1 534 537 761
207 2 2 1 1 223 493 501
208 2 2 1 1 222 540 546
209 2 2 1 1 529 530 645
210 2 2 1 1 497 228 754
211 2 2 1 1 508 229 755
212 2 2 1 1 644 537 766
213 2 2 1 1 391 411 501
214 2 2 1 1 493 474 501
215 2 2 1 1 233 475 536
216 2 2 1 1 202 519 760
217 2 2 1 1 527 198 759
218 2 2 1 1 531 384 534
219 2 2 1 1 494 35 769
220 2 2 1 1 223 500 768
221 2 2 1 1 224 644 766
222 2 2 1 1 484 30 762
223 2 2 1 1 384 235 536
224 2 2 1 1 227 492 494
225 2 2 1 1 384 531 538
226 2 2 1 1 225 643 757
227 2 2 1 1 563 562 739
228 2 2 1 1 492 227 496
229 2 2 1 1 30 484 774
230 2 2 1 1 550 551 752
231 2 2 1 1 533 329 651
232 2 2 1 1 537 644 761
233 2 2 1 1 329 533 551
234 2 2 1 1 485 205 573
235 2 2 1 1 645 530 775
236 2 2 1 1 329 538 651
237 2 2 1 1 211 490 496
238 2 2 1 1 205 125 573
239 2 2 1 1 490 211 491
240 2 2 1 1 508 480 712
241 2 2 1 1 491 211 498
242 2 2 1 1 490 492 496
243 2 2 1 1 544 553 748
244 2 2 1 1 562 466 739
245 2 2 1 1 559 712 717
246 2 2 1 1 712 480 717
247 2 2 1 1 538 531 651
248 2 2 1 1 35 494 765
249 2 2 1 1 715 561 716
250 2 2 1 1 644 206 761
251 2 2 1 1 392 715 716
252 2 2 1 1 393 553 567
253 2 2 1 1 559 392 716
254 2 2 1 1 551 533 752
255 2 2 1 1 392 559 717
256 2 2 1 1 126 127 749
257 2 2 1 1 567 568 641
258 2 2 1 1 498 205 688
259 2 2 1 1 468 387 489
260 2 2 1 1 393 567 641
261 2 2 1 1 578 521 658
262 2 2 1 1 222 532 764
263 2 2 1 1 314 578 658
264 2 2 1 1 568 401 641
265 2 2 1 1 530 534 775
266 2 2 1 1 562 561 744
267 2 2 1 1 401 568 582
268 2 2 1 1 491 498 688
269 2 2 1 1 669 619 677
270 2 2 1 1 685 617 699
271 2 2 1 1 449 669 677
272 2 2 1 1 401 582 636
273 2 2 1 1 480 508 757
274 2 2 1 1 713 621 718
275 2 2 1 1 451 685 699
276 2 2 1 1 453 713 718
277 2 2 1 1 722 601 724
278 2 2 1 1 553 393 748
279 2 2 1 1 619 410 656
280 2 2 1 1 205 485 688
281 2 2 1 1 456 722 724
282 2 2 1 1 410 636 656
283 2 2 1 1 636 582 656
284 2 2 1 1 727 597 729
285 2 2 1 1 125 126 573
286 2 2 1 1 736 194 738
287 2 2 1 1 458 727 729
288 2 2 1 1 487 736 738
289 2 2 1 1 410 619 669
290 2 2 1 1 216 735 753
291 2 2 1 1 534 761 775
292 2 2 1 1 466 562 744
293 2 2 1 1 617 449 677
294 2 2 1 1 535 314 658
295 2 2 1 1 314 535 691
296 2 2 1 1 534 384 536
297 2 2 1 1 239 237 538
298 2 2 1 1 449 617 685
299 2 2 1 1 488 394 495
300 2 2 1 1 387 394 489
301 2 2 1 1 416 689 702
302 2 2 1 1 689 615 702
303 2 2 1 1 621 451 699
304 2 2 1 1 213 563 739
305 2 2 1 1 451 621 713
306 2 2 1 1 450 714 719
307 2 2 1 1 338 691 720
308 2 2 1 1 394 488 489
309 2 2 1 1 495 328 659
310 2 2 1 1 714 611 719
311 2 2 1 1 561 715 744
312 2 2 1 1 452 723 725
313 2 2 1 1 481 642 756
314 2 2 1 1 723 609 725
315 2 2 1 1 642 481 776
316 2 2 1 1 536 475 537
317 2 2 1 1 691 535 720
318 2 2 1 1 454 726 728
319 2 2 1 1 601 453 718
320 2 2 1 1 613 416 679
321 2 2 1 1 726 599 728
322 2 2 1 1 453 601 722
323 2 2 1 1 455 731 733
324 2 2 1 1 35 36 769
325 2 2 1 1 731 595 733
326 2 2 1 1 416 613 689
327 2 2 1 1 457 734 737
328 2 2 1 1 734 605 737
329 2 2 1 1 504 395 506
330 2 2 1 1 597 456 724
331 2 2 1 1 575 574 746
332 2 2 1 1 459 741 743
333 2 2 1 1 741 603 743
334 2 2 1 1 489 482 721
335 2 2 1 1 506 395 650
336 2 2 1 1 456 597 727
337 2 2 1 1 573 126 749
338 2 2 1 1 237 384 538
339 2 2 1 1 545 338 720
340 2 2 1 1 745 575 747
341 2 2 1 1 329 239 538
342 2 2 1 1 461 745 747
343 2 2 1 1 307 328 548
344 2 2 1 1 488 495 659
345 2 2 1 1 607 458 729
346 2 2 1 1 615 450 702
347 2 2 1 1 450 615 714
348 2 2 1 1 504 503 653
349 2 2 1 1 458 607 732
350 2 2 1 1 328 495 548
351 2 2 1 1 395 504 653
352 2 2 1 1 545 544 748
353 2 2 1 1 121 122 496
354 2 2 1 1 123 124 498
355 2 2 1 1 213 487 738
356 2 2 1 1 584 194 736
357 2 2 1 1 194 584 735
358 2 2 1 1 227 121 496
359 2 2 1 1 487 213 739
360 2 2 1 1 611 452 719
361 2 2 1 1 452 611 723
362 2 2 1 1 296 307 548
363 2 2 1 1 539 540 541
364 2 2 1 1 547 545 720
365 2 2 1 1 122 211 496
366 2 2 1 1 475 231 497
367 2 2 1 1 289 296 661
368 2 2 1 1 510 513 539
369 2 2 1 1 211 123 498
370 2 2 1 1 200 148 503
371 2 2 1 1 124 205 498
372 2 2 1 1 499 411 579
373 2 2 1 1 539 513 540
374 2 2 1 1 230 228 497
375 2 2 1 1 56 204 542
376 2 2 1 1 507 229 508
377 2 2 1 1 316 550 752
378 2 2 1 1 468 489 721
379 2 2 1 1 511 543 547
380 2 2 1 1 609 454 725
381 2 2 1 1 226 509 539
382 2 2 1 1 200 503 504
383 2 2 1 1 231 230 497
384 2 2 1 1 565 319 654
385 2 2 1 1 460 575 746
386 2 2 1 1 152 228 230
387 2 2 1 1 84 229 507
388 2 2 1 1 454 609 726
389 2 2 1 1 226 53 509
390 2 2 1 1 542 204 543
391 2 2 1 1 509 510 539
392 2 2 1 1 511 542 543
393 2 2 1 1 380 652 662
394 2 2 1 1 296 548 661
395 2 2 1 1 226 539 541
396 2 2 1 1 149 502 503
397 2 2 1 1 249 303 627
398 2 2 1 1 394 476 495
399 2 2 1 1 517 532 546
400 2 2 1 1 652 565 662
401 2 2 1 1 514 517 546
402 2 2 1 1 59 188 566
403 2 2 1 1 543 545 547
404 2 2 1 1 730 448 740
405 2 2 1 1 333 382 549
406 2 2 1 1 382 470 549
407 2 2 1 1 411 383 579
408 2 2 1 1 515 512 547
409 2 2 1 1 512 511 547
410 2 2 1 1 735 584 753
411 2 2 1 1 149 150 502
412 2 2 1 1 566 188 567
413 2 2 1 1 241 329 551
414 2 2 1 1 550 243 551
415 2 2 1 1 553 566 567
416 2 2 1 1 148 149 503
417 2 2 1 1 303 556 627
418 2 2 1 1 213 78 563
419 2 2 1 1 540 513 546
420 2 2 1 1 208 230 231
421 2 2 1 1 599 455 728
422 2 2 1 1 55 56 542
423 2 2 1 1 509 210 510
424 2 2 1 1 578 316 751
425 2 2 1 1 558 209 559
426 2 2 1 1 513 514 546
427 2 2 1 1 455 599 731
428 2 2 1 1 495 476 548
429 2 2 1 1 82 209 558
430 2 2 1 1 120 121 227
431 2 2 1 1 52 53 226
432 2 2 1 1 233 231 475
433 2 2 1 1 328 549 659
434 2 2 1 1 152 153 228
435 2 2 1 1 84 85 229
436 2 2 1 1 208 151 230
437 2 2 1 1 209 83 507
438 2 2 1 1 338 545 748
439 2 2 1 1 81 558 560
440 2 2 1 1 399 397 660
441 2 2 1 1 245 243 550
442 2 2 1 1 382 390 469
443 2 2 1 1 503 502 653
444 2 2 1 1 286 284 570
445 2 2 1 1 58 59 566
446 2 2 1 1 243 241 551
447 2 2 1 1 54 210 509
448 2 2 1 1 247 249 627
449 2 2 1 1 510 512 513
450 2 2 1 1 212 554 555
451 2 2 1 1 492 493 494
452 2 2 1 1 654 319 663
453 2 2 1 1 319 565 652
454 2 2 1 1 513 512 514
455 2 2 1 1 492 474 493
456 2 2 1 1 291 286 570
457 2 2 1 1 655 654 663
458 2 2 1 1 517 519 532
459 2 2 1 1 320 333 549
460 2 2 1 1 517 518 519
461 2 2 1 1 564 465 565
462 2 2 1 1 514 516 517
463 2 2 1 1 483 468 484
464 2 2 1 1 232 231 233
465 2 2 1 1 57 58 552
466 2 2 1 1 391 383 411
467 2 2 1 1 389 465 564
468 2 2 1 1 334 315 336
469 2 2 1 1 469 390 479
470 2 2 1 1 78 79 563
471 2 2 1 1 467 387 468
472 2 2 1 1 287 286 289
473 2 2 1 1 285 284 286
474 2 2 1 1 278 665 690
475 2 2 1 1 307 320 328
476 2 2 1 1 333 381 382
477 2 2 1 1 470 469 471
478 2 2 1 1 311 308 315
479 2 2 1 1 314 309 578
480 2 2 1 1 467 468 483
481 2 2 1 1 208 231 232
482 2 2 1 1 237 235 384
483 2 2 1 1 150 151 208
484 2 2 1 1 82 83 209
485 2 2 1 1 336 387 467
486 2 2 1 1 309 298 316
487 2 2 1 1 382 381 390
488 2 2 1 1 328 320 549
489 2 2 1 1 151 152 230
490 2 2 1 1 83 84 507
491 2 2 1 1 311 315 334
492 2 2 1 1 287 289 297
493 2 2 1 1 336 467 579
494 2 2 1 1 53 54 509
495 2 2 1 1 570 569 655
496 2 2 1 1 285 286 287
497 2 2 1 1 472 471 481
498 2 2 1 1 510 511 512
499 2 2 1 1 467 499 579
500 2 2 1 1 336 386 387
501 2 2 1 1 751 316 752
502 2 2 1 1 201 560 561
503 2 2 1 1 520 522 523
504 2 2 1 1 212 146 554
505 2 2 1 1 527 528 529
506 2 2 1 1 200 504 505
507 2 2 1 1 517 516 518
508 2 2 1 1 552 58 566
509 2 2 1 1 543 204 544
510 2 2 1 1 283 285 571
511 2 2 1 1 510 210 511
512 2 2 1 1 317 670 672
513 2 2 1 1 283 284 285
514 2 2 1 1 382 469 470
515 2 2 1 1 201 80 560
516 2 2 1 1 297 289 661
517 2 2 1 1 54 55 210
518 2 2 1 1 122 123 211
519 2 2 1 1 618 619 656
520 2 2 1 1 524 526 527
521 2 2 1 1 554 505 555
522 2 2 1 1 200 505 554
523 2 2 1 1 383 334 579
524 2 2 1 1 241 239 329
525 2 2 1 1 381 392 717
526 2 2 1 1 519 518 520
527 2 2 1 1 124 125 205
528 2 2 1 1 56 57 204
529 2 2 1 1 556 303 648
530 2 2 1 1 81 82 558
531 2 2 1 1 283 282 284
532 2 2 1 1 388 389 564
533 2 2 1 1 514 515 516
534 2 2 1 1 284 569 570
535 2 2 1 1 289 291 296
536 2 2 1 1 147 148 200
537 2 2 1 1 79 80 201
538 2 2 1 1 655 569 667
539 2 2 1 1 298 245 550
540 2 2 1 1 567 188 568
541 2 2 1 1 312 309 314
542 2 2 1 1 505 504 506
543 2 2 1 1 300 298 309
544 2 2 1 1 296 306 307
545 2 2 1 1 307 318 320
546 2 2 1 1 320 332 333
547 2 2 1 1 564 565 654
548 2 2 1 1 234 233 235
549 2 2 1 1 523 522 524
550 2 2 1 1 150 208 502
551 2 2 1 1 336 315 386
552 2 2 1 1 335 334 383
553 2 2 1 1 147 200 554
554 2 2 1 1 416 403 679
555 2 2 1 1 648 635 657
556 2 2 1 1 445 446 447
557 2 2 1 1 470 471 472
558 2 2 1 1 389 464 465
559 2 2 1 1 284 282 569
560 2 2 1 1 543 544 545
561 2 2 1 1 556 447 557
562 2 2 1 1 478 388 564
563 2 2 1 1 310 308 311
564 2 2 1 1 145 212 574
565 2 2 1 1 299 297 308
566 2 2 1 1 210 55 542
567 2 2 1 1 288 245 298
568 2 2 1 1 507 508 712
569 2 2 1 1 447 446 448
570 2 2 1 1 80 81 560
571 2 2 1 1 387 386 394
572 2 2 1 1 377 378 388
573 2 2 1 1 472 481 482
574 2 2 1 1 388 378 389
575 2 2 1 1 301 283 571
576 2 2 1 1 465 464 466
577 2 2 1 1 477 388 478
578 2 2 1 1 79 201 563
579 2 2 1 1 204 57 552
580 2 2 1 1 595 457 733
581 2 2 1 1 308 297 640
582 2 2 1 1 316 298 550
583 2 2 1 1 445 447 556
584 2 2 1 1 201 561 562
585 2 2 1 1 309 316 578
586 2 2 1 1 145 146 212
587 2 2 1 1 77 78 213
588 2 2 1 1 527 526 528
589 2 2 1 1 232 233 234
590 2 2 1 1 443 444 445
591 2 2 1 1 289 286 291
592 2 2 1 1 529 528 530
593 2 2 1 1 568 581 582
594 2 2 1 1 334 336 579
595 2 2 1 1 445 444 446
596 2 2 1 1 457 595 734
597 2 2 1 1 281 282 283
598 2 2 1 1 400 345 587
599 2 2 1 1 627 557 668
600 2 2 1 1 281 280 282
601 2 2 1 1 581 220 582
602 2 2 1 1 282 295 569
603 2 2 1 1 374 341 397
604 2 2 1 1 195 574 575
605 2 2 1 1 281 301 580
606 2 2 1 1 389 463 464
607 2 2 1 1 279 281 580
608 2 2 1 1 385 383 391
609 2 2 1 1 333 379 381
610 2 2 1 1 441 442 443
611 2 2 1 1 463 378 583
612 2 2 1 1 377 388 477
613 2 2 1 1 236 235 237
614 2 2 1 1 377 376 378
615 2 2 1 1 378 376 583
616 2 2 1 1 386 315 640
617 2 2 1 1 373 376 377
618 2 2 1 1 313 331 633
619 2 2 1 1 377 477 576
620 2 2 1 1 404 349 590
621 2 2 1 1 195 144 574
622 2 2 1 1 144 145 574
623 2 2 1 1 439 440 441
624 2 2 1 1 321 279 580
625 2 2 1 1 279 280 281
626 2 2 1 1 398 397 399
627 2 2 1 1 373 377 576
628 2 2 1 1 514 512 515
629 2 2 1 1 443 442 444
630 2 2 1 1 189 612 613
631 2 2 1 1 277 321 586
632 2 2 1 1 61 220 581
633 2 2 1 1 146 147 554
634 2 2 1 1 437 438 439
635 2 2 1 1 467 483 499
636 2 2 1 1 279 278 280
637 2 2 1 1 670 557 672
638 2 2 1 1 238 237 239
639 2 2 1 1 345 347 587
640 2 2 1 1 396 576 577
641 2 2 1 1 441 440 442
642 2 2 1 1 288 298 300
643 2 2 1 1 396 373 576
644 2 2 1 1 406 353 589
645 2 2 1 1 435 436 437
646 2 2 1 1 277 279 321
647 2 2 1 1 618 190 619
648 2 2 1 1 282 280 295
649 2 2 1 1 337 330 338
650 2 2 1 1 60 61 581
651 2 2 1 1 277 278 279
652 2 2 1 1 217 602 603
653 2 2 1 1 408 357 593
654 2 2 1 1 219 614 615
655 2 2 1 1 433 434 435
656 2 2 1 1 277 276 278
657 2 2 1 1 371 372 373
658 2 2 1 1 373 372 376
659 2 2 1 1 349 351 590
660 2 2 1 1 431 432 433
661 2 2 1 1 439 438 440
662 2 2 1 1 281 283 301
663 2 2 1 1 275 277 586
664 2 2 1 1 616 221 617
665 2 2 1 1 673 491 688
666 2 2 1 1 369 370 371
667 2 2 1 1 371 396 585
668 2 2 1 1 272 322 588
669 2 2 1 1 429 430 431
670 2 2 1 1 353 355 589
671 2 2 1 1 347 404 587
672 2 2 1 1 437 436 438
673 2 2 1 1 397 341 572
674 2 2 1 1 389 378 463
675 2 2 1 1 197 604 605
676 2 2 1 1 409 361 592
677 2 2 1 1 371 373 396
678 2 2 1 1 369 371 585
679 2 2 1 1 347 349 404
680 2 2 1 1 443 648 657
681 2 2 1 1 407 365 591
682 2 2 1 1 303 635 648
683 2 2 1 1 620 192 621
684 2 2 1 1 275 274 276
685 2 2 1 1 405 369 585
686 2 2 1 1 427 428 429
687 2 2 1 1 302 275 586
688 2 2 1 1 355 408 589
689 2 2 1 1 371 370 372
690 2 2 1 1 214 594 595
691 2 2 1 1 191 610 611
692 2 2 1 1 275 276 277
693 2 2 1 1 361 363 592
694 2 2 1 1 357 359 593
695 2 2 1 1 376 462 583
696 2 2 1 1 274 272 588
697 2 2 1 1 363 407 592
698 2 2 1 1 600 215 601
699 2 2 1 1 365 367 591
700 2 2 1 1 355 357 408
701 2 2 1 1 433 432 434
702 2 2 1 1 435 434 436
703 2 2 1 1 431 430 432
704 2 2 1 1 367 369 405
705 2 2 1 1 193 598 599
706 2 2 1 1 331 343 633
707 2 2 1 1 606 216 607
708 2 2 1 1 218 608 609
709 2 2 1 1 351 353 406
710 2 2 1 1 276 274 294
711 2 2 1 1 596 196 597
712 2 2 1 1 363 365 407
713 2 2 1 1 367 368 369
714 2 2 1 1 425 426 427
715 2 2 1 1 351 406 590
716 2 2 1 1 367 405 591
717 2 2 1 1 429 428 430
718 2 2 1 1 571 285 649
719 2 2 1 1 343 345 400
720 2 2 1 1 359 361 409
721 2 2 1 1 359 409 593
722 2 2 1 1 287 297 299
723 2 2 1 1 369 368 370
724 2 2 1 1 272 270 322
725 2 2 1 1 323 271 622
726 2 2 1 1 476 386 640
727 2 2 1 1 136 137 598
728 2 2 1 1 193 136 598
729 2 2 1 1 68 69 600
730 2 2 1 1 192 68 600
731 2 2 1 1 214 138 594
732 2 2 1 1 137 138 214
733 2 2 1 1 69 70 215
734 2 2 1 1 215 70 596
735 2 2 1 1 137 214 598
736 2 2 1 1 69 215 600
737 2 2 1 1 139 197 594
738 2 2 1 1 71 196 596
739 2 2 1 1 138 139 594
740 2 2 1 1 70 71 596
741 2 2 1 1 217 142 602
742 2 2 1 1 141 217 604
743 2 2 1 1 73 216 606
744 2 2 1 1 197 140 604
745 2 2 1 1 196 72 606
746 2 2 1 1 143 195 602
747 2 2 1 1 71 72 196
748 2 2 1 1 139 140 197
749 2 2 1 1 143 144 195
750 2 2 1 1 141 142 217
751 2 2 1 1 73 74 216
752 2 2 1 1 75 76 194
753 2 2 1 1 142 143 602
754 2 2 1 1 72 73 606
755 2 2 1 1 140 141 604
756 2 2 1 1 135 136 193
757 2 2 1 1 135 193 608
758 2 2 1 1 134 135 608
759 2 2 1 1 133 134 218
760 2 2 1 1 132 133 610
761 2 2 1 1 218 134 608
762 2 2 1 1 127 128 189
763 2 2 1 1 129 130 219
764 2 2 1 1 131 132 191
765 2 2 1 1 128 129 612
766 2 2 1 1 65 66 221
767 2 2 1 1 67 68 192
768 2 2 1 1 61 62 220
769 2 2 1 1 63 64 190
770 2 2 1 1 59 60 188
771 2 2 1 1 64 65 616
772 2 2 1 1 62 63 618
773 2 2 1 1 66 67 620
774 2 2 1 1 130 131 614
775 2 2 1 1 133 218 610
776 2 2 1 1 191 132 610
777 2 2 1 1 189 128 612
778 2 2 1 1 219 130 614
779 2 2 1 1 129 219 612
780 2 2 1 1 220 62 618
781 2 2 1 1 190 64 616
782 2 2 1 1 221 66 620
783 2 2 1 1 65 221 616
784 2 2 1 1 63 190 618
785 2 2 1 1 67 192 620
786 2 2 1 1 131 191 614
787 2 2 1 1 376 372 462
788 2 2 1 1 423 424 425
789 2 2 1 1 294 274 588
790 2 2 1 1 273 274 275
791 2 2 1 1 427 426 428
792 2 2 1 1 268 293 623
793 2 2 1 1 273 272 274
794 2 2 1 1 311 334 335
795 2 2 1 1 271 273 622
796 2 2 1 1 365 366 367
797 2 2 1 1 270 268 623
798 2 2 1 1 322 270 623
799 2 2 1 1 425 424 426
800 2 2 1 1 296 291 306
801 2 2 1 1 363 364 365
802 2 2 1 1 273 275 302
803 2 2 1 1 269 271 323
804 2 2 1 1 367 366 368
805 2 2 1 1 370 368 458
806 2 2 1 1 361 362 363
807 2 2 1 1 365 364 366
808 2 2 1 1 556 557 627
809 2 2 1 1 423 422 424
810 2 2 1 1 267 269 625
811 2 2 1 1 273 302 622
812 2 2 1 1 421 422 423
813 2 2 1 1 426 424 454
814 2 2 1 1 264 262 324
815 2 2 1 1 363 362 364
816 2 2 1 1 271 272 273
817 2 2 1 1 304 267 625
818 2 2 1 1 268 266 293
819 2 2 1 1 366 364 456
820 2 2 1 1 260 292 628
821 2 2 1 1 271 270 272
822 2 2 1 1 359 360 361
823 2 2 1 1 430 428 455
824 2 2 1 1 300 309 312
825 2 2 1 1 422 420 452
826 2 2 1 1 269 270 271
827 2 2 1 1 361 360 362
828 2 2 1 1 269 268 270
829 2 2 1 1 265 267 304
830 2 2 1 1 269 323 625
831 2 2 1 1 262 260 628
832 2 2 1 1 568 188 581
833 2 2 1 1 357 358 359
834 2 2 1 1 362 360 453
835 2 2 1 1 267 268 269
836 2 2 1 1 311 335 572
837 2 2 1 1 261 263 325
838 2 2 1 1 307 306 318
839 2 2 1 1 264 324 624
840 2 2 1 1 267 266 268
841 2 2 1 1 355 356 357
842 2 2 1 1 434 432 457
843 2 2 1 1 359 358 360
844 2 2 1 1 320 318 332
845 2 2 1 1 421 420 422
846 2 2 1 1 293 266 624
847 2 2 1 1 265 266 267
848 2 2 1 1 333 332 379
849 2 2 1 1 357 356 358
850 2 2 1 1 265 264 266
851 2 2 1 1 188 60 581
852 2 2 1 1 353 354 355
853 2 2 1 1 419 420 421
854 2 2 1 1 256 254 326
855 2 2 1 1 259 261 630
856 2 2 1 1 263 264 265
857 2 2 1 1 358 356 451
858 2 2 1 1 260 258 292
859 2 2 1 1 266 264 624
860 2 2 1 1 252 290 634
861 2 2 1 1 305 259 630
862 2 2 1 1 324 262 628
863 2 2 1 1 355 354 356
864 2 2 1 1 263 262 264
865 2 2 1 1 418 415 450
866 2 2 1 1 438 436 459
867 2 2 1 1 325 263 626
868 2 2 1 1 265 304 626
869 2 2 1 1 261 262 263
870 2 2 1 1 250 248 631
871 2 2 1 1 446 444 460
872 2 2 1 1 351 352 353
873 2 2 1 1 520 521 522
874 2 2 1 1 419 418 420
875 2 2 1 1 263 265 626
876 2 2 1 1 253 255 327
877 2 2 1 1 261 260 262
878 2 2 1 1 464 463 487
879 2 2 1 1 234 235 236
880 2 2 1 1 353 352 354
881 2 2 1 1 257 259 305
882 2 2 1 1 254 252 634
883 2 2 1 1 417 418 419
884 2 2 1 1 473 391 474
885 2 2 1 1 240 239 241
886 2 2 1 1 465 466 662
887 2 2 1 1 259 260 261
888 2 2 1 1 559 209 712
889 2 2 1 1 354 352 449
890 2 2 1 1 583 462 584
891 2 2 1 1 310 311 572
892 2 2 1 1 261 325 630
893 2 2 1 1 303 251 635
894 2 2 1 1 349 350 351
895 2 2 1 1 256 326 629
896 2 2 1 1 442 440 461
897 2 2 1 1 259 258 260
898 2 2 1 1 703 588 705
899 2 2 1 1 417 415 418
900 2 2 1 1 351 350 352
901 2 2 1 1 292 258 629
902 2 2 1 1 445 556 648
903 2 2 1 1 257 258 259
904 2 2 1 1 251 253 635
905 2 2 1 1 569 295 667
906 2 2 1 1 414 415 417
907 2 2 1 1 347 348 349
908 2 2 1 1 405 703 705
909 2 2 1 1 257 256 258
910 2 2 1 1 349 348 350
911 2 2 1 1 413 403 416
912 2 2 1 1 343 400 633
913 2 2 1 1 327 255 632
914 2 2 1 1 255 256 257
915 2 2 1 1 299 308 310
916 2 2 1 1 252 250 290
917 2 2 1 1 258 256 629
918 2 2 1 1 414 413 415
919 2 2 1 1 350 348 410
920 2 2 1 1 326 254 634
921 2 2 1 1 290 250 631
922 2 2 1 1 255 254 256
923 2 2 1 1 257 305 632
924 2 2 1 1 345 346 347
925 2 2 1 1 374 397 398
926 2 2 1 1 524 525 526
927 2 2 1 1 516 515 535
928 2 2 1 1 412 413 414
929 2 2 1 1 347 346 348
930 2 2 1 1 249 251 303
931 2 2 1 1 253 254 255
932 2 2 1 1 255 257 632
933 2 2 1 1 488 482 489
934 2 2 1 1 253 252 254
935 2 2 1 1 253 327 635
936 2 2 1 1 236 237 238
937 2 2 1 1 201 562 563
938 2 2 1 1 668 557 670
939 2 2 1 1 246 245 288
940 2 2 1 1 251 252 253
941 2 2 1 1 242 241 243
942 2 2 1 1 548 476 661
943 2 2 1 1 343 344 345
944 2 2 1 1 490 474 492
945 2 2 1 1 315 308 640
946 2 2 1 1 244 243 245
947 2 2 1 1 345 344 346
948 2 2 1 1 412 403 413
949 2 2 1 1 251 250 252
950 2 2 1 1 398 399 485
951 2 2 1 1 346 344 401
952 2 2 1 1 544 204 552
953 2 2 1 1 544 552 553
954 2 2 1 1 331 339 343
955 2 2 1 1 399 673 688
956 2 2 1 1 238 239 240
957 2 2 1 1 249 250 251
958 2 2 1 1 402 403 412
959 2 2 1 1 313 312 330
960 2 2 1 1 244 245 246
961 2 2 1 1 558 559 716
962 2 2 1 1 331 330 337
963 2 2 1 1 249 248 250
964 2 2 1 1 479 390 480
965 2 2 1 1 244 246 247
966 2 2 1 1 410 348 636
967 2 2 1 1 343 339 344
968 2 2 1 1 511 210 542
969 2 2 1 1 549 470 659
970 2 2 1 1 348 346 636
971 2 2 1 1 339 337 393
972 2 2 1 1 520 518 521
973 2 2 1 1 530 531 534
974 2 2 1 1 631 248 638
975 2 2 1 1 247 248 249
976 2 2 1 1 331 337 339
977 2 2 1 1 335 383 385
978 2 2 1 1 240 241 242
979 2 2 1 1 28 29 199
980 2 2 1 1 13 14 198
981 2 2 1 1 247 246 248
982 2 2 1 1 242 243 244
983 2 2 1 1 127 189 749
984 2 2 1 1 394 386 476
985 2 2 1 1 402 375 403
986 2 2 1 1 208 232 502
987 2 2 1 1 447 448 672
988 2 2 1 1 313 330 331
989 2 2 1 1 342 375 402
990 2 2 1 1 524 522 525
991 2 2 1 1 342 341 374
992 2 2 1 1 346 401 636
993 2 2 1 1 476 640 661
994 2 2 1 1 220 618 656
995 2 2 1 1 246 288 638
996 2 2 1 1 516 535 658
997 2 2 1 1 553 552 566
998 2 2 1 1 342 374 375
999 2 2 1 1 300 312 313
1000 2 2 1 1 486 485 573
1001 2 2 1 1 14 15 637
1002 2 2 1 1 287 299 649
1003 2 2 1 1 472 482 488
1004 2 2 1 1 26 27 642
1005 2 2 1 1 340 310 341
1006 2 2 1 1 399 660 673
1007 2 2 1 1 665 577 690
1008 2 2 1 1 381 379 392
1009 2 2 1 1 398 485 486
1010 2 2 1 1 742 460 746
1011 2 2 1 1 11 12 645
1012 2 2 1 1 248 246 638
1013 2 2 1 1 374 398 646
1014 2 2 1 1 25 26 207
1015 2 2 1 1 10 11 206
1016 2 2 1 1 443 445 648
1017 2 2 1 1 441 443 657
1018 2 2 1 1 401 344 641
1019 2 2 1 1 15 16 639
1020 2 2 1 1 318 306 319
1021 2 2 1 1 385 391 473
1022 2 2 1 1 238 240 317
1023 2 2 1 1 276 294 665
1024 2 2 1 1 234 236 395
1025 2 2 1 1 344 339 641
1026 2 2 1 1 339 393 641
1027 2 2 1 1 341 310 572
1028 2 2 1 1 313 633 647
1029 2 2 1 1 526 525 533
1030 2 2 1 1 662 466 744
1031 2 2 1 1 398 486 646
1032 2 2 1 1 285 287 649
1033 2 2 1 1 299 310 340
1034 2 2 1 1 299 340 649
1035 2 2 1 1 340 341 342
1036 2 2 1 1 375 374 646
1037 2 2 1 1 16 17 202
1038 2 2 1 1 31 32 203
1039 2 2 1 1 530 528 531
1040 2 2 1 1 291 570 663
1041 2 2 1 1 478 564 654
1042 2 2 1 1 379 332 380
1043 2 2 1 1 638 288 647
1044 2 2 1 1 640 297 661
1045 2 2 1 1 24 25 643
1046 2 2 1 1 9 10 644
1047 2 2 1 1 473 474 490
1048 2 2 1 1 518 516 658
1049 2 2 1 1 675 402 683
1050 2 2 1 1 582 220 656
1051 2 2 1 1 449 352 669
1052 2 2 1 1 577 681 690
1053 2 2 1 1 667 295 681
1054 2 2 1 1 565 465 662
1055 2 2 1 1 288 300 647
1056 2 2 1 1 198 14 637
1057 2 2 1 1 350 410 669
1058 2 2 1 1 18 19 222
1059 2 2 1 1 33 34 223
1060 2 2 1 1 300 313 647
1061 2 2 1 1 619 190 677
1062 2 2 1 1 470 472 659
1063 2 2 1 1 473 490 491
1064 2 2 1 1 236 238 650
1065 2 2 1 1 397 572 660
1066 2 2 1 1 23 24 225
1067 2 2 1 1 8 9 224
1068 2 2 1 1 605 459 737
1069 2 2 1 1 441 657 664
1070 2 2 1 1 439 441 664
1071 2 2 1 1 616 617 677
1072 2 2 1 1 635 327 657
1073 2 2 1 1 459 605 741
1074 2 2 1 1 577 576 681
1075 2 2 1 1 478 655 667
1076 2 2 1 1 561 560 716
1077 2 2 1 1 332 318 652
1078 2 2 1 1 657 327 664
1079 2 2 1 1 521 518 658
1080 2 2 1 1 207 26 642
1081 2 2 1 1 238 317 650
1082 2 2 1 1 637 15 639
1083 2 2 1 1 244 247 668
1084 2 2 1 1 206 11 645
1085 2 2 1 1 528 526 651
1086 2 2 1 1 306 291 663
1087 2 2 1 1 526 533 651
1088 2 2 1 1 318 319 652
1089 2 2 1 1 396 577 682
1090 2 2 1 1 312 314 691
1091 2 2 1 1 327 632 664
1092 2 2 1 1 247 627 668
1093 2 2 1 1 232 234 653
1094 2 2 1 1 395 236 650
1095 2 2 1 1 472 488 659
1096 2 2 1 1 613 612 689
1097 2 2 1 1 633 400 671
1098 2 2 1 1 572 335 660
1099 2 2 1 1 502 232 653
1100 2 2 1 1 189 613 750
1101 2 2 1 1 278 276 665
1102 2 2 1 1 638 647 671
1103 2 2 1 1 219 615 689
1104 2 2 1 1 338 330 691
1105 2 2 1 1 16 202 639
1106 2 2 1 1 671 400 678
1107 2 2 1 1 380 332 652
1108 2 2 1 1 25 207 643
1109 2 2 1 1 10 206 644
1110 2 2 1 1 451 356 685
1111 2 2 1 1 280 278 690
1112 2 2 1 1 437 439 666
1113 2 2 1 1 478 654 655
1114 2 2 1 1 354 449 685
1115 2 2 1 1 319 306 663
1116 2 2 1 1 317 240 670
1117 2 2 1 1 531 528 651
1118 2 2 1 1 234 395 653
1119 2 2 1 1 342 402 675
1120 2 2 1 1 571 675 683
1121 2 2 1 1 403 375 679
1122 2 2 1 1 477 478 667
1123 2 2 1 1 665 294 682
1124 2 2 1 1 647 633 671
1125 2 2 1 1 664 632 666
1126 2 2 1 1 617 221 699
1127 2 2 1 1 632 305 666
1128 2 2 1 1 242 244 668
1129 2 2 1 1 620 621 699
1130 2 2 1 1 352 350 669
1131 2 2 1 1 506 730 740
1132 2 2 1 1 335 385 660
1133 2 2 1 1 557 447 672
1134 2 2 1 1 437 666 674
1135 2 2 1 1 439 664 666
1136 2 2 1 1 240 242 670
1137 2 2 1 1 570 655 663
1138 2 2 1 1 400 587 678
1139 2 2 1 1 666 305 674
1140 2 2 1 1 435 437 674
1141 2 2 1 1 571 649 675
1142 2 2 1 1 450 415 702
1143 2 2 1 1 294 588 703
1144 2 2 1 1 749 189 750
1145 2 2 1 1 413 416 702
1146 2 2 1 1 225 24 643
1147 2 2 1 1 224 9 644
1148 2 2 1 1 577 665 682
1149 2 2 1 1 631 638 671
1150 2 2 1 1 631 671 678
1151 2 2 1 1 615 614 714
1152 2 2 1 1 242 668 670
1153 2 2 1 1 191 611 714
1154 2 2 1 1 591 405 705
1155 2 2 1 1 305 630 674
1156 2 2 1 1 433 435 676
1157 2 2 1 1 453 360 713
1158 2 2 1 1 358 451 713
1159 2 2 1 1 591 705 706
1160 2 2 1 1 435 674 676
1161 2 2 1 1 587 404 686
1162 2 2 1 1 407 591 706
1163 2 2 1 1 682 294 703
1164 2 2 1 1 473 491 673
1165 2 2 1 1 649 340 675
1166 2 2 1 1 431 433 680
1167 2 2 1 1 407 706 708
1168 2 2 1 1 433 676 680
1169 2 2 1 1 404 590 694
1170 2 2 1 1 674 630 676
1171 2 2 1 1 592 407 708
1172 2 2 1 1 621 192 718
1173 2 2 1 1 695 622 697
1174 2 2 1 1 423 695 697
1175 2 2 1 1 600 601 718
1176 2 2 1 1 592 708 711
1177 2 2 1 1 409 592 711
1178 2 2 1 1 385 473 673
1179 2 2 1 1 678 587 686
1180 2 2 1 1 340 342 675
1181 2 2 1 1 429 431 684
1182 2 2 1 1 452 420 719
1183 2 2 1 1 672 448 730
1184 2 2 1 1 406 589 704
1185 2 2 1 1 686 404 694
1186 2 2 1 1 190 616 677
1187 2 2 1 1 418 450 719
1188 2 2 1 1 477 667 681
1189 2 2 1 1 593 409 710
1190 2 2 1 1 630 325 676
1191 2 2 1 1 590 406 700
1192 2 2 1 1 408 593 709
1193 2 2 1 1 704 589 707
1194 2 2 1 1 431 680 684
1195 2 2 1 1 461 603 745
1196 2 2 1 1 589 408 707
1197 2 2 1 1 694 590 700
1198 2 2 1 1 709 593 710
1199 2 2 1 1 429 684 687
1200 2 2 1 1 710 409 711
1201 2 2 1 1 301 571 683
1202 2 2 1 1 203 483 762
1203 2 2 1 1 676 325 680
1204 2 2 1 1 484 468 721
1205 2 2 1 1 707 408 709
1206 2 2 1 1 427 429 687
1207 2 2 1 1 681 295 690
1208 2 2 1 1 611 610 723
1209 2 2 1 1 603 461 743
1210 2 2 1 1 218 609 723
1211 2 2 1 1 456 364 722
1212 2 2 1 1 362 453 722
1213 2 2 1 1 290 631 678
1214 2 2 1 1 390 381 717
1215 2 2 1 1 325 626 680
1216 2 2 1 1 660 385 673
1217 2 2 1 1 576 477 681
1218 2 2 1 1 427 687 693
1219 2 2 1 1 425 427 693
1220 2 2 1 1 700 406 704
1221 2 2 1 1 585 396 682
1222 2 2 1 1 515 547 720
1223 2 2 1 1 425 693 695
1224 2 2 1 1 601 215 724
1225 2 2 1 1 596 597 724
1226 2 2 1 1 423 425 695
1227 2 2 1 1 680 626 684
1228 2 2 1 1 500 203 768
1229 2 2 1 1 375 646 679
1230 2 2 1 1 454 424 725
1231 2 2 1 1 422 452 725
1232 2 2 1 1 392 379 715
1233 2 2 1 1 626 304 684
1234 2 2 1 1 290 678 686
1235 2 2 1 1 301 683 692
1236 2 2 1 1 580 301 692
1237 2 2 1 1 622 302 697
1238 2 2 1 1 684 304 687
1239 2 2 1 1 586 321 698
1240 2 2 1 1 356 354 685
1241 2 2 1 1 402 412 683
1242 2 2 1 1 697 302 701
1243 2 2 1 1 302 586 701
1244 2 2 1 1 321 580 696
1245 2 2 1 1 634 290 686
1246 2 2 1 1 193 599 726
1247 2 2 1 1 609 608 726
1248 2 2 1 1 458 368 727
1249 2 2 1 1 586 698 701
1250 2 2 1 1 366 456 727
1251 2 2 1 1 304 625 687
1252 2 2 1 1 321 696 698
1253 2 2 1 1 683 412 692
1254 2 2 1 1 612 219 689
1255 2 2 1 1 687 625 693
1256 2 2 1 1 574 212 746
1257 2 2 1 1 580 692 696
1258 2 2 1 1 295 280 690
1259 2 2 1 1 585 682 703
1260 2 2 1 1 634 686 694
1261 2 2 1 1 625 323 693
1262 2 2 1 1 606 607 729
1263 2 2 1 1 597 196 729
1264 2 2 1 1 485 399 688
1265 2 2 1 1 426 454 728
1266 2 2 1 1 455 428 728
1267 2 2 1 1 412 414 692
1268 2 2 1 1 693 323 695
1269 2 2 1 1 323 622 695
1270 2 2 1 1 692 414 696
1271 2 2 1 1 214 595 731
1272 2 2 1 1 326 634 694
1273 2 2 1 1 330 312 691
1274 2 2 1 1 599 598 731
1275 2 2 1 1 326 694 700
1276 2 2 1 1 370 458 732
1277 2 2 1 1 462 372 732
1278 2 2 1 1 421 423 697
1279 2 2 1 1 414 417 696
1280 2 2 1 1 221 620 699
1281 2 2 1 1 696 417 698
1282 2 2 1 1 421 697 701
1283 2 2 1 1 560 558 716
1284 2 2 1 1 417 419 698
1285 2 2 1 1 698 419 701
1286 2 2 1 1 629 326 700
1287 2 2 1 1 419 421 701
1288 2 2 1 1 575 460 747
1289 2 2 1 1 506 650 730
1290 2 2 1 1 209 507 712
1291 2 2 1 1 405 585 703
1292 2 2 1 1 430 455 733
1293 2 2 1 1 415 413 702
1294 2 2 1 1 457 432 733
1295 2 2 1 1 77 213 738
1296 2 2 1 1 583 584 736
1297 2 2 1 1 588 322 705
1298 2 2 1 1 197 605 734
1299 2 2 1 1 595 594 734
1300 2 2 1 1 292 629 704
1301 2 2 1 1 705 322 706
1302 2 2 1 1 629 700 704
1303 2 2 1 1 292 704 707
1304 2 2 1 1 216 74 735
1305 2 2 1 1 75 194 735
1306 2 2 1 1 322 623 706
1307 2 2 1 1 628 292 707
1308 2 2 1 1 706 623 708
1309 2 2 1 1 462 732 753
1310 2 2 1 1 623 293 708
1311 2 2 1 1 628 707 709
1312 2 2 1 1 708 293 711
1313 2 2 1 1 324 709 710
1314 2 2 1 1 624 324 710
1315 2 2 1 1 194 76 738
1316 2 2 1 1 324 628 709
1317 2 2 1 1 293 624 711
1318 2 2 1 1 529 645 763
1319 2 2 1 1 624 710 711
1320 2 2 1 1 360 358 713
1321 2 2 1 1 434 457 737
1322 2 2 1 1 459 436 737
1323 2 2 1 1 217 603 741
1324 2 2 1 1 605 604 741
1325 2 2 1 1 487 463 736
1326 2 2 1 1 614 191 714
1327 2 2 1 1 464 487 739
1328 2 2 1 1 379 380 715
1329 2 2 1 1 555 505 740
1330 2 2 1 1 195 575 745
1331 2 2 1 1 603 602 745
1332 2 2 1 1 446 460 742
1333 2 2 1 1 438 459 743
1334 2 2 1 1 461 440 743
1335 2 2 1 1 192 600 718
1336 2 2 1 1 480 390 717
1337 2 2 1 1 420 418 719
1338 2 2 1 1 442 461 747
1339 2 2 1 1 460 444 747
1340 2 2 1 1 535 515 720
1341 2 2 1 1 337 338 748
1342 2 2 1 1 555 742 746
1343 2 2 1 1 364 362 722
1344 2 2 1 1 610 218 723
1345 2 2 1 1 215 596 724
1346 2 2 1 1 424 422 725
1347 2 2 1 1 481 471 776
1348 2 2 1 1 608 193 726
1349 2 2 1 1 368 366 727
1350 2 2 1 1 721 482 773
1351 2 2 1 1 428 426 728
1352 2 2 1 1 196 606 729
1353 2 2 1 1 650 317 730
1354 2 2 1 1 598 214 731
1355 2 2 1 1 372 370 732
1356 2 2 1 1 432 430 733
1357 2 2 1 1 732 607 753
1358 2 2 1 1 607 216 753
1359 2 2 1 1 521 578 751
1360 2 2 1 1 317 672 730
1361 2 2 1 1 463 583 736
1362 2 2 1 1 594 197 734
1363 2 2 1 1 679 646 750
1364 2 2 1 1 74 75 735
1365 2 2 1 1 522 521 751
1366 2 2 1 1 436 434 737
1367 2 2 1 1 613 679 750
1368 2 2 1 1 76 77 738
1369 2 2 1 1 466 464 739
1370 2 2 1 1 212 555 746
1371 2 2 1 1 505 506 740
1372 2 2 1 1 604 217 741
1373 2 2 1 1 448 446 742
1374 2 2 1 1 555 740 742
1375 2 2 1 1 440 438 743
1376 2 2 1 1 602 195 745
1377 2 2 1 1 444 442 747
1378 2 2 1 1 7 8 754
1379 2 2 1 1 22 23 755
1380 2 2 1 1 28 199 756
1381 2 2 1 1 380 662 744
1382 2 2 1 1 642 27 756
1383 2 2 1 1 393 337 748
1384 2 2 1 1 715 380 744
1385 2 2 1 1 471 469 758
1386 2 2 1 1 486 573 749
1387 2 2 1 1 486 749 750
1388 2 2 1 1 646 486 750
1389 2 2 1 1 740 448 742
1390 2 2 1 1 523 524 759
1391 2 2 1 1 493 223 765
1392 2 2 1 1 525 522 751
1393 2 2 1 1 520 523 760
1394 2 2 1 1 533 525 752
1395 2 2 1 1 584 462 753
1396 2 2 1 1 525 751 752
1397 2 2 1 1 540 222 767
1398 2 2 1 1 199 721 773
1399 2 2 1 1 639 202 760
1400 2 2 1 1 1 52 772
1401 2 2 1 1 120 227 777
1402 2 2 1 1 21 1 772
1403 2 2 1 1 8 224 754
1404 2 2 1 1 23 225 755
1405 2 2 1 1 153 4 770
1406 2 2 1 1 85 2 771
1407 2 2 1 1 4 7 770
1408 2 2 1 1 2 22 771
1409 2 2 1 1 27 28 756
1410 2 2 1 1 30 31 762
1411 2 2 1 1 226 541 772
1412 2 2 1 1 13 198 763
1413 2 2 1 1 645 12 763
1414 2 2 1 1 34 35 765
1415 2 2 1 1 202 17 764
1416 2 2 1 1 18 222 764
1417 2 2 1 1 479 480 757
1418 2 2 1 1 203 32 768
1419 2 2 1 1 33 223 768
1420 2 2 1 1 29 30 774
1421 2 2 1 1 198 637 759
1422 2 2 1 1 469 479 758
1423 2 2 1 1 20 541 767
1424 2 2 1 1 227 769 777
1425 2 2 1 1 484 721 774
1426 2 2 1 1 524 527 759
1427 2 2 1 1 721 199 774
1428 2 2 1 1 222 19 767
1429 2 2 1 1 483 484 762
1430 2 2 1 1 519 520 760
1431 2 2 1 1 475 497 766
1432 2 2 1 1 494 493 765
1433 2 2 1 1 19 20 767
1434 2 2 1 1 31 203 762
1435 2 2 1 1 12 13 763
1436 2 2 1 1 17 18 764
1437 2 2 1 1 537 475 766
1438 2 2 1 1 223 34 765
1439 2 2 1 1 541 540 767
1440 2 2 1 1 227 494 769
1441 2 2 1 1 32 33 768
1442 2 2 1 1 207 642 776
1443 2 2 1 1 482 481 773
1444 2 2 1 1 52 226 772
1445 2 2 1 1 228 153 770
1446 2 2 1 1 229 85 771
1447 2 2 1 1 5 120 777
1448 2 2 1 1 7 754 770
1449 2 2 1 1 22 755 771
1450 2 2 1 1 756 199 773
1451 2 2 1 1 471 758 776
1452 2 2 1 1 199 29 774
1453 2 2 1 1 206 645 775
1454 2 2 1 1 36 5 777
1455 2 2 1 1 481 756 773
1456 2 2 1 1 758 207 776
1457 2 2 1 1 754 228 770
1458 2 2 1 1 755 229 771
1459 2 2 1 1 761 206 775
1460 2 2 1 1 769 36 777
1461 2 2 2 2 810 1114 1343
1462 2 2 2 2 1072 1225 1351
1463 2 2 2 2 1114 810 1354
1464 2 2 2 2 815 1094 1228
1465 2 2 2 2 1072 1074 1225
1466 2 2 2 2 1085 808 1086
1467 2 2 2 2 1225 797 1351
1468 2 2 2 2 1083 795 1085
1469 2 2 2 2 1228 1094 1353
1470 2 2 2 2 1094 815 1341
1471 2 2 2 2 1130 1227 1355
1472 2 2 2 2 795 1083 1101
1473 2 2 2 2 1227 1130 1354
1474 2 2 2 2 808 1085 1357
1475 2 2 2 2 1114 817 1343
1476 2 2 2 2 813 1093 1094
1477 2 2 2 2 1093 813 1131
1478 2 2 2 2 799 1095 1131
1479 2 2 2 2 813 1094 1341
1480 2 2 2 2 1095 1093 1131
1481 2 2 2 2 1091 801 1110
1482 2 2 2 2 801 89 1110
1483 2 2 2 2 183 798 1288
1484 2 2 2 2 43 1138 1356
1485 2 2 2 2 1112 816 1118
1486 2 2 2 2 798 1097 1288
1487 2 2 2 2 1138 43 1361
1488 2 2 2 2 160 784 1105
1489 2 2 2 2 812 1090 1162
1490 2 2 2 2 1086 808 1353
1491 2 2 2 2 981 1147 1149
1492 2 2 2 2 784 1096 1105
1493 2 2 2 2 90 91 1339
1494 2 2 2 2 936 981 1149
1495 2 2 2 2 1111 1112 1118
1496 2 2 2 2 1090 812 1224
1497 2 2 2 2 1098 1002 1144
1498 2 2 2 2 1231 1106 1334
1499 2 2 2 2 807 1098 1144
1500 2 2 2 2 801 1091 1111
1501 2 2 2 2 1096 784 1106
1502 2 2 2 2 89 90 1110
1503 2 2 2 2 1095 799 1240
1504 2 2 2 2 1224 1340 1365
1505 2 2 2 2 1227 796 1355
1506 2 2 2 2 1240 985 1318
1507 2 2 2 2 159 160 1105
1508 2 2 2 2 801 1111 1118
1509 2 2 2 2 1162 1090 1314
1510 2 2 2 2 1224 812 1340
1511 2 2 2 2 161 162 1107
1512 2 2 2 2 158 159 1336
1513 2 2 2 2 1085 795 1357
1514 2 2 2 2 1148 1190 1337
1515 2 2 2 2 798 1162 1314
1516 2 2 2 2 809 1082 1347
1517 2 2 2 2 181 182 1345
1518 2 2 2 2 1225 1074 1346
1519 2 2 2 2 1110 90 1339
1520 2 2 2 2 1226 811 1349
1521 2 2 2 2 816 1112 1366
1522 2 2 2 2 1143 1001 1145
1523 2 2 2 2 938 936 1149
1524 2 2 2 2 1001 1143 1144
1525 2 2 2 2 182 183 1288
1526 2 2 2 2 1166 1284 1332
1527 2 2 2 2 1062 976 1127
1528 2 2 2 2 1226 1349 1367
1529 2 2 2 2 159 1105 1336
1530 2 2 2 2 1002 1001 1144
1531 2 2 2 2 1234 1188 1246
1532 2 2 2 2 1188 982 1190
1533 2 2 2 2 1251 1207 1256
1534 2 2 2 2 1036 1234 1246
1535 2 2 2 2 1049 1251 1256
1536 2 2 2 2 1272 1202 1282
1537 2 2 2 2 983 1272 1282
1538 2 2 2 2 1290 1205 1298
1539 2 2 2 2 982 1188 1234
1540 2 2 2 2 1323 1181 1329
1541 2 2 2 2 1311 1192 1317
1542 2 2 2 2 1055 1323 1329
1543 2 2 2 2 1053 1290 1298
1544 2 2 2 2 1054 1311 1317
1545 2 2 2 2 1098 807 1154
1546 2 2 2 2 1207 1036 1246
1547 2 2 2 2 784 161 1107
1548 2 2 2 2 1036 1207 1251
1549 2 2 2 2 1201 1202 1264
1550 2 2 2 2 1264 1202 1272
1551 2 2 2 2 1098 1154 1223
1552 2 2 2 2 1107 162 1146
1553 2 2 2 2 1154 778 1223
1554 2 2 2 2 1097 798 1314
1555 2 2 2 2 1095 1240 1318
1556 2 2 2 2 1284 1052 1332
1557 2 2 2 2 1201 1049 1256
1558 2 2 2 2 1099 1235 1243
1559 2 2 2 2 1049 1201 1264
1560 2 2 2 2 1055 1166 1332
1561 2 2 2 2 1235 803 1243
1562 2 2 2 2 981 1231 1334
1563 2 2 2 2 1060 1062 1101
1564 2 2 2 2 778 1099 1223
1565 2 2 2 2 1106 1107 1334
1566 2 2 2 2 1083 1060 1101
1567 2 2 2 2 1099 778 1235
1568 2 2 2 2 1124 1122 1369
1569 2 2 2 2 1100 1248 1252
1570 2 2 2 2 976 986 1127
1571 2 2 2 2 1248 790 1252
1572 2 2 2 2 1126 986 1128
1573 2 2 2 2 1067 1268 1274
1574 2 2 2 2 1268 779 1274
1575 2 2 2 2 1333 1124 1369
1576 2 2 2 2 1103 1283 1289
1577 2 2 2 2 1205 983 1282
1578 2 2 2 2 1283 806 1289
1579 2 2 2 2 1109 1066 1212
1580 2 2 2 2 983 1205 1290
1581 2 2 2 2 803 1100 1243
1582 2 2 2 2 1252 790 1261
1583 2 2 2 2 1100 803 1248
1584 2 2 2 2 986 1126 1127
1585 2 2 2 2 790 1208 1261
1586 2 2 2 2 1104 1294 1310
1587 2 2 2 2 1147 981 1334
1588 2 2 2 2 1294 792 1310
1589 2 2 2 2 1190 982 1337
1590 2 2 2 2 1128 911 1230
1591 2 2 2 2 1192 1053 1298
1592 2 2 2 2 1096 1106 1222
1593 2 2 2 2 1068 1320 1328
1594 2 2 2 2 1053 1192 1311
1595 2 2 2 2 1320 780 1328
1596 2 2 2 2 802 1330 1331
1597 2 2 2 2 1181 1054 1317
1598 2 2 2 2 1330 1108 1331
1599 2 2 2 2 1063 985 1240
1600 2 2 2 2 1166 1055 1329
1601 2 2 2 2 1082 809 1372
1602 2 2 2 2 1054 1181 1323
1603 2 2 2 2 1208 1067 1261
1604 2 2 2 2 1067 1208 1268
1605 2 2 2 2 1066 1109 1141
1606 2 2 2 2 984 1059 1111
1607 2 2 2 2 810 1227 1354
1608 2 2 2 2 1101 1062 1102
1609 2 2 2 2 1106 784 1107
1610 2 2 2 2 1310 792 1313
1611 2 2 2 2 1117 1116 1233
1612 2 2 2 2 792 1199 1313
1613 2 2 2 2 779 1103 1274
1614 2 2 2 2 1126 1128 1230
1615 2 2 2 2 1091 984 1111
1616 2 2 2 2 1103 779 1283
1617 2 2 2 2 987 1117 1233
1618 2 2 2 2 182 1288 1345
1619 2 2 2 2 806 1104 1289
1620 2 2 2 2 1104 806 1294
1621 2 2 2 2 860 1266 1303
1622 2 2 2 2 1113 802 1327
1623 2 2 2 2 91 787 1339
1624 2 2 2 2 799 158 1336
1625 2 2 2 2 802 112 1327
1626 2 2 2 2 1111 1059 1112
1627 2 2 2 2 1064 819 1114
1628 2 2 2 2 1222 1106 1231
1629 2 2 2 2 977 1139 1153
1630 2 2 2 2 787 1143 1338
1631 2 2 2 2 788 114 1116
1632 2 2 2 2 1174 1249 1277
1633 2 2 2 2 911 827 1129
1634 2 2 2 2 911 1128 1136
1635 2 2 2 2 818 817 1114
1636 2 2 2 2 1140 1066 1141
1637 2 2 2 2 911 1129 1230
1638 2 2 2 2 979 970 1141
1639 2 2 2 2 787 1338 1339
1640 2 2 2 2 977 1072 1139
1641 2 2 2 2 788 1116 1117
1642 2 2 2 2 819 818 1114
1643 2 2 2 2 118 817 818
1644 2 2 2 2 816 87 1118
1645 2 2 2 2 921 974 1140
1646 2 2 2 2 1139 988 1153
1647 2 2 2 2 115 1115 1116
1648 2 2 2 2 972 1119 1120
1649 2 2 2 2 185 812 1162
1650 2 2 2 2 1068 1199 1320
1651 2 2 2 2 1199 1068 1313
1652 2 2 2 2 1109 979 1141
1653 2 2 2 2 995 931 1145
1654 2 2 2 2 974 1066 1140
1655 2 2 2 2 972 823 1119
1656 2 2 2 2 970 1134 1141
1657 2 2 2 2 827 825 1129
1658 2 2 2 2 829 911 1136
1659 2 2 2 2 1133 921 1140
1660 2 2 2 2 1001 995 1145
1661 2 2 2 2 157 799 1131
1662 2 2 2 2 988 932 1153
1663 2 2 2 2 1069 1229 1254
1664 2 2 2 2 115 116 1115
1665 2 2 2 2 1128 986 1132
1666 2 2 2 2 114 115 1116
1667 2 2 2 2 909 917 1169
1668 2 2 2 2 1090 1081 1314
1669 2 2 2 2 800 818 819
1670 2 2 2 2 895 921 1133
1671 2 2 2 2 925 897 1132
1672 2 2 2 2 970 906 1134
1673 2 2 2 2 1119 1064 1130
1674 2 2 2 2 897 891 1132
1675 2 2 2 2 920 913 1161
1676 2 2 2 2 831 829 1136
1677 2 2 2 2 794 1137 1370
1678 2 2 2 2 821 819 1064
1679 2 2 2 2 118 119 817
1680 2 2 2 2 86 87 816
1681 2 2 2 2 1059 988 1073
1682 2 2 2 2 800 117 818
1683 2 2 2 2 88 801 1118
1684 2 2 2 2 1120 1119 1130
1685 2 2 2 2 1149 1148 1337
1686 2 2 2 2 821 1064 1119
1687 2 2 2 2 1116 1115 1233
1688 2 2 2 2 1082 1080 1224
1689 2 2 2 2 1108 780 1331
1690 2 2 2 2 813 156 1131
1691 2 2 2 2 1060 976 1062
1692 2 2 2 2 973 925 976
1693 2 2 2 2 1056 1075 1137
1694 2 2 2 2 973 976 1060
1695 2 2 2 2 185 186 812
1696 2 2 2 2 155 156 813
1697 2 2 2 2 1121 1120 1122
1698 2 2 2 2 912 897 925
1699 2 2 2 2 912 925 973
1700 2 2 2 2 972 1120 1121
1701 2 2 2 2 820 819 821
1702 2 2 2 2 780 1108 1328
1703 2 2 2 2 984 988 1059
1704 2 2 2 2 906 894 1134
1705 2 2 2 2 884 895 1133
1706 2 2 2 2 787 1142 1143
1707 2 2 2 2 787 92 1142
1708 2 2 2 2 1058 1137 1138
1709 2 2 2 2 974 1056 1058
1710 2 2 2 2 921 971 974
1711 2 2 2 2 1072 979 1074
1712 2 2 2 2 977 970 979
1713 2 2 2 2 984 932 988
1714 2 2 2 2 823 821 1119
1715 2 2 2 2 986 925 1132
1716 2 2 2 2 873 887 1151
1717 2 2 2 2 1058 1056 1137
1718 2 2 2 2 974 971 1056
1719 2 2 2 2 825 823 972
1720 2 2 2 2 977 979 1072
1721 2 2 2 2 1132 891 1136
1722 2 2 2 2 895 908 921
1723 2 2 2 2 1123 1122 1124
1724 2 2 2 2 922 906 970
1725 2 2 2 2 1350 1125 1368
1726 2 2 2 2 800 819 820
1727 2 2 2 2 883 884 894
1728 2 2 2 2 922 970 977
1729 2 2 2 2 116 117 800
1730 2 2 2 2 88 89 801
1731 2 2 2 2 875 874 877
1732 2 2 2 2 1128 1132 1136
1733 2 2 2 2 883 877 884
1734 2 2 2 2 873 872 874
1735 2 2 2 2 871 873 1151
1736 2 2 2 2 918 920 1173
1737 2 2 2 2 921 908 971
1738 2 2 2 2 875 877 883
1739 2 2 2 2 894 884 1133
1740 2 2 2 2 1073 988 1139
1741 2 2 2 2 873 874 875
1742 2 2 2 2 117 118 818
1743 2 2 2 2 87 88 1118
1744 2 2 2 2 894 1133 1134
1745 2 2 2 2 1249 1081 1277
1746 2 2 2 2 917 915 1174
1747 2 2 2 2 891 831 1136
1748 2 2 2 2 1229 899 1254
1749 2 2 2 2 1084 1083 1085
1750 2 2 2 2 163 791 1146
1751 2 2 2 2 1061 1060 1083
1752 2 2 2 2 183 184 798
1753 2 2 2 2 157 158 799
1754 2 2 2 2 871 872 873
1755 2 2 2 2 1185 1269 1286
1756 2 2 2 2 1134 1133 1140
1757 2 2 2 2 920 1161 1241
1758 2 2 2 2 1134 1140 1141
1759 2 2 2 2 997 1150 1245
1760 2 2 2 2 829 827 911
1761 2 2 2 2 1075 1076 1077
1762 2 2 2 2 825 972 1129
1763 2 2 2 2 1146 791 1147
1764 2 2 2 2 180 783 1160
1765 2 2 2 2 901 871 1151
1766 2 2 2 2 1177 1307 1309
1767 2 2 2 2 162 163 1146
1768 2 2 2 2 892 891 897
1769 2 2 2 2 898 897 912
1770 2 2 2 2 1056 1057 1075
1771 2 2 2 2 884 885 895
1772 2 2 2 2 807 94 1154
1773 2 2 2 2 91 92 787
1774 2 2 2 2 113 114 788
1775 2 2 2 2 900 894 906
1776 2 2 2 2 871 870 872
1777 2 2 2 2 1142 807 1144
1778 2 2 2 2 156 157 1131
1779 2 2 2 2 1121 1122 1123
1780 2 2 2 2 907 906 922
1781 2 2 2 2 1187 1188 1190
1782 2 2 2 2 869 901 1159
1783 2 2 2 2 976 925 986
1784 2 2 2 2 93 807 1142
1785 2 2 2 2 822 821 823
1786 2 2 2 2 116 800 1115
1787 2 2 2 2 967 968 1150
1788 2 2 2 2 1045 1046 1069
1789 2 2 2 2 880 870 1156
1790 2 2 2 2 94 95 1154
1791 2 2 2 2 872 880 1135
1792 2 2 2 2 1123 1124 1125
1793 2 2 2 2 918 913 920
1794 2 2 2 2 874 1135 1163
1795 2 2 2 2 833 831 891
1796 2 2 2 2 1165 1160 1166
1797 2 2 2 2 974 1058 1066
1798 2 2 2 2 1074 979 1109
1799 2 2 2 2 1045 1070 1155
1800 2 2 2 2 869 871 901
1801 2 2 2 2 895 896 908
1802 2 2 2 2 1040 1044 1045
1803 2 2 2 2 179 1160 1165
1804 2 2 2 2 932 923 1153
1805 2 2 2 2 180 181 783
1806 2 2 2 2 160 161 784
1807 2 2 2 2 1031 1041 1164
1808 2 2 2 2 870 868 1156
1809 2 2 2 2 1040 1155 1157
1810 2 2 2 2 872 870 880
1811 2 2 2 2 1045 1069 1070
1812 2 2 2 2 965 966 967
1813 2 2 2 2 868 902 1156
1814 2 2 2 2 902 866 1170
1815 2 2 2 2 92 93 1142
1816 2 2 2 2 997 967 1150
1817 2 2 2 2 1143 1142 1144
1818 2 2 2 2 1041 1157 1158
1819 2 2 2 2 965 996 1167
1820 2 2 2 2 967 966 968
1821 2 2 2 2 874 872 1135
1822 2 2 2 2 95 778 1154
1823 2 2 2 2 996 967 997
1824 2 2 2 2 901 1151 1152
1825 2 2 2 2 1040 1045 1155
1826 2 2 2 2 963 965 1167
1827 2 2 2 2 909 915 917
1828 2 2 2 2 93 94 807
1829 2 2 2 2 111 112 802
1830 2 2 2 2 1169 917 1238
1831 2 2 2 2 973 1060 1061
1832 2 2 2 2 820 821 822
1833 2 2 2 2 1045 1044 1046
1834 2 2 2 2 1069 1046 1071
1835 2 2 2 2 1041 1038 1157
1836 2 2 2 2 1266 1176 1303
1837 2 2 2 2 1148 791 1186
1838 2 2 2 2 1038 1040 1157
1839 2 2 2 2 824 823 825
1840 2 2 2 2 791 164 1186
1841 2 2 2 2 1029 1031 1164
1842 2 2 2 2 873 875 887
1843 2 2 2 2 1038 1039 1040
1844 2 2 2 2 179 180 1160
1845 2 2 2 2 1093 1088 1094
1846 2 2 2 2 1035 1007 1178
1847 2 2 2 2 1312 855 1315
1848 2 2 2 2 884 877 885
1849 2 2 2 2 1027 1032 1171
1850 2 2 2 2 869 870 871
1851 2 2 2 2 915 969 1174
1852 2 2 2 2 798 184 1162
1853 2 2 2 2 868 866 902
1854 2 2 2 2 1187 782 1188
1855 2 2 2 2 163 164 791
1856 2 2 2 2 963 964 965
1857 2 2 2 2 965 967 996
1858 2 2 2 2 1147 791 1148
1859 2 2 2 2 993 933 1215
1860 2 2 2 2 866 864 1170
1861 2 2 2 2 883 894 900
1862 2 2 2 2 889 867 1159
1863 2 2 2 2 867 869 1159
1864 2 2 2 2 1061 1083 1084
1865 2 2 2 2 998 963 1167
1866 2 2 2 2 869 868 870
1867 2 2 2 2 867 868 869
1868 2 2 2 2 990 1209 1210
1869 2 2 2 2 1040 1039 1044
1870 2 2 2 2 826 825 827
1871 2 2 2 2 926 918 1173
1872 2 2 2 2 1066 1058 1212
1873 2 2 2 2 1031 1038 1041
1874 2 2 2 2 789 178 1165
1875 2 2 2 2 1147 1148 1149
1876 2 2 2 2 914 919 1219
1877 2 2 2 2 867 866 868
1878 2 2 2 2 1031 1037 1038
1879 2 2 2 2 1078 1080 1082
1880 2 2 2 2 990 937 1209
1881 2 2 2 2 965 964 966
1882 2 2 2 2 1056 971 1057
1883 2 2 2 2 1025 1027 1171
1884 2 2 2 2 1032 1029 1164
1885 2 2 2 2 802 1113 1330
1886 2 2 2 2 1023 1033 1177
1887 2 2 2 2 1186 1187 1190
1888 2 2 2 2 1029 1030 1031
1889 2 2 2 2 961 962 963
1890 2 2 2 2 178 179 1165
1891 2 2 2 2 1027 1029 1032
1892 2 2 2 2 166 782 1187
1893 2 2 2 2 963 962 964
1894 2 2 2 2 961 963 998
1895 2 2 2 2 961 998 1172
1896 2 2 2 2 184 185 1162
1897 2 2 2 2 865 889 1179
1898 2 2 2 2 1180 789 1181
1899 2 2 2 2 864 882 1170
1900 2 2 2 2 992 1196 1197
1901 2 2 2 2 865 866 867
1902 2 2 2 2 863 865 1179
1903 2 2 2 2 1148 1186 1190
1904 2 2 2 2 992 943 1196
1905 2 2 2 2 1021 1023 1177
1906 2 2 2 2 959 960 961
1907 2 2 2 2 1027 1028 1029
1908 2 2 2 2 865 864 866
1909 2 2 2 2 805 176 1180
1910 2 2 2 2 1033 1025 1171
1911 2 2 2 2 1007 1009 1178
1912 2 2 2 2 1047 1015 1184
1913 2 2 2 2 959 1172 1175
1914 2 2 2 2 903 863 1179
1915 2 2 2 2 1038 1037 1039
1916 2 2 2 2 863 864 865
1917 2 2 2 2 1025 1026 1027
1918 2 2 2 2 1023 1025 1033
1919 2 2 2 2 833 891 892
1920 2 2 2 2 961 960 962
1921 2 2 2 2 959 961 1172
1922 2 2 2 2 1023 1024 1025
1923 2 2 2 2 908 909 1169
1924 2 2 2 2 177 789 1180
1925 2 2 2 2 177 178 789
1926 2 2 2 2 1075 1057 1076
1927 2 2 2 2 1182 1034 1183
1928 2 2 2 2 1191 805 1192
1929 2 2 2 2 957 959 1175
1930 2 2 2 2 1042 949 1198
1931 2 2 2 2 1034 1021 1177
1932 2 2 2 2 863 862 864
1933 2 2 2 2 1021 1022 1023
1934 2 2 2 2 1019 1034 1182
1935 2 2 2 2 1005 1007 1035
1936 2 2 2 2 861 863 903
1937 2 2 2 2 1080 1090 1224
1938 2 2 2 2 1019 1021 1034
1939 2 2 2 2 175 805 1191
1940 2 2 2 2 1206 804 1207
1941 2 2 2 2 887 875 1168
1942 2 2 2 2 1048 1011 1195
1943 2 2 2 2 957 958 959
1944 2 2 2 2 1031 1030 1037
1945 2 2 2 2 941 992 1185
1946 2 2 2 2 943 945 1196
1947 2 2 2 2 991 1175 1176
1948 2 2 2 2 959 958 960
1949 2 2 2 2 991 957 1175
1950 2 2 2 2 107 108 1199
1951 2 2 2 2 792 107 1199
1952 2 2 2 2 1204 781 1205
1953 2 2 2 2 947 1042 1189
1954 2 2 2 2 1015 1017 1184
1955 2 2 2 2 937 939 1209
1956 2 2 2 2 1043 953 1193
1957 2 2 2 2 933 935 1215
1958 2 2 2 2 1017 1019 1182
1959 2 2 2 2 1019 1020 1021
1960 2 2 2 2 861 903 1194
1961 2 2 2 2 175 176 805
1962 2 2 2 2 1201 793 1202
1963 2 2 2 2 1011 1013 1195
1964 2 2 2 2 1200 793 1201
1965 2 2 2 2 173 781 1204
1966 2 2 2 2 1009 1048 1178
1967 2 2 2 2 865 867 889
1968 2 2 2 2 953 955 1193
1969 2 2 2 2 886 859 1194
1970 2 2 2 2 1203 172 1204
1971 2 2 2 2 176 177 1180
1972 2 2 2 2 1013 1015 1047
1973 2 2 2 2 171 172 1203
1974 2 2 2 2 1013 1047 1195
1975 2 2 2 2 1017 1182 1184
1976 2 2 2 2 949 951 1198
1977 2 2 2 2 1017 1018 1019
1978 2 2 2 2 955 991 1193
1979 2 2 2 2 864 862 882
1980 2 2 2 2 174 175 1191
1981 2 2 2 2 781 174 1191
1982 2 2 2 2 1029 1028 1030
1983 2 2 2 2 172 173 1204
1984 2 2 2 2 947 949 1042
1985 2 2 2 2 861 862 863
1986 2 2 2 2 1025 1024 1026
1987 2 2 2 2 945 947 1189
1988 2 2 2 2 955 957 991
1989 2 2 2 2 1023 1022 1024
1990 2 2 2 2 1027 1026 1028
1991 2 2 2 2 1015 1016 1017
1992 2 2 2 2 100 101 1208
1993 2 2 2 2 790 100 1208
1994 2 2 2 2 945 1189 1196
1995 2 2 2 2 951 953 1043
1996 2 2 2 2 1021 1020 1022
1997 2 2 2 2 941 943 992
1998 2 2 2 2 964 962 1054
1999 2 2 2 2 951 1043 1198
2000 2 2 2 2 859 861 1194
2001 2 2 2 2 939 941 1185
2002 2 2 2 2 1202 793 1203
2003 2 2 2 2 793 171 1203
2004 2 2 2 2 782 167 1206
2005 2 2 2 2 166 167 782
2006 2 2 2 2 170 171 793
2007 2 2 2 2 95 96 778
2008 2 2 2 2 102 103 779
2009 2 2 2 2 104 105 806
2010 2 2 2 2 109 110 780
2011 2 2 2 2 167 168 1206
2012 2 2 2 2 170 793 1200
2013 2 2 2 2 168 169 804
2014 2 2 2 2 173 174 781
2015 2 2 2 2 97 98 803
2016 2 2 2 2 99 100 790
2017 2 2 2 2 106 107 792
2018 2 2 2 2 168 804 1206
2019 2 2 2 2 169 170 1200
2020 2 2 2 2 804 169 1200
2021 2 2 2 2 955 956 957
2022 2 2 2 2 919 928 1219
2023 2 2 2 2 165 166 1187
2024 2 2 2 2 875 883 1168
2025 2 2 2 2 861 860 862
2026 2 2 2 2 930 923 932
2027 2 2 2 2 1017 1016 1018
2028 2 2 2 2 957 956 958
2029 2 2 2 2 1019 1018 1020
2030 2 2 2 2 935 937 990
2031 2 2 2 2 900 906 907
2032 2 2 2 2 841 1267 1278
2033 2 2 2 2 1186 165 1187
2034 2 2 2 2 953 954 955
2035 2 2 2 2 1009 1011 1048
2036 2 2 2 2 164 165 1186
2037 2 2 2 2 955 954 956
2038 2 2 2 2 960 958 1053
2039 2 2 2 2 1013 1014 1015
2040 2 2 2 2 951 952 953
2041 2 2 2 2 968 966 1055
2042 2 2 2 2 1015 1014 1016
2043 2 2 2 2 857 859 886
2044 2 2 2 2 978 932 984
2045 2 2 2 2 928 933 993
2046 2 2 2 2 859 860 861
2047 2 2 2 2 859 858 860
2048 2 2 2 2 858 856 879
2049 2 2 2 2 854 852 904
2050 2 2 2 2 1159 1302 1316
2051 2 2 2 2 953 952 954
2052 2 2 2 2 956 954 983
2053 2 2 2 2 1018 1016 1067
2054 2 2 2 2 939 1185 1209
2055 2 2 2 2 857 858 859
2056 2 2 2 2 857 856 858
2057 2 2 2 2 949 950 951
2058 2 2 2 2 1022 1020 1103
2059 2 2 2 2 951 950 952
2060 2 2 2 2 847 849 905
2061 2 2 2 2 947 948 949
2062 2 2 2 2 1011 1012 1013
2063 2 2 2 2 973 1061 1161
2064 2 2 2 2 855 856 857
2065 2 2 2 2 1013 1012 1014
2066 2 2 2 2 888 845 1216
2067 2 2 2 2 854 904 1211
2068 2 2 2 2 855 854 856
2069 2 2 2 2 985 926 1173
2070 2 2 2 2 879 856 1211
2071 2 2 2 2 949 948 950
2072 2 2 2 2 851 853 893
2073 2 2 2 2 892 897 898
2074 2 2 2 2 850 848 881
2075 2 2 2 2 935 990 1215
2076 2 2 2 2 883 900 1168
2077 2 2 2 2 822 823 824
2078 2 2 2 2 853 854 855
2079 2 2 2 2 945 946 947
2080 2 2 2 2 1026 1024 1104
2081 2 2 2 2 950 948 1049
2082 2 2 2 2 856 854 1211
2083 2 2 2 2 853 852 854
2084 2 2 2 2 904 852 1214
2085 2 2 2 2 845 847 1216
2086 2 2 2 2 947 946 948
2087 2 2 2 2 851 852 853
2088 2 2 2 2 851 850 852
2089 2 2 2 2 1011 1010 1012
2090 2 2 2 2 1009 1010 1011
2091 2 2 2 2 1012 1010 1100
2092 2 2 2 2 905 849 1213
2093 2 2 2 2 969 1051 1174
2094 2 2 2 2 849 850 851
2095 2 2 2 2 850 881 1214
2096 2 2 2 2 943 944 945
2097 2 2 2 2 913 912 1161
2098 2 2 2 2 852 850 1214
2099 2 2 2 2 851 893 1213
2100 2 2 2 2 945 944 946
2101 2 2 2 2 849 848 850
2102 2 2 2 2 1037 1030 1068
2103 2 2 2 2 946 944 1036
2104 2 2 2 2 898 912 913
2105 2 2 2 2 849 851 1213
2106 2 2 2 2 843 845 888
2107 2 2 2 2 980 926 985
2108 2 2 2 2 895 885 896
2109 2 2 2 2 941 942 943
2110 2 2 2 2 847 848 849
2111 2 2 2 2 847 905 1216
2112 2 2 2 2 1009 1008 1010
2113 2 2 2 2 969 1050 1051
2114 2 2 2 2 1058 1138 1212
2115 2 2 2 2 844 842 878
2116 2 2 2 2 912 973 1161
2117 2 2 2 2 943 942 944
2118 2 2 2 2 1084 1085 1086
2119 2 2 2 2 847 846 848
2120 2 2 2 2 942 940 982
2121 2 2 2 2 1044 1039 1108
2122 2 2 2 2 1007 1008 1009
2123 2 2 2 2 845 846 847
2124 2 2 2 2 939 940 941
2125 2 2 2 2 828 827 829
2126 2 2 2 2 922 977 1153
2127 2 2 2 2 941 940 942
2128 2 2 2 2 845 844 846
2129 2 2 2 2 937 938 939
2130 2 2 2 2 1071 1046 1113
2131 2 2 2 2 824 825 826
2132 2 2 2 2 1008 1006 1099
2133 2 2 2 2 928 993 1219
2134 2 2 2 2 1051 1065 1097
2135 2 2 2 2 843 844 845
2136 2 2 2 2 939 938 940
2137 2 2 2 2 1150 1244 1245
2138 2 2 2 2 936 934 981
2139 2 2 2 2 843 842 844
2140 2 2 2 2 1007 1006 1008
2141 2 2 2 2 835 837 1218
2142 2 2 2 2 935 936 937
2143 2 2 2 2 838 836 876
2144 2 2 2 2 837 839 890
2145 2 2 2 2 1126 1125 1127
2146 2 2 2 2 841 842 843
2147 2 2 2 2 937 936 938
2148 2 2 2 2 1077 1076 1078
2149 2 2 2 2 1005 1006 1007
2150 2 2 2 2 877 874 1163
2151 2 2 2 2 933 934 935
2152 2 2 2 2 841 840 842
2153 2 2 2 2 908 896 909
2154 2 2 2 2 928 929 933
2155 2 2 2 2 832 831 833
2156 2 2 2 2 837 890 1218
2157 2 2 2 2 935 934 936
2158 2 2 2 2 1173 920 1279
2159 2 2 2 2 919 927 928
2160 2 2 2 2 839 840 841
2161 2 2 2 2 830 829 831
2162 2 2 2 2 933 929 934
2163 2 2 2 2 832 833 834
2164 2 2 2 2 907 922 923
2165 2 2 2 2 839 838 840
2166 2 2 2 2 972 1121 1129
2167 2 2 2 2 1004 1002 1098
2168 2 2 2 2 826 827 828
2169 2 2 2 2 837 838 839
2170 2 2 2 2 837 836 838
2171 2 2 2 2 1005 1004 1006
2172 2 2 2 2 832 834 835
2173 2 2 2 2 1003 1004 1005
2174 2 2 2 2 834 833 1217
2175 2 2 2 2 928 927 929
2176 2 2 2 2 833 892 1217
2177 2 2 2 2 1000 995 1001
2178 2 2 2 2 1000 1002 1003
2179 2 2 2 2 980 985 1063
2180 2 2 2 2 927 926 980
2181 2 2 2 2 835 836 837
2182 2 2 2 2 980 1063 1096
2183 2 2 2 2 97 803 1235
2184 2 2 2 2 778 96 1235
2185 2 2 2 2 835 834 836
2186 2 2 2 2 914 913 918
2187 2 2 2 2 830 832 1220
2188 2 2 2 2 969 989 1050
2189 2 2 2 2 919 926 927
2190 2 2 2 2 830 831 832
2191 2 2 2 2 1003 1002 1004
2192 2 2 2 2 44 45 785
2193 2 2 2 2 28 29 786
2194 2 2 2 2 835 1218 1220
2195 2 2 2 2 919 918 926
2196 2 2 2 2 1145 931 1242
2197 2 2 2 2 1051 1050 1065
2198 2 2 2 2 1099 1006 1223
2199 2 2 2 2 800 820 1115
2200 2 2 2 2 1000 1001 1002
2201 2 2 2 2 828 829 830
2202 2 2 2 2 923 922 1153
2203 2 2 2 2 876 836 1221
2204 2 2 2 2 994 995 999
2205 2 2 2 2 915 916 969
2206 2 2 2 2 930 932 978
2207 2 2 2 2 1069 1071 1229
2208 2 2 2 2 1050 989 1052
2209 2 2 2 2 834 1217 1221
2210 2 2 2 2 916 910 975
2211 2 2 2 2 1096 1063 1105
2212 2 2 2 2 914 918 919
2213 2 2 2 2 969 916 989
2214 2 2 2 2 1036 944 1234
2215 2 2 2 2 999 995 1000
2216 2 2 2 2 942 982 1234
2217 2 2 2 2 46 47 1225
2218 2 2 2 2 980 1096 1222
2219 2 2 2 2 929 927 1222
2220 2 2 2 2 31 32 795
2221 2 2 2 2 41 42 794
2222 2 2 2 2 1006 1004 1223
2223 2 2 2 2 971 908 1169
2224 2 2 2 2 832 835 1220
2225 2 2 2 2 836 834 1221
2226 2 2 2 2 927 980 1222
2227 2 2 2 2 1004 1098 1223
2228 2 2 2 2 924 931 994
2229 2 2 2 2 1081 1249 1314
2230 2 2 2 2 885 877 1163
2231 2 2 2 2 1123 1125 1126
2232 2 2 2 2 1285 1003 1295
2233 2 2 2 2 1188 782 1246
2234 2 2 2 2 978 984 1091
2235 2 2 2 2 47 48 797
2236 2 2 2 2 25 26 796
2237 2 2 2 2 981 934 1231
2238 2 2 2 2 898 913 914
2239 2 2 2 2 822 824 987
2240 2 2 2 2 994 931 995
2241 2 2 2 2 909 910 915
2242 2 2 2 2 826 828 899
2243 2 2 2 2 1206 1207 1246
2244 2 2 2 2 914 1219 1232
2245 2 2 2 2 915 910 916
2246 2 2 2 2 924 923 930
2247 2 2 2 2 1100 1010 1243
2248 2 2 2 2 924 930 931
2249 2 2 2 2 33 34 808
2250 2 2 2 2 39 40 809
2251 2 2 2 2 1215 1253 1259
2252 2 2 2 2 1008 1099 1243
2253 2 2 2 2 978 1091 1092
2254 2 2 2 2 929 1222 1231
2255 2 2 2 2 909 896 910
2256 2 2 2 2 48 49 1226
2257 2 2 2 2 24 25 1227
2258 2 2 2 2 934 929 1231
2259 2 2 2 2 96 97 1235
2260 2 2 2 2 944 942 1234
2261 2 2 2 2 1070 1069 1254
2262 2 2 2 2 1057 971 1169
2263 2 2 2 2 1152 1151 1276
2264 2 2 2 2 99 790 1248
2265 2 2 2 2 803 98 1248
2266 2 2 2 2 1092 1091 1110
2267 2 2 2 2 917 1174 1277
2268 2 2 2 2 1051 1097 1249
2269 2 2 2 2 1217 892 1232
2270 2 2 2 2 907 923 924
2271 2 2 2 2 49 50 811
2272 2 2 2 2 23 24 810
2273 2 2 2 2 830 1220 1236
2274 2 2 2 2 1263 890 1273
2275 2 2 2 2 34 35 1228
2276 2 2 2 2 1049 948 1251
2277 2 2 2 2 898 914 1232
2278 2 2 2 2 1121 1123 1230
2279 2 2 2 2 946 1036 1251
2280 2 2 2 2 892 898 1232
2281 2 2 2 2 1084 1086 1087
2282 2 2 2 2 1232 1219 1247
2283 2 2 2 2 989 916 1244
2284 2 2 2 2 47 797 1225
2285 2 2 2 2 990 1210 1253
2286 2 2 2 2 1078 1076 1079
2287 2 2 2 2 1217 1232 1247
2288 2 2 2 2 1012 1100 1252
2289 2 2 2 2 931 930 1242
2290 2 2 2 2 1168 900 1237
2291 2 2 2 2 1087 1086 1088
2292 2 2 2 2 828 830 1236
2293 2 2 2 2 1089 1093 1095
2294 2 2 2 2 1207 804 1256
2295 2 2 2 2 968 1055 1332
2296 2 2 2 2 1200 1201 1256
2297 2 2 2 2 975 910 1239
2298 2 2 2 2 820 822 1233
2299 2 2 2 2 1218 890 1263
2300 2 2 2 2 900 907 1237
2301 2 2 2 2 1078 1079 1080
2302 2 2 2 2 880 1156 1265
2303 2 2 2 2 1129 1121 1230
2304 2 2 2 2 1305 879 1308
2305 2 2 2 2 1123 1126 1230
2306 2 2 2 2 1150 968 1271
2307 2 2 2 2 1193 1305 1308
2308 2 2 2 2 1115 820 1233
2309 2 2 2 2 1010 1008 1243
2310 2 2 2 2 899 828 1236
2311 2 2 2 2 896 885 1239
2312 2 2 2 2 1245 1255 1262
2313 2 2 2 2 1067 1016 1261
2314 2 2 2 2 924 994 1237
2315 2 2 2 2 37 38 814
2316 2 2 2 2 35 36 815
2317 2 2 2 2 1076 1057 1238
2318 2 2 2 2 1089 1088 1093
2319 2 2 2 2 885 1163 1239
2320 2 2 2 2 1080 1081 1090
2321 2 2 2 2 1164 1275 1291
2322 2 2 2 2 985 1173 1318
2323 2 2 2 2 1158 1157 1273
2324 2 2 2 2 797 48 1226
2325 2 2 2 2 25 796 1227
2326 2 2 2 2 1269 878 1286
2327 2 2 2 2 1080 1079 1081
2328 2 2 2 2 1087 1088 1089
2329 2 2 2 2 822 987 1233
2330 2 2 2 2 1061 1084 1241
2331 2 2 2 2 1161 1061 1241
2332 2 2 2 2 916 975 1244
2333 2 2 2 2 782 1206 1246
2334 2 2 2 2 978 1092 1242
2335 2 2 2 2 992 1197 1269
2336 2 2 2 2 1300 1189 1301
2337 2 2 2 2 1208 101 1268
2338 2 2 2 2 910 896 1239
2339 2 2 2 2 1220 1218 1250
2340 2 2 2 2 102 779 1268
2341 2 2 2 2 860 858 1266
2342 2 2 2 2 930 978 1242
2343 2 2 2 2 950 1049 1264
2344 2 2 2 2 1166 1160 1284
2345 2 2 2 2 1253 876 1259
2346 2 2 2 2 907 924 1237
2347 2 2 2 2 1107 1146 1334
2348 2 2 2 2 1325 1071 1335
2349 2 2 2 2 1281 902 1287
2350 2 2 2 2 843 888 1267
2351 2 2 2 2 1219 993 1247
2352 2 2 2 2 1127 1125 1350
2353 2 2 2 2 1156 902 1281
2354 2 2 2 2 983 954 1272
2355 2 2 2 2 98 99 1248
2356 2 2 2 2 1018 1067 1274
2357 2 2 2 2 1103 1020 1274
2358 2 2 2 2 808 34 1228
2359 2 2 2 2 1079 1076 1238
2360 2 2 2 2 993 1215 1259
2361 2 2 2 2 1146 1147 1334
2362 2 2 2 2 1057 1169 1238
2363 2 2 2 2 49 811 1226
2364 2 2 2 2 810 24 1227
2365 2 2 2 2 1267 1158 1278
2366 2 2 2 2 1084 1087 1241
2367 2 2 2 2 1244 975 1245
2368 2 2 2 2 1221 1217 1247
2369 2 2 2 2 989 1244 1271
2370 2 2 2 2 1204 1205 1282
2371 2 2 2 2 1202 1203 1282
2372 2 2 2 2 826 899 1258
2373 2 2 2 2 104 806 1283
2374 2 2 2 2 779 103 1283
2375 2 2 2 2 844 878 1270
2376 2 2 2 2 838 876 1260
2377 2 2 2 2 987 824 1258
2378 2 2 2 2 1158 1273 1278
2379 2 2 2 2 948 946 1251
2380 2 2 2 2 1265 1156 1281
2381 2 2 2 2 878 842 1280
2382 2 2 2 2 1237 994 1257
2383 2 2 2 2 1163 1135 1255
2384 2 2 2 2 1168 1237 1257
2385 2 2 2 2 1255 1135 1262
2386 2 2 2 2 1159 901 1302
2387 2 2 2 2 975 1239 1255
2388 2 2 2 2 1209 1185 1286
2389 2 2 2 2 1173 1279 1318
2390 2 2 2 2 899 1229 1258
2391 2 2 2 2 1307 893 1309
2392 2 2 2 2 839 841 1278
2393 2 2 2 2 1053 958 1290
2394 2 2 2 2 1239 1163 1255
2395 2 2 2 2 956 983 1290
2396 2 2 2 2 1174 1051 1249
2397 2 2 2 2 1022 1103 1289
2398 2 2 2 2 1104 1024 1289
2399 2 2 2 2 1014 1012 1252
2400 2 2 2 2 902 1170 1287
2401 2 2 2 2 994 999 1257
2402 2 2 2 2 840 838 1260
2403 2 2 2 2 1236 1220 1250
2404 2 2 2 2 1005 1035 1295
2405 2 2 2 2 806 105 1294
2406 2 2 2 2 106 792 1294
2407 2 2 2 2 1191 1192 1298
2408 2 2 2 2 1176 1175 1299
2409 2 2 2 2 1205 781 1298
2410 2 2 2 2 1152 1285 1295
2411 2 2 2 2 1000 1003 1285
2412 2 2 2 2 35 815 1228
2413 2 2 2 2 1196 1189 1300
2414 2 2 2 2 1245 975 1255
2415 2 2 2 2 881 848 1297
2416 2 2 2 2 862 860 1303
2417 2 2 2 2 1183 1312 1315
2418 2 2 2 2 1014 1252 1261
2419 2 2 2 2 840 1260 1280
2420 2 2 2 2 991 1176 1305
2421 2 2 2 2 1034 1177 1309
2422 2 2 2 2 1215 990 1253
2423 2 2 2 2 1275 888 1291
2424 2 2 2 2 1041 1158 1275
2425 2 2 2 2 1152 1276 1285
2426 2 2 2 2 1244 1150 1271
2427 2 2 2 2 804 1200 1256
2428 2 2 2 2 1247 993 1259
2429 2 2 2 2 887 1168 1257
2430 2 2 2 2 1327 788 1335
2431 2 2 2 2 1164 1041 1275
2432 2 2 2 2 960 1053 1311
2433 2 2 2 2 1135 880 1262
2434 2 2 2 2 1257 999 1276
2435 2 2 2 2 1054 962 1311
2436 2 2 2 2 1026 1104 1310
2437 2 2 2 2 1287 1170 1292
2438 2 2 2 2 824 826 1258
2439 2 2 2 2 920 1241 1279
2440 2 2 2 2 1180 1181 1317
2441 2 2 2 2 1192 805 1317
2442 2 2 2 2 1253 1210 1260
2443 2 2 2 2 1170 882 1292
2444 2 2 2 2 1221 1247 1259
2445 2 2 2 2 1016 1014 1261
2446 2 2 2 2 893 853 1312
2447 2 2 2 2 855 857 1315
2448 2 2 2 2 1165 1166 1329
2449 2 2 2 2 1302 1035 1316
2450 2 2 2 2 1292 882 1299
2451 2 2 2 2 1155 1070 1263
2452 2 2 2 2 876 1221 1259
2453 2 2 2 2 1068 1030 1313
2454 2 2 2 2 111 802 1331
2455 2 2 2 2 1199 108 1320
2456 2 2 2 2 109 780 1320
2457 2 2 2 2 1181 789 1329
2458 2 2 2 2 964 1054 1323
2459 2 2 2 2 997 1245 1262
2460 2 2 2 2 1238 917 1277
2461 2 2 2 2 1055 966 1323
2462 2 2 2 2 1250 1218 1263
2463 2 2 2 2 1176 1299 1303
2464 2 2 2 2 1155 1263 1273
2465 2 2 2 2 1260 1210 1280
2466 2 2 2 2 952 950 1264
2467 2 2 2 2 899 1236 1254
2468 2 2 2 2 846 844 1270
2469 2 2 2 2 996 997 1265
2470 2 2 2 2 876 1253 1260
2471 2 2 2 2 112 113 1327
2472 2 2 2 2 780 110 1331
2473 2 2 2 2 858 879 1266
2474 2 2 2 2 101 102 1268
2475 2 2 2 2 1182 1183 1319
2476 2 2 2 2 887 1257 1276
2477 2 2 2 2 1037 1068 1328
2478 2 2 2 2 1185 992 1269
2479 2 2 2 2 841 843 1267
2480 2 2 2 2 1151 887 1276
2481 2 2 2 2 1108 1039 1328
2482 2 2 2 2 1269 1197 1270
2483 2 2 2 2 878 1280 1286
2484 2 2 2 2 1043 1193 1308
2485 2 2 2 2 1137 794 1356
2486 2 2 2 2 952 1264 1272
2487 2 2 2 2 1044 1108 1330
2488 2 2 2 2 1042 1198 1304
2489 2 2 2 2 997 1262 1265
2490 2 2 2 2 1304 1198 1306
2491 2 2 2 2 1113 1046 1330
2492 2 2 2 2 1198 1043 1306
2493 2 2 2 2 1157 1155 1273
2494 2 2 2 2 1189 1042 1301
2495 2 2 2 2 1306 1043 1308
2496 2 2 2 2 1340 814 1365
2497 2 2 2 2 881 1297 1300
2498 2 2 2 2 954 952 1272
2499 2 2 2 2 1301 1042 1304
2500 2 2 2 2 878 1269 1270
2501 2 2 2 2 1079 1238 1277
2502 2 2 2 2 1236 1250 1254
2503 2 2 2 2 1020 1018 1274
2504 2 2 2 2 1052 989 1271
2505 2 2 2 2 846 1270 1297
2506 2 2 2 2 996 1265 1281
2507 2 2 2 2 1241 1087 1279
2508 2 2 2 2 1267 888 1275
2509 2 2 2 2 26 27 1333
2510 2 2 2 2 1167 1281 1287
2511 2 2 2 2 1070 1250 1263
2512 2 2 2 2 1167 996 1281
2513 2 2 2 2 1160 783 1284
2514 2 2 2 2 783 181 1345
2515 2 2 2 2 1250 1070 1254
2516 2 2 2 2 1117 987 1325
2517 2 2 2 2 1270 1197 1297
2518 2 2 2 2 1273 890 1278
2519 2 2 2 2 1229 1071 1325
2520 2 2 2 2 890 839 1278
2521 2 2 2 2 1203 1204 1282
2522 2 2 2 2 103 104 1283
2523 2 2 2 2 842 840 1280
2524 2 2 2 2 1176 1266 1305
2525 2 2 2 2 881 1300 1301
2526 2 2 2 2 1158 1267 1275
2527 2 2 2 2 1117 1325 1335
2528 2 2 2 2 1032 1164 1291
2529 2 2 2 2 998 1167 1287
2530 2 2 2 2 1210 1209 1286
2531 2 2 2 2 1262 880 1265
2532 2 2 2 2 1097 1065 1288
2533 2 2 2 2 999 1000 1285
2534 2 2 2 2 1081 1079 1277
2535 2 2 2 2 1024 1022 1289
2536 2 2 2 2 1087 1089 1279
2537 2 2 2 2 958 956 1290
2538 2 2 2 2 888 1216 1291
2539 2 2 2 2 1171 1032 1293
2540 2 2 2 2 998 1287 1292
2541 2 2 2 2 1032 1291 1293
2542 2 2 2 2 1113 1327 1335
2543 2 2 2 2 1291 1216 1293
2544 2 2 2 2 1172 998 1292
2545 2 2 2 2 1216 905 1293
2546 2 2 2 2 1172 1292 1299
2547 2 2 2 2 1293 905 1296
2548 2 2 2 2 105 106 1294
2549 2 2 2 2 1266 879 1305
2550 2 2 2 2 1171 1293 1296
2551 2 2 2 2 781 1191 1298
2552 2 2 2 2 905 1213 1296
2553 2 2 2 2 1033 1171 1296
2554 2 2 2 2 1175 1172 1299
2555 2 2 2 2 848 846 1297
2556 2 2 2 2 1197 1196 1300
2557 2 2 2 2 1003 1005 1295
2558 2 2 2 2 1177 1033 1307
2559 2 2 2 2 987 1258 1325
2560 2 2 2 2 901 1152 1302
2561 2 2 2 2 1342 783 1345
2562 2 2 2 2 1214 881 1301
2563 2 2 2 2 882 862 1303
2564 2 2 2 2 1295 1035 1302
2565 2 2 2 2 1249 1097 1314
2566 2 2 2 2 1296 1213 1307
2567 2 2 2 2 904 1304 1306
2568 2 2 2 2 1193 991 1305
2569 2 2 2 2 1319 886 1321
2570 2 2 2 2 938 1149 1337
2571 2 2 2 2 1280 1210 1286
2572 2 2 2 2 904 1214 1304
2573 2 2 2 2 1033 1296 1307
2574 2 2 2 2 1211 904 1306
2575 2 2 2 2 1214 1301 1304
2576 2 2 2 2 1183 1034 1309
2577 2 2 2 2 1184 1319 1321
2578 2 2 2 2 1213 893 1307
2579 2 2 2 2 879 1211 1308
2580 2 2 2 2 1028 1026 1310
2581 2 2 2 2 1211 1306 1308
2582 2 2 2 2 1322 1048 1326
2583 2 2 2 2 889 1159 1316
2584 2 2 2 2 1276 999 1285
2585 2 2 2 2 962 960 1311
2586 2 2 2 2 1179 1322 1326
2587 2 2 2 2 1309 893 1312
2588 2 2 2 2 1028 1310 1313
2589 2 2 2 2 889 1316 1322
2590 2 2 2 2 1184 1182 1319
2591 2 2 2 2 853 855 1312
2592 2 2 2 2 886 1194 1321
2593 2 2 2 2 1035 1178 1316
2594 2 2 2 2 788 1117 1335
2595 2 2 2 2 1299 882 1303
2596 2 2 2 2 1030 1028 1313
2597 2 2 2 2 805 1180 1317
2598 2 2 2 2 1279 1089 1318
2599 2 2 2 2 857 886 1315
2600 2 2 2 2 1195 1047 1324
2601 2 2 2 2 1195 1324 1326
2602 2 2 2 2 1048 1195 1326
2603 2 2 2 2 1179 889 1322
2604 2 2 2 2 1316 1178 1322
2605 2 2 2 2 1047 1184 1321
2606 2 2 2 2 108 109 1320
2607 2 2 2 2 1297 1197 1300
2608 2 2 2 2 966 964 1323
2609 2 2 2 2 1183 1315 1319
2610 2 2 2 2 1194 903 1324
2611 2 2 2 2 1178 1048 1322
2612 2 2 2 2 1324 903 1326
2613 2 2 2 2 903 1179 1326
2614 2 2 2 2 113 788 1327
2615 2 2 2 2 1089 1095 1318
2616 2 2 2 2 1258 1229 1325
2617 2 2 2 2 789 1165 1329
2618 2 2 2 2 1039 1037 1328
2619 2 2 2 2 1284 783 1342
2620 2 2 2 2 1321 1194 1324
2621 2 2 2 2 1047 1321 1324
2622 2 2 2 2 1046 1044 1330
2623 2 2 2 2 110 111 1331
2624 2 2 2 2 940 938 1337
2625 2 2 2 2 1271 968 1332
2626 2 2 2 2 186 187 1340
2627 2 2 2 2 154 155 1341
2628 2 2 2 2 1105 1063 1336
2629 2 2 2 2 1152 1295 1302
2630 2 2 2 2 1063 1240 1336
2631 2 2 2 2 796 26 1333
2632 2 2 2 2 1183 1309 1312
2633 2 2 2 2 1071 1113 1335
2634 2 2 2 2 1315 886 1319
2635 2 2 2 2 1050 1052 1342
2636 2 2 2 2 1052 1271 1332
2637 2 2 2 2 22 23 1343
2638 2 2 2 2 50 51 1344
2639 2 2 2 2 1143 1145 1338
2640 2 2 2 2 1073 1139 1351
2641 2 2 2 2 785 45 1346
2642 2 2 2 2 46 1225 1346
2643 2 2 2 2 1240 799 1336
2644 2 2 2 2 1052 1284 1342
2645 2 2 2 2 39 809 1347
2646 2 2 2 2 1145 1242 1338
2647 2 2 2 2 814 38 1347
2648 2 2 2 2 1112 1059 1349
2649 2 2 2 2 1109 1212 1364
2650 2 2 2 2 41 794 1348
2651 2 2 2 2 30 1102 1371
2652 2 2 2 2 809 40 1348
2653 2 2 2 2 982 940 1337
2654 2 2 2 2 1333 27 1352
2655 2 2 2 2 1102 1062 1350
2656 2 2 2 2 786 1350 1368
2657 2 2 2 2 1338 1092 1339
2658 2 2 2 2 1242 1092 1338
2659 2 2 2 2 1092 1110 1339
2660 2 2 2 2 1064 1114 1354
2661 2 2 2 2 812 186 1340
2662 2 2 2 2 155 813 1341
2663 2 2 2 2 1349 1073 1367
2664 2 2 2 2 1212 785 1364
2665 2 2 2 2 1344 816 1366
2666 2 2 2 2 28 786 1352
2667 2 2 2 2 1094 1088 1353
2668 2 2 2 2 808 1228 1353
2669 2 2 2 2 1065 1050 1342
2670 2 2 2 2 23 810 1343
2671 2 2 2 2 811 50 1344
2672 2 2 2 2 1124 1333 1352
2673 2 2 2 2 1062 1127 1350
2674 2 2 2 2 3 86 1359
2675 2 2 2 2 119 2 1360
2676 2 2 2 2 51 3 1359
2677 2 2 2 2 2 22 1360
2678 2 2 2 2 1122 1120 1355
2679 2 2 2 2 1065 1342 1345
2680 2 2 2 2 42 43 1356
2681 2 2 2 2 45 46 1346
2682 2 2 2 2 795 32 1357
2683 2 2 2 2 38 39 1347
2684 2 2 2 2 33 808 1357
2685 2 2 2 2 1288 1065 1345
2686 2 2 2 2 1137 1075 1370
2687 2 2 2 2 1059 1073 1349
2688 2 2 2 2 40 41 1348
2689 2 2 2 2 1078 1082 1372
2690 2 2 2 2 43 44 1361
2691 2 2 2 2 29 30 1371
2692 2 2 2 2 1102 30 1358
2693 2 2 2 2 187 6 1362
2694 2 2 2 2 5 154 1363
2695 2 2 2 2 6 37 1362
2696 2 2 2 2 36 5 1363
2697 2 2 2 2 1139 1072 1351
2698 2 2 2 2 785 1212 1361
2699 2 2 2 2 1212 1138 1361
2700 2 2 2 2 795 1101 1358
2701 2 2 2 2 1138 1137 1356
2702 2 2 2 2 809 1348 1372
2703 2 2 2 2 27 28 1352
2704 2 2 2 2 31 795 1358
2705 2 2 2 2 1348 794 1370
2706 2 2 2 2 1088 1086 1353
2707 2 2 2 2 1130 1064 1354
2708 2 2 2 2 30 31 1358
2709 2 2 2 2 1120 1130 1355
2710 2 2 2 2 1348 1077 1372
2711 2 2 2 2 794 42 1356
2712 2 2 2 2 32 33 1357
2713 2 2 2 2 1102 1350 1371
2714 2 2 2 2 1101 1102 1358
2715 2 2 2 2 1077 1348 1370
2716 2 2 2 2 1340 187 1362
2717 2 2 2 2 154 1341 1363
2718 2 2 2 2 797 1226 1367
2719 2 2 2 2 785 1346 1364
2720 2 2 2 2 1350 786 1371
2721 2 2 2 2 817 119 1360
2722 2 2 2 2 86 816 1359
2723 2 2 2 2 1073 1351 1367
2724 2 2 2 2 1112 1349 1366
2725 2 2 2 2 814 1347 1365
2726 2 2 2 2 1122 1355 1369
2727 2 2 2 2 44 785 1361
2728 2 2 2 2 1344 51 1359
2729 2 2 2 2 22 1343 1360
2730 2 2 2 2 1074 1109 1364
2731 2 2 2 2 1082 1224 1365
2732 2 2 2 2 1125 1124 1368
2733 2 2 2 2 814 1340 1362
2734 2 2 2 2 1341 815 1363
2735 2 2 2 2 37 814 1362
2736 2 2 2 2 815 36 1363
2737 2 2 2 2 1352 786 1368
2738 2 2 2 2 1075 1077 1370
2739 2 2 2 2 1077 1078 1372
2740 2 2 2 2 786 29 1371
2741 2 2 2 2 1351 797 1367
2742 2 2 2 2 1346 1074 1364
2743 2 2 2 2 1347 1082 1365
2744 2 2 2 2 796 1333 1369
2745 2 2 2 2 1343 817 1360
2746 2 2 2 2 816 1344 1359
2747 2 2 2 2 1349 811 1366
2748 2 2 2 2 811 1344 1366
2749 2 2 2 2 1124 1352 1368
2750 2 2 2 2 1355 796 1369
$EndElements
